[
    {
        "qid": "lsblx2nm",
        "question_number": 2,
        "question_value": {
            "text": "Choose the correct option for free expansion of an ideal gas under adiabatic condition from the following :",
            "img_url": null
        },
        "options": {
            "A": "$\\mathrm{q}=0, \\Delta \\mathrm{T}=0, \\mathrm{w}=0$",
            "B": "$\\mathrm{q}=0, \\Delta \\mathrm{T} \\neq 0, \\mathrm{w}=0$",
            "C": "$\\mathrm{q} \\neq 0, \\Delta \\mathrm{T}=0, \\mathrm{w}=0$",
            "D": "$\\mathrm{q}=0, \\Delta \\mathrm{T}<0, \\mathrm{w} \\neq 0$"
        },
        "type": "mcq",
        "correct_answer": 0.0
    },
    {
        "qid": "lsbm0609",
        "question_number": 3,
        "question_value": {
            "text": "Identify $A$ and $B$ in the following sequence of reaction",
            "img_url": "https://app-content.cdn.examgoal.net/fly/@width/image/6y3zli1lsbnpj81/99e33a99-ea39-4e94-ad27-dc68ee9713fc/03c28720-c5a5-11ee-b548-b72f0a3d41f6/file-6y3zli1lsbnpj82.png?format=png"
        },
        "options": {
            "A": {
                "text": null,
                "img_url": "https://app-content.cdn.examgoal.net/fly/@width/image/6y3zli1lsbnsow4/0694f837-a3e5-44f4-a87b-c0c7df0d1b1b/5b90dc40-c5a5-11ee-b548-b72f0a3d41f6/file-6y3zli1lsbnsow5.png?format=png"
            },
            "B": {
                "text": null,
                "img_url": "https://app-content.cdn.examgoal.net/fly/@width/image/6y3zli1lsbnslxf/2a03c961-baf0-4784-ac82-a1010c702d1b/5946c530-c5a5-11ee-b548-b72f0a3d41f6/file-6y3zli1lsbnslxg.png?format=png"
            },
            "C": {
                "text": null,
                "img_url": "https://app-content.cdn.examgoal.net/fly/@width/image/6y3zli1lsbnsj27/befffbb4-8d90-42e3-be21-7fdeb4f8fcaf/570fc0f0-c5a5-11ee-b548-b72f0a3d41f6/file-6y3zli1lsbnsj28.png?format=png"
            },
            "D": {
                "text": null,
                "img_url": "https://app-content.cdn.examgoal.net/fly/@width/image/6y3zli1lsbnsg67/cb80a7a2-609b-4318-aa5a-029bac3e0fed/54d476f0-c5a5-11ee-b548-b72f0a3d41f6/file-6y3zli1lsbnsg68.png?format=png"
            }
        },
        "type": "mcq",
        "correct_answer": 1.0
    },
    {
        "qid": "lsbm3yq7",
        "question_number": 4,
        "question_value": {
            "text": "Which of the following complex is homoleptic?",
            "img_url": null
        },
        "options": {
            "A": "$\\left[\\mathrm{Ni}\\left(\\mathrm{NH}_3\\right)_2 \\mathrm{Cl}_2\\right]$",
            "B": "$\\left[\\mathrm{Co}\\left(\\mathrm{NH}_3\\right)_4 \\mathrm{Cl}_2\\right]^{+}$",
            "C": "$\\left[\\mathrm{Fe}\\left(\\mathrm{NH}_3\\right)_4 \\mathrm{Cl}_2\\right]^{+}$",
            "D": "$\\left[\\mathrm{Ni}(\\mathrm{CN})_4\\right]^{2-}$"
        },
        "type": "mcq",
        "correct_answer": 3.0
    },
    {
        "qid": "lsbm5rqa",
        "question_number": 5,
        "question_value": {
            "text": "In Kjeldahl's method for estimation of nitrogen, $\\mathrm{CuSO}_4$ acts as :",
            "img_url": null
        },
        "options": {
            "A": "catalytic agent",
            "B": "hydrolysis agent",
            "C": "reducing agent",
            "D": "oxidising agent"
        },
        "type": "mcq",
        "correct_answer": 0.0
    },
    {
        "qid": "lsbm99de",
        "question_number": 7,
        "question_value": {
            "text": "In case of isoelectronic species the size of $\\mathrm{F}^{-}, \\mathrm{Ne}$ and $\\mathrm{Na}^{+}$is affected by :",
            "img_url": null
        },
        "options": {
            "A": "Nuclear charge $(\\mathrm{z})$",
            "B": "None of the factors because their size is the same",
            "C": "Electron-electron interaction in the outer orbitals",
            "D": "Principal quantum number (n)"
        },
        "type": "mcq",
        "correct_answer": 0.0
    },
    {
        "qid": "lsbmbcsm",
        "question_number": 9,
        "question_value": {
            "text": "Which of the following compound will most easily be attacked by an electrophile?",
            "img_url": null
        },
        "options": {
            "A": {
                "text": null,
                "img_url": "https://app-content.cdn.examgoal.net/fly/@width/image/6y3zli1lsbnxfte/dc7b30fb-b6a5-44bc-b824-5a3ef23b58d7/df99d320-c5a5-11ee-b548-b72f0a3d41f6/file-6y3zli1lsbnxftf.png?format=png"
            },
            "B": {
                "text": null,
                "img_url": "https://app-content.cdn.examgoal.net/fly/@width/image/6y3zli1lsbnxbwh/54e21d0d-8e3e-4dde-8bbd-3417cab11fff/dc93e620-c5a5-11ee-b548-b72f0a3d41f6/file-6y3zli1lsbnxbwi.png?format=png"
            },
            "C": {
                "text": null,
                "img_url": "https://app-content.cdn.examgoal.net/fly/@width/image/6y3zli1lsbnx7i2/224427ec-acac-4640-8422-e362ae553937/d92d89a0-c5a5-11ee-b548-b72f0a3d41f6/file-6y3zli1lsbnx7i3.png?format=png"
            },
            "D": {
                "text": null,
                "img_url": "https://app-content.cdn.examgoal.net/fly/@width/image/6y3zli1lsbnx3li/6363b852-d5ac-41bf-80b3-2f1632f68939/d6297160-c5a5-11ee-b548-b72f0a3d41f6/file-6y3zli1lsbnx3lj.png?format=png"
            }
        },
        "type": "mcq",
        "correct_answer": 1.0
    },
    {
        "qid": "lsbmfv5f",
        "question_number": 11,
        "question_value": {
            "text": "We have three aqueous solutions of $\\mathrm{NaCl}$ labelled as ' $\\mathrm{A}$ ', ' $\\mathrm{B}$ ' and ' $\\mathrm{C}$ ' with concentration $0.1 \\mathrm{M}$, $0.01 \\mathrm{M}$ and $0.001 \\mathrm{M}$, respectively. The value of van 't Hoff factor(i) for these solutions will be in the order :",
            "img_url": null
        },
        "options": {
            "A": "$\\mathrm{i}_{\\mathrm{A}}<\\mathrm{i}_{\\mathrm{C}}<\\mathrm{i}_{\\mathrm{B}}$",
            "B": "$\\mathrm{i}_{\\mathrm{A}}<\\mathrm{i}_{\\mathrm{B}}<\\mathrm{i}_{\\mathrm{C}}$",
            "C": "$\\mathrm{i}_{\\mathrm{A}}>\\mathrm{i}_{\\mathrm{B}}>\\mathrm{i}_{\\mathrm{C}}$",
            "D": "$\\mathrm{i}_{\\mathrm{A}}=\\mathrm{i}_{\\mathrm{B}}=\\mathrm{i}_{\\mathrm{C}}$"
        },
        "type": "mcq",
        "correct_answer": 1.0
    },
    {
        "qid": "lsbmiri2",
        "question_number": 13,
        "question_value": {
            "text": "According to the wave-particle duality of matter by de-Broglie, which of the following graph plot presents most appropriate relationship between wavelength of electron $(\\lambda)$ and momentum of electron $(p)$ ?",
            "img_url": null
        },
        "options": {
            "A": {
                "text": null,
                "img_url": "https://app-content.cdn.examgoal.net/fly/@width/image/6y3zli1lsbo2nnk/7651bc54-1fbc-42d5-917e-5fc78abd800c/70b38400-c5a6-11ee-b548-b72f0a3d41f6/file-6y3zli1lsbo2nnl.png?format=png"
            },
            "B": {
                "text": null,
                "img_url": "https://app-content.cdn.examgoal.net/fly/@width/image/6y3zli1lsbo2jjr/22d56199-e9ac-4a9c-bc31-dfab395703c3/6d879870-c5a6-11ee-b548-b72f0a3d41f6/file-6y3zli1lsbo2jjs.png?format=png"
            },
            "C": {
                "text": null,
                "img_url": "https://app-content.cdn.examgoal.net/fly/@width/image/6y3zli1lsbo2f9m/1d074461-2517-4ecf-9d4f-aa34f34fba5d/6a38e2a0-c5a6-11ee-b548-b72f0a3d41f6/file-6y3zli1lsbo2f9n.png?format=png"
            },
            "D": {
                "text": null,
                "img_url": "https://app-content.cdn.examgoal.net/fly/@width/image/6y3zli1lsbo2b1b/64dfd2ee-a9ae-46da-9cc9-84f7803d86e7/66f43ef0-c5a6-11ee-b548-b72f0a3d41f6/file-6y3zli1lsbo2b1c.png?format=png"
            }
        },
        "type": "mcq",
        "correct_answer": 3.0
    },
    {
        "qid": "lsbmnxvx",
        "question_number": 16,
        "question_value": {
            "text": "If one strand of a DNA has the sequence ATGCTTCA, sequence of the bases in complementary strand is :",
            "img_url": null
        },
        "options": {
            "A": "CATTAGCT",
            "B": "TACGAAGT",
            "C": "ATGCGACT",
            "D": "GTACTTAC"
        },
        "type": "mcq",
        "correct_answer": 1.0
    },
    {
        "qid": "lsbmpghu",
        "question_number": 17,
        "question_value": {
            "text": "In acidic medium, $\\mathrm{K}_2 \\mathrm{Cr}_2 \\mathrm{O}_7$ shows oxidising action as represented in the half reaction:$$\n\\mathrm{Cr}_2 \\mathrm{O}_7{ }^{2-}+\\mathrm{XH}^{+}+\\mathrm{Ye}^{\\ominus} \\rightarrow 2 \\mathrm{~A}+\\mathrm{ZH}_2 \\mathrm{O}\n$$$\\mathrm{X}, \\mathrm{Y}, \\mathrm{Z}$ and $\\mathrm{A}$ are respectively are :",
            "img_url": null
        },
        "options": {
            "A": "$14,7,6$ and $\\mathrm{Cr}^{3+}$",
            "B": "$14,6,7$ and $\\mathrm{Cr}^{3+}$",
            "C": "$8,4,6$ and $\\mathrm{Cr}_2 \\mathrm{O}_3$",
            "D": "$8,6,4$ and $\\mathrm{Cr}_2 \\mathrm{O}_3$"
        },
        "type": "mcq",
        "correct_answer": 1.0
    },
    {
        "qid": "lsbmwjmb",
        "question_number": 20,
        "question_value": {
            "text": "Arrange the bonds in order of increasing ionic character in the molecules. $\\mathrm{LiF}$, $\\mathrm{K}_2 \\mathrm{O}, \\mathrm{N}_2, \\mathrm{SO}_2$ and $\\mathrm{ClF}_3$ :",
            "img_url": null
        },
        "options": {
            "A": "$\\mathrm{N}_2<\\mathrm{SO}_2<\\mathrm{ClF}_3<\\mathrm{K}_2 \\mathrm{O}<\\mathrm{LiF}$",
            "B": "$\\mathrm{ClF}_3<\\mathrm{N}_2<\\mathrm{SO}_2<\\mathrm{K}_2 \\mathrm{O}<\\mathrm{LiF}$",
            "C": "$\\mathrm{LiF}<\\mathrm{K}_2 \\mathrm{O}<\\mathrm{ClF}_3<\\mathrm{SO}_2<\\mathrm{N}_2$",
            "D": "$\\mathrm{N}_2<\\mathrm{ClF}_3<\\mathrm{SO}_2<\\mathrm{K}_2 \\mathrm{O}<\\mathrm{LiF}$"
        },
        "type": "mcq",
        "correct_answer": 0.0
    },
    {
        "qid": "lsbmymu0",
        "question_number": 22,
        "question_value": {
            "text": "Total number of deactivating groups in aromatic electrophilic substitution reaction among the following is _______ .",
            "img_url": "https://app-content.cdn.examgoal.net/fly/@width/image/6y3zli1lsbonh9r/f2697db2-903e-4d0a-af2c-8419ee167a21/b3c31bf0-c5a8-11ee-b548-b72f0a3d41f6/file-6y3zli1lsbonh9s.png?format=png"
        },
        "options": {},
        "type": "numerical",
        "correct_answer": 2.0
    },
    {
        "qid": "lsbn0i1b",
        "question_number": 24,
        "question_value": {
            "text": "Among the following oxides of p-block elements, number of oxides having amphoteric nature is ________.$\\mathrm{Cl}_2 \\mathrm{O}_7, \\mathrm{CO}, \\mathrm{PbO}_2, \\mathrm{~N}_2 \\mathrm{O}, \\mathrm{NO}, \\mathrm{Al}_2 \\mathrm{O}_3, \\mathrm{SiO}_2, \\mathrm{~N}_2 \\mathrm{O}_5, \\mathrm{SnO}_2$",
            "img_url": null
        },
        "options": {},
        "type": "numerical",
        "correct_answer": 3.0
    },
    {
        "qid": "lsbn3ilu",
        "question_number": 27,
        "question_value": {
            "text": "The lowest oxidation number of an atom in a compound $\\mathrm{A}_2 \\mathrm{B}$ is -2 . The number of electrons in its valence shell is _______.",
            "img_url": null
        },
        "options": {},
        "type": "numerical",
        "correct_answer": 6.0
    },
    {
        "qid": "lsbn48lx",
        "question_number": 28,
        "question_value": {
            "text": "$\\mathrm{K}_{\\mathrm{a}}$ for $\\mathrm{CH}_3 \\mathrm{COOH}$ is $1.8 \\times 10^{-5}$ and $\\mathrm{K}_{\\mathrm{b}}$ for $\\mathrm{NH}_4 \\mathrm{OH}$ is $1.8 \\times 10^{-5}$. The $\\mathrm{pH}$ of ammonium acetate solution will be _________.",
            "img_url": null
        },
        "options": {},
        "type": "numerical",
        "correct_answer": 7.0
    },
    {
        "qid": "lsbn4uhh",
        "question_number": 29,
        "question_value": {
            "text": "Number of optical isomers possible for 2-chlorobutane ________.",
            "img_url": null
        },
        "options": {},
        "type": "numerical",
        "correct_answer": 2.0
    },
    {
        "qid": "lsbn7mjs",
        "question_number": 30,
        "question_value": {
            "text": "The ratio of $\\frac{{ }^{14} \\mathrm{C}}{{ }^{12} \\mathrm{C}}$ in a piece of wood is $\\frac{1}{8}$ part that of atmosphere. If half life of ${ }^{14} \\mathrm{C}$ is 5730 years, the age of wood sample is ________ years.",
            "img_url": null
        },
        "options": {},
        "type": "numerical",
        "correct_answer": 17190.0
    },
    {
        "qid": "lsao86jd",
        "question_number": 31,
        "question_value": {
            "text": "A bag contains 8 balls, whose colours are either white or black. 4 balls are drawn at random without replacement and it was found that 2 balls are white and other 2 balls are black. The probability that the bag contains equal number of white and black balls is :",
            "img_url": null
        },
        "options": {
            "A": "$\\frac{2}{5}$",
            "B": "$\\frac{2}{7}$",
            "C": "$\\frac{1}{7}$",
            "D": "$\\frac{1}{5}$"
        },
        "type": "mcq",
        "correct_answer": 1.0
    },
    {
        "qid": "lsao9n4x",
        "question_number": 32,
        "question_value": {
            "text": "The value of the integral $\\int\\limits_0^{\\pi / 4} \\frac{x \\mathrm{~d} x}{\\sin ^4(2 x)+\\cos ^4(2 x)}$ equals :",
            "img_url": null
        },
        "options": {
            "A": "$\\frac{\\sqrt{2} \\pi^2}{8}$",
            "B": "$\\frac{\\sqrt{2} \\pi^2}{16}$",
            "C": "$\\frac{\\sqrt{2} \\pi^2}{32}$",
            "D": "$\\frac{\\sqrt{2} \\pi^2}{64}$"
        },
        "type": "mcq",
        "correct_answer": 2.0
    },
    {
        "qid": "lsaob5vy",
        "question_number": 33,
        "question_value": {
            "text": "If $\\mathrm{A}=\\left[\\begin{array}{cc}\\sqrt{2} & 1 \\\\ -1 & \\sqrt{2}\\end{array}\\right], \\mathrm{B}=\\left[\\begin{array}{ll}1 & 0 \\\\ 1 & 1\\end{array}\\right], \\mathrm{C}=\\mathrm{ABA}^{\\mathrm{T}}$ and $\\mathrm{X}=\\mathrm{A}^{\\mathrm{T}} \\mathrm{C}^2 \\mathrm{~A}$, then $\\operatorname{det} \\mathrm{X}$ is equal to :",
            "img_url": null
        },
        "options": {
            "A": "243",
            "B": "729",
            "C": "27",
            "D": "891"
        },
        "type": "mcq",
        "correct_answer": 1.0
    },
    {
        "qid": "lsaoelst",
        "question_number": 35,
        "question_value": {
            "text": "If $\\mathrm{n}$ is the number of ways five different employees can sit into four indistinguishable offices where any office may have any number of persons including zero, then $\\mathrm{n}$ is equal to :",
            "img_url": null
        },
        "options": {
            "A": "47",
            "B": "53",
            "C": "51",
            "D": "43"
        },
        "type": "mcq",
        "correct_answer": 2.0
    },
    {
        "qid": "lsaognvr",
        "question_number": 36,
        "question_value": {
            "text": "Let $\\mathrm{S}=|\\mathrm{z} \\in \\mathrm{C}:| z-1 \\mid=1$ and $(\\sqrt{2}-1)(z+\\bar{z})-i(z-\\bar{z})=2 \\sqrt{2} \\mid$. Let $z_1, z_2 \\in \\mathrm{S}$ be such that $\\left|z_1\\right|=\\max\\limits_{z \\in s}|z|$ and $\\left|z_2\\right|=\\min\\limits _{z \\in S}|z|$. Then $\\left|\\sqrt{2} z_1-z_2\\right|^2$ equals :",
            "img_url": null
        },
        "options": {
            "A": "1",
            "B": "4",
            "C": "3",
            "D": "2"
        },
        "type": "mcq",
        "correct_answer": 3.0
    },
    {
        "qid": "lsaohwm3",
        "question_number": 37,
        "question_value": {
            "text": "Let the median and the mean deviation about the median of 7 observation $170,125,230,190,210$, a, b be 170 and $\\frac{205}{7}$ respectively. Then the mean deviation about the mean of these 7 observations is :",
            "img_url": null
        },
        "options": {
            "A": "31",
            "B": "28",
            "C": "30",
            "D": "32"
        },
        "type": "mcq",
        "correct_answer": 2.0
    },
    {
        "qid": "lsaojnb9",
        "question_number": 38,
        "question_value": {
            "text": "Let $\\overrightarrow{\\mathrm{a}}=-5 \\hat{i}+\\hat{j}-3 \\hat{k}, \\overrightarrow{\\mathrm{b}}=\\hat{i}+2 \\hat{j}-4 \\hat{k}$ and$\\overrightarrow{\\mathrm{c}}=(((\\overrightarrow{\\mathrm{a}} \\times \\overrightarrow{\\mathrm{b}}) \\times \\hat{i}) \\times \\hat{i}) \\times \\hat{i}$. Then $\\vec{c} \\cdot(-\\hat{i}+\\hat{j}+\\hat{k})$ is equal to :",
            "img_url": null
        },
        "options": {
            "A": "-12",
            "B": "-10",
            "C": "-13",
            "D": "-15"
        },
        "type": "mcq",
        "correct_answer": 0.0
    },
    {
        "qid": "lsaolop2",
        "question_number": 39,
        "question_value": {
            "text": "Let $\\mathbf{S}=\\left\\{x \\in \\mathbf{R}:(\\sqrt{3}+\\sqrt{2})^x+(\\sqrt{3}-\\sqrt{2})^x=10\\right\\}$. Then the number of elements in $\\mathrm{S}$ is :",
            "img_url": null
        },
        "options": {
            "A": "4",
            "B": "0",
            "C": "2",
            "D": "1"
        },
        "type": "mcq",
        "correct_answer": 2.0
    },
    {
        "qid": "lsaonhys",
        "question_number": 40,
        "question_value": {
            "text": "The area enclosed by the curves $x y+4 y=16$ and $x+y=6$ is equal to :",
            "img_url": null
        },
        "options": {
            "A": "$28-30 \\log _{\\mathrm{e}} 2$",
            "B": "$30-28 \\log _{\\mathrm{e}} 2$",
            "C": "$30-32 \\log _{\\mathrm{e}} 2$",
            "D": "$32-30 \\log _{\\mathrm{e}} 2$"
        },
        "type": "mcq",
        "correct_answer": 2.0
    },
    {
        "qid": "lsapbol9",
        "question_number": 46,
        "question_value": {
            "text": "Let $\\frac{x^2}{a^2}+\\frac{y^2}{b^2}=1, \\mathrm{a}>\\mathrm{b}$ be an ellipse, whose eccentricity is $\\frac{1}{\\sqrt{2}}$ and the length of the latusrectum is $\\sqrt{14}$. Then the square of the eccentricity of $\\frac{x^2}{a^2}-\\frac{y^2}{b^2}=1$ is :",
            "img_url": null
        },
        "options": {
            "A": "3",
            "B": "$${7 \\over 2}$$",
            "C": "$${3 \\over 2}$$",
            "D": "$${5 \\over 2}$$"
        },
        "type": "mcq",
        "correct_answer": 2.0
    },
    {
        "qid": "lsappvw8",
        "question_number": 47,
        "question_value": {
            "text": "Let $3, a, b, c$ be in A.P. and $3, a-1, b+1, c+9$ be in G.P. Then, the arithmetic mean of $a, b$ and $c$ is :",
            "img_url": null
        },
        "options": {
            "A": "-4",
            "B": "-1",
            "C": "13",
            "D": "11"
        },
        "type": "mcq",
        "correct_answer": 3.0
    },
    {
        "qid": "lsapr1j6",
        "question_number": 48,
        "question_value": {
            "text": "Let $C: x^2+y^2=4$ and $C^{\\prime}: x^2+y^2-4 \\lambda x+9=0$ be two circles. If the set of all values of $\\lambda$ so that the circles $\\mathrm{C}$ and $\\mathrm{C}$ intersect at two distinct points, is $\\mathrm{R}-[\\mathrm{a}, \\mathrm{b}]$, then the point $(8 \\mathrm{a}+12,16 \\mathrm{~b}-20)$ lies on the curve :",
            "img_url": null
        },
        "options": {
            "A": "$x^2+2 y^2-5 x+6 y=3$",
            "B": "$5 x^2-y=-11$",
            "C": "$x^2-4 y^2=7$",
            "D": "$6 x^2+y^2=42$"
        },
        "type": "mcq",
        "correct_answer": 3.0
    },
    {
        "qid": "lsaps6wb",
        "question_number": 49,
        "question_value": {
            "text": "If $5 f(x)+4 f\\left(\\frac{1}{x}\\right)=x^2-2, \\forall x \\neq 0$ and $y=9 x^2 f(x)$, then $y$ is strictly increasing in :",
            "img_url": null
        },
        "options": {
            "A": "$\\left(0, \\frac{1}{\\sqrt{5}}\\right) \\cup\\left(\\frac{1}{\\sqrt{5}}, \\infty\\right)$",
            "B": "$\\left(-\\frac{1}{\\sqrt{5}}, 0\\right) \\cup\\left(\\frac{1}{\\sqrt{5}}, \\infty\\right)$",
            "C": "$\\left(-\\frac{1}{\\sqrt{5}}, 0\\right) \\cup\\left(0, \\frac{1}{\\sqrt{5}}\\right)$",
            "D": "$\\left(-\\infty, \\frac{1}{\\sqrt{5}}\\right) \\cup\\left(0, \\frac{1}{\\sqrt{5}}\\right)$"
        },
        "type": "mcq",
        "correct_answer": 1.0
    },
    {
        "qid": "lsapuxwg",
        "question_number": 51,
        "question_value": {
            "text": "If $x=x(t)$ is the solution of the differential equation $(t+1) \\mathrm{d} x=\\left(2 x+(t+1)^4\\right) \\mathrm{dt}, x(0)=2$, then, $x(1)$ equals _________.",
            "img_url": null
        },
        "options": {},
        "type": "numerical",
        "correct_answer": 14.0
    },
    {
        "qid": "lsapvsz6",
        "question_number": 52,
        "question_value": {
            "text": "The number of elements in the set $\\mathrm{S}=\\{(x, y, z): x, y, z \\in \\mathbf{Z}, x+2 y+3 z=42, x, y, z \\geqslant 0\\}$ equals __________.",
            "img_url": null
        },
        "options": {},
        "type": "numerical",
        "correct_answer": 169.0
    },
    {
        "qid": "lsapwdnz",
        "question_number": 53,
        "question_value": {
            "text": "If the Coefficient of $x^{30}$ in the expansion of $\\left(1+\\frac{1}{x}\\right)^6\\left(1+x^2\\right)^7\\left(1-x^3\\right)^8 ; x \\neq 0$ is $\\alpha$, then $|\\alpha|$ equals ___________.",
            "img_url": null
        },
        "options": {},
        "type": "numerical",
        "correct_answer": 678.0
    },
    {
        "qid": "lsapy2m8",
        "question_number": 54,
        "question_value": {
            "text": "Let $3,7,11,15, \\ldots, 403$ and $2,5,8,11, \\ldots, 404$ be two arithmetic progressions. Then the sum, of the common terms in them, is equal to ___________.",
            "img_url": null
        },
        "options": {},
        "type": "numerical",
        "correct_answer": 6699.0
    },
    {
        "qid": "lsaq12m0",
        "question_number": 55,
        "question_value": {
            "text": "Let $\\{x\\}$ denote the fractional part of $x$ and $f(x)=\\frac{\\cos ^{-1}\\left(1-\\{x\\}^2\\right) \\sin ^{-1}(1-\\{x\\})}{\\{x\\}-\\{x\\}^3}, x \\neq 0$. If $\\mathrm{L}$ and $\\mathrm{R}$ respectively denotes the left hand limit and the right hand limit of $f(x)$ at $x=0$, then $\\frac{32}{\\pi^2}\\left(\\mathrm{~L}^2+\\mathrm{R}^2\\right)$ is equal to ___________.",
            "img_url": null
        },
        "options": {},
        "type": "numerical",
        "correct_answer": 18.0
    },
    {
        "qid": "lsaq1mxh",
        "question_number": 56,
        "question_value": {
            "text": "Let the line $\\mathrm{L}: \\sqrt{2} x+y=\\alpha$ pass through the point of the intersection $\\mathrm{P}$ (in the first quadrant) of the circle $x^2+y^2=3$ and the parabola $x^2=2 y$. Let the line $\\mathrm{L}$ touch two circles $\\mathrm{C}_1$ and $\\mathrm{C}_2$ of equal radius $2 \\sqrt{3}$. If the centres $Q_1$ and $Q_2$ of the circles $C_1$ and $C_2$ lie on the $y$-axis, then the square of the area of the triangle $\\mathrm{PQ}_1 \\mathrm{Q}_2$ is equal to ___________.",
            "img_url": null
        },
        "options": {},
        "type": "numerical",
        "correct_answer": 72.0
    },
    {
        "qid": "lsaq2wp0",
        "question_number": 57,
        "question_value": {
            "text": "Let $\\mathrm{P}=\\{\\mathrm{z} \\in \\mathbb{C}:|z+2-3 i| \\leq 1\\}$ and $\\mathrm{Q}=\\{\\mathrm{z} \\in \\mathbb{C}: z(1+i)+\\bar{z}(1-i) \\leq-8\\}$. Let in $\\mathrm{P} \\cap \\mathrm{Q}$, $|z-3+2 i|$ be maximum and minimum at $z_1$ and $z_2$ respectively. If $\\left|z_1\\right|^2+2\\left|z_2\\right|^2=\\alpha+\\beta \\sqrt{2}$, where $\\alpha, \\beta$ are integers, then $\\alpha+\\beta$ equals _____________.",
            "img_url": null
        },
        "options": {},
        "type": "numerical",
        "correct_answer": 36.0
    },
    {
        "qid": "lsaq6l6n",
        "question_number": 58,
        "question_value": {
            "text": "If $\\int\\limits_{-\\pi / 2}^{\\pi / 2} \\frac{8 \\sqrt{2} \\cos x \\mathrm{~d} x}{\\left(1+\\mathrm{e}^{\\sin x}\\right)\\left(1+\\sin ^4 x\\right)}=\\alpha \\pi+\\beta \\log _{\\mathrm{e}}(3+2 \\sqrt{2})$, where $\\alpha, \\beta$ are integers, then $\\alpha^2+\\beta^2$ equals :",
            "img_url": null
        },
        "options": {},
        "type": "numerical",
        "correct_answer": 8.0
    },
    {
        "qid": "lsbkj8ah",
        "question_number": 61,
        "question_value": {
            "text": "Consider a block and trolley system as shown in figure. If the coefficient of kinetic friction between the trolley and the surface is 0.04 , the acceleration of the system in $\\mathrm{ms}^{-2}$ is :(Consider that the string is massless and unstretchable and the pulley is also massless and frictionless) :",
            "img_url": "https://app-content.cdn.examgoal.net/fly/@width/image/6y3zli1lsbnjxzt/77cd3c01-cb11-4d31-8c55-5ecc67830023/6850ac90-c5a4-11ee-9a31-4ff8d3b54e89/file-6y3zli1lsbnjxzu.png?format=png"
        },
        "options": {
            "A": "1.2",
            "B": "4",
            "C": "3",
            "D": "2"
        },
        "type": "mcq",
        "correct_answer": 3.0
    },
    {
        "qid": "lsbkkgb5",
        "question_number": 62,
        "question_value": {
            "text": "If $\\mathrm{R}$ is the radius of the earth and the acceleration due to gravity on the surface of earth is $g=\\pi^2 \\mathrm{~m} / \\mathrm{s}^2$, then the length of the second's pendulum at a height $\\mathrm{h}=2 R$ from the surface of earth will be, :",
            "img_url": null
        },
        "options": {
            "A": "$\\frac{1}{9} \\mathrm{~m}$",
            "B": "$\\frac{8}{9} \\mathrm{~m}$",
            "C": "$\\frac{2}{9} \\mathrm{~m}$",
            "D": "$\\frac{4}{9} \\mathrm{~m}$"
        },
        "type": "mcq",
        "correct_answer": 0.0
    },
    {
        "qid": "lsbkltkk",
        "question_number": 63,
        "question_value": {
            "text": "10 divisions on the main scale of a Vernier calliper coincide with 11 divisions on the Vernier scale. If each division on the main scale is of 5 units, the least count of the instrument is :",
            "img_url": null
        },
        "options": {
            "A": "$\\frac{5}{11}$",
            "B": "$\\frac{10}{11}$",
            "C": "$\\frac{50}{11}$",
            "D": "$\\frac{1}{2}$"
        },
        "type": "mcq",
        "correct_answer": 0.0
    },
    {
        "qid": "lsbkmth3",
        "question_number": 64,
        "question_value": {
            "text": "Two moles a monoatomic gas is mixed with six moles of a diatomic gas. The molar specific heat of the mixture at constant volume is :",
            "img_url": null
        },
        "options": {
            "A": "$\\frac{3}{2} \\mathrm{R}$",
            "B": "$\\frac{7}{4} \\mathrm{R}$",
            "C": "$\\frac{5}{2} \\mathrm{R}$",
            "D": "$\\frac{9}{4} \\mathrm{R}$"
        },
        "type": "mcq",
        "correct_answer": 3.0
    },
    {
        "qid": "lsbknus1",
        "question_number": 65,
        "question_value": {
            "text": "The dimensional formula of angular impulse is :",
            "img_url": null
        },
        "options": {
            "A": "$\\left[\\mathrm{M} \\mathrm{L}^2 \\mathrm{~T}^{-2}\\right]$",
            "B": "$\\left[\\mathrm{M} \\mathrm{L}^{-2} \\mathrm{~T}^{-1}\\right]$",
            "C": "$\\left[\\mathrm{M} \\mathrm{L}^2 \\mathrm{~T}^{-1}\\right]$",
            "D": "$\\left[\\mathrm{M} \\mathrm{L} \\mathrm{T}^{-1}\\right]$"
        },
        "type": "mcq",
        "correct_answer": 2.0
    },
    {
        "qid": "lsbkrtgp",
        "question_number": 66,
        "question_value": {
            "text": "A monochromatic light of wavelength $6000 ~\\mathring{A}$ is incident on the single slit of width $0.01 \\mathrm{~mm}$. If the diffraction pattern is formed at the focus of the convex lens of focal length $20 \\mathrm{~cm}$, the linear width of the central maximum is :",
            "img_url": null
        },
        "options": {
            "A": "$12 \\mathrm{~mm}$",
            "B": "$24 \\mathrm{~mm}$",
            "C": "$60 \\mathrm{~mm}$",
            "D": "$120 \\mathrm{~mm}$"
        },
        "type": "mcq",
        "correct_answer": 1.0
    },
    {
        "qid": "lsbkstf7",
        "question_number": 67,
        "question_value": {
            "text": "A ball of mass $0.5 \\mathrm{~kg}$ is attached to a string of length $50 \\mathrm{~cm}$. The ball is rotated on a horizontal circular path about its vertical axis. The maximum tension that the string can bear is $400 \\mathrm{~N}$. The maximum possible value of angular velocity of the ball in $\\mathrm{rad} / \\mathrm{s}$ is, :",
            "img_url": null
        },
        "options": {
            "A": "1600",
            "B": "20",
            "C": "40",
            "D": "1000"
        },
        "type": "mcq",
        "correct_answer": 2.0
    },
    {
        "qid": "lsbktzxv",
        "question_number": 68,
        "question_value": {
            "text": "The reading in the ideal voltmeter $(\\mathrm{V})$ shown in the given circuit diagram is :",
            "img_url": "https://app-content.cdn.examgoal.net/fly/@width/image/6y3zli1lsbnlp5s/4bf8b3d8-3833-41ca-bf3a-9e87ce6c0e01/991bd2f0-c5a4-11ee-b548-b72f0a3d41f6/file-6y3zli1lsbnlp5t.png?format=png"
        },
        "options": {
            "A": "$3 \\mathrm{~V}$",
            "B": "$10 \\mathrm{~V}$",
            "C": "$5 \\mathrm{~V}$",
            "D": "$0 \\mathrm{~V}$"
        },
        "type": "mcq",
        "correct_answer": 3.0
    },
    {
        "qid": "lsbkwr5w",
        "question_number": 69,
        "question_value": {
            "text": "A galvanometer has a resistance of $50 ~\\Omega$ and it allows maximum current of $5 \\mathrm{~mA}$. It can be converted into voltmeter to measure upto $100 \\mathrm{~V}$ by connecting in series a resistor of resistance :",
            "img_url": null
        },
        "options": {
            "A": "$19500 \\Omega$",
            "B": "$5975 \\Omega$",
            "C": "$20050 \\Omega$",
            "D": "$19950 \\Omega$"
        },
        "type": "mcq",
        "correct_answer": 3.0
    },
    {
        "qid": "lsbkxrye",
        "question_number": 70,
        "question_value": {
            "text": "The minimum energy required by a hydrogen atom in ground state to emit radiation in Balmer series is nearly :",
            "img_url": null
        },
        "options": {
            "A": "$13.6 \\mathrm{eV}$",
            "B": "$1.5 \\mathrm{eV}$",
            "C": "$12.1 \\mathrm{eV}$",
            "D": "$1.9 \\mathrm{eV}$"
        },
        "type": "mcq",
        "correct_answer": 2.0
    },
    {
        "qid": "lsbl0864",
        "question_number": 71,
        "question_value": {
            "text": "A parallel plate capacitor has a capacitance $\\mathrm{C}=200~ \\mathrm{pF}$. It is connected to $230 \\mathrm{~V}$ ac supply with an angular frequency $300~ \\mathrm{rad} / \\mathrm{s}$. The rms value of conduction current in the circuit and displacement current in the capacitor respectively are :",
            "img_url": null
        },
        "options": {
            "A": "$14.3 ~\\mu \\mathrm{A}$ and $143 ~\\mu \\mathrm{A}$",
            "B": "$13.8 ~\\mu \\mathrm{A}$ and $13.8 ~\\mu \\mathrm{A}$",
            "C": "$13.8 ~\\mu \\mathrm{A}$ and $138 ~\\mu \\mathrm{A}$",
            "D": "$1.38 ~\\mu \\mathrm{A}$ and $1.38 ~\\mu \\mathrm{A}$"
        },
        "type": "mcq",
        "correct_answer": 1.0
    },
    {
        "qid": "lsbl1egu",
        "question_number": 72,
        "question_value": {
            "text": "The de Broglie wavelengths of a proton and an $\\alpha$ particle are $\\lambda$ and $2 \\lambda$ respectively. The ratio of the velocities of proton and $\\alpha$ particle will be :",
            "img_url": null
        },
        "options": {
            "A": "$8: 1$",
            "B": "$1: 2$",
            "C": "$1: 8$",
            "D": "$4: 1$"
        },
        "type": "mcq",
        "correct_answer": 0.0
    },
    {
        "qid": "lsbl30sw",
        "question_number": 73,
        "question_value": {
            "text": "The radius $(\\mathrm{r})$, length $(l)$ and resistance $(\\mathrm{R})$ of a metal wire was measured in the laboratory as$$\n\\begin{aligned}\n& \\mathrm{r}=(0.35 \\pm 0.05) ~\\mathrm{cm} \\\\\\\\\n& \\mathrm{R}=(100 \\pm 10) ~\\mathrm{ohm} \\\\\\\\\n& l=(15 \\pm 0.2)~ \\mathrm{cm}\n\\end{aligned}\n$$The percentage error in resistivity of the material of the wire is :",
            "img_url": null
        },
        "options": {
            "A": "$37.3 \\%$",
            "B": "$25.6 \\%$",
            "C": "$35.6 \\%$",
            "D": "$39.9 \\%$"
        },
        "type": "mcq",
        "correct_answer": 3.0
    },
    {
        "qid": "lsbl4bgb",
        "question_number": 74,
        "question_value": {
            "text": "Two identical capacitors have same capacitance $C$. One of them is charged to the potential $V$ and other to the potential $2 \\mathrm{~V}$. The negative ends of both are connected together. When the positive ends are also joined together, the decrease in energy of the combined system is :",
            "img_url": null
        },
        "options": {
            "A": "$\\frac{1}{4} \\mathrm{CV}^2$",
            "B": "$\\frac{3}{4} \\mathrm{CV}^2$",
            "C": "$\\frac{1}{2} \\mathrm{CV}^2$",
            "D": "$2 \\mathrm{CV}^2$"
        },
        "type": "mcq",
        "correct_answer": 0.0
    },
    {
        "qid": "lsbl5lz1",
        "question_number": 75,
        "question_value": {
            "text": "A simple pendulum of length $1 \\mathrm{~m}$ has a wooden bob of mass $1 \\mathrm{~kg}$. It is struck by a bullet of mass $10^{-2} \\mathrm{~kg}$ moving with a speed of $2 \\times 10^2 \\mathrm{~ms}^{-1}$. The bullet gets embedded into the bob. The height to which the bob rises before swinging back is. (use $\\mathrm{g}=10 \\mathrm{~m} / \\mathrm{s}^2$ )",
            "img_url": null
        },
        "options": {
            "A": "$0.20 \\mathrm{~m}$",
            "B": "$0.40 \\mathrm{~m}$",
            "C": "$0.30 \\mathrm{~m}$",
            "D": "$0.35 \\mathrm{~m}$"
        },
        "type": "mcq",
        "correct_answer": 0.0
    },
    {
        "qid": "lsbl72nk",
        "question_number": 76,
        "question_value": {
            "text": "The pressure and volume of an ideal gas are related as $\\mathrm{PV}^{\\frac{3}{2}}=\\mathrm{K}$ (Constant). The work done when the gas is taken from state $A\\left(P_1, V_1, T_1\\right)$ to state $B\\left(P_2, V_2, T_2\\right)$ is :",
            "img_url": null
        },
        "options": {
            "A": "$2\\left(\\mathrm{P}_2 \\sqrt{\\mathrm{V}_2}-\\mathrm{P}_1 \\sqrt{\\mathrm{V}_1}\\right)$",
            "B": "$2\\left(\\sqrt{\\mathrm{P}_1} \\mathrm{~V}_1-\\sqrt{\\mathrm{P}_2} \\mathrm{~V}_2\\right)$",
            "C": "$2\\left(\\mathrm{P}_2 \\mathrm{~V}_2-\\mathrm{P}_1 \\mathrm{~V}_1\\right)$",
            "D": "$2\\left(\\mathrm{P}_1 \\mathrm{~V}_1-\\mathrm{P}_2 \\mathrm{~V}_2\\right)$"
        },
        "type": "mcq",
        "correct_answer": 3.0
    },
    {
        "qid": "lsbl8966",
        "question_number": 77,
        "question_value": {
            "text": "In series LCR circuit, the capacitance is changed from $C$ to $4 C$. To keep the resonance frequency unchanged, the new inductance should be:",
            "img_url": null
        },
        "options": {
            "A": "increased by $2 \\mathrm{~L}$",
            "B": "reduced by $\\frac{1}{4} \\mathrm{~L}$",
            "C": "reduced by $\\frac{3}{4} \\mathrm{~L}$",
            "D": "increased to $4 \\mathrm{~L}$"
        },
        "type": "mcq",
        "correct_answer": 2.0
    },
    {
        "qid": "lsbla2py",
        "question_number": 78,
        "question_value": {
            "text": "A particle moving in a circle of radius $\\mathrm{R}$ with uniform speed takes time $\\mathrm{T}$ to complete one revolution.If this particle is projected with the same speed at an angle $\\theta$ to the horizontal, the maximum height attained by it is equal to $4 R$. The angle of projection $\\theta$ is then given by :",
            "img_url": null
        },
        "options": {
            "A": "$\\sin ^{-1}\\left[\\frac{2 \\mathrm{gT}^2}{\\pi^2 \\mathrm{R}}\\right]^{\\frac{1}{2}}$",
            "B": "$\\sin ^{-1}\\left[\\frac{\\pi^2 \\mathrm{R}}{2 \\mathrm{gT}^2}\\right]^{\\frac{1}{2}}$",
            "C": "$\\cos ^{-1}\\left[\\frac{\\pi \\mathrm{R}}{2 \\mathrm{gT}^2}\\right]^{\\frac{1}{2}}$",
            "D": "$\\cos ^{-1}\\left[\\frac{2 \\mathrm{gT}^2}{\\pi^2 \\mathrm{R}}\\right]^{\\frac{1}{2}}$"
        },
        "type": "mcq",
        "correct_answer": 0.0
    },
    {
        "qid": "lsblcutl",
        "question_number": 79,
        "question_value": {
            "text": "With rise in temperature, the Young's modulus of elasticity :",
            "img_url": null
        },
        "options": {
            "A": "changes erratically",
            "B": "increases",
            "C": "decreases",
            "D": "remains unchanged"
        },
        "type": "mcq",
        "correct_answer": 2.0
    },
    {
        "qid": "lsble8rg",
        "question_number": 80,
        "question_value": {
            "text": "In the given circuit if the power rating of Zener diode is $10 \\mathrm{~mW}$, the value of series resistance $R_s$ to regulate the input unregulated supply is :",
            "img_url": "https://app-content.cdn.examgoal.net/fly/@width/image/6y3zli1lsbnnbg9/ab98fbdb-cc04-4b1f-9f13-5ae886cefb95/c6233a90-c5a4-11ee-b548-b72f0a3d41f6/file-6y3zli1lsbnnbga.png?format=png"
        },
        "options": {
            "A": "$10 \\mathrm{k} \\Omega$",
            "B": "$10 \\Omega$",
            "C": "$1 \\mathrm{k} \\Omega$",
            "D": "${3\\over7} \\mathrm{k} \\Omega$"
        },
        "type": "mcq",
        "correct_answer": 3.0
    },
    {
        "qid": "lsblf9zb",
        "question_number": 81,
        "question_value": {
            "text": "A rectangular loop of sides $12 \\mathrm{~cm}$ and $5 \\mathrm{~cm}$, with its sides parallel to the $x$-axis and $y$-axis respectively, moves with a velocity of $5 \\mathrm{~cm} / \\mathrm{s}$ in the positive $x$ axis direction, in a space containing a variable magnetic field in the positive $z$ direction. The field has a gradient of $10^{-3} \\mathrm{~T} / \\mathrm{cm}$ along the negative $x$ direction and it is decreasing with time at the rate of $10^{-3} \\mathrm{~T} / \\mathrm{s}$. If the resistance of the loop is $6 \\mathrm{~m} \\Omega$, the power dissipated by the loop as heat is __________ $\\times 10^{-9} \\mathrm{~W}$.",
            "img_url": null
        },
        "options": {},
        "type": "numerical",
        "correct_answer": 216.0
    },
    {
        "qid": "lsblgcp1",
        "question_number": 82,
        "question_value": {
            "text": "A plane is in level flight at constant speed and each of its two wings has an area of $40 \\mathrm{~m}^2$. If the speed of the air is $180 \\mathrm{~km} / \\mathrm{h}$ over the lower wing surface and $252 \\mathrm{~km} / \\mathrm{h}$ over the upper wing surface, the mass of the plane is ___________ kg.(Take air density to be $1 \\mathrm{~kg} \\mathrm{~m}^{-3}$ and $\\mathrm{g}=10 \\mathrm{~ms}^{-2}$ )",
            "img_url": null
        },
        "options": {},
        "type": "numerical",
        "correct_answer": 9600.0
    },
    {
        "qid": "lsblh7mf",
        "question_number": 83,
        "question_value": {
            "text": "Two identical charged spheres are suspended by strings of equal lengths. The strings make an angle $\\theta$ with each other. When suspended in water the angle remains the same. If density of the material of the sphere is $1.5 \\mathrm{~g} / \\mathrm{cc}$, the dielectric constant of water will be __________.(Take density of water $=1 \\mathrm{~g} / \\mathrm{cc}$ )",
            "img_url": null
        },
        "options": {},
        "type": "numerical",
        "correct_answer": 3.0
    },
    {
        "qid": "lsblif93",
        "question_number": 84,
        "question_value": {
            "text": "A particle is moving in one dimension (along $x$ axis) under the action of a variable force. It's initial position was $16 \\mathrm{~m}$ right of origin. The variation of its position $(x)$ with time $(t)$ is given as $x=-3 t^3+18 t^2+16 t$, where $x$ is in $\\mathrm{m}$ and $\\mathrm{t}$ is in $\\mathrm{s}$.The velocity of the particle when its acceleration becomes zero is _________ $\\mathrm{m} / \\mathrm{s}$.",
            "img_url": null
        },
        "options": {},
        "type": "numerical",
        "correct_answer": 52.0
    },
    {
        "qid": "lsbljadf",
        "question_number": 85,
        "question_value": {
            "text": "The radius of a nucleus of mass number 64 is 4.8 fermi. Then the mass number of another nucleus having radius of 4 fermi is $\\frac{1000}{x}$, where $x$ is _______.",
            "img_url": null
        },
        "options": {},
        "type": "numerical",
        "correct_answer": 27.0
    },
    {
        "qid": "lsbll9l4",
        "question_number": 87,
        "question_value": {
            "text": "The distance between object and its 3 times magnified virtual image as produced by a convex lens is $20 \\mathrm{~cm}$. The focal length of the lens used is __________ $\\mathrm{cm}$.",
            "img_url": null
        },
        "options": {},
        "type": "numerical",
        "correct_answer": 15.0
    },
    {
        "qid": "lsblm9u6",
        "question_number": 88,
        "question_value": {
            "text": "The identical spheres each of mass $2 \\mathrm{M}$ are placed at the corners of a right angled triangle with mutually perpendicular sides equal to $4 \\mathrm{~m}$ each. Taking point of intersection of these two sides as origin, the magnitude of position vector of the centre of mass of the system is $\\frac{4 \\sqrt{2}}{x}$, where the value of $x$ is ___________ .",
            "img_url": null
        },
        "options": {},
        "type": "numerical",
        "correct_answer": 3.0
    },
    {
        "qid": "lsblmve2",
        "question_number": 89,
        "question_value": {
            "text": "A tuning fork resonates with a sonometer wire of length $1 \\mathrm{~m}$ stretched with a tension of $6 \\mathrm{~N}$. When the tension in the wire is changed to $54 \\mathrm{~N}$, the same tuning fork produces 12 beats per second with it. The frequency of the tuning fork is ________________ $\\mathrm{Hz}$.",
            "img_url": null
        },
        "options": {},
        "type": "numerical",
        "correct_answer": 6.0
    },
    {
        "qid": "lsblnqwx",
        "question_number": 90,
        "question_value": {
            "text": "The current in a conductor is expressed as $I=3 t^2+4 t^3$, where $I$ is in Ampere and $t$ is in second. The amount of electric charge that flows through a section of the conductor during $t=1 \\mathrm{~s}$ to $t=2 \\mathrm{~s}$ is __________ C.",
            "img_url": null
        },
        "options": {},
        "type": "numerical",
        "correct_answer": 22.0
    }
]