[
    {
        "qid": "lsanxx7f",
        "question_number": 1,
        "question_value": {
            "text": "In the given reactions identify $A$ and $B$",
            "img_url": "https://app-content.cdn.examgoal.net/fly/@width/image/6y3zli1lsaqx4mt/3fe47b0b-eb9d-4bf4-bf34-b4f0d71b7483/c9b34e50-c524-11ee-94a9-d124b3795c4c/file-6y3zli1lsaqx4mu.png?format=png"
        },
        "options": {
            "A": "A : n-Pentane\u00a0\u00a0\u00a0\u00a0B : Cis - 2 - butene",
            "B": "A : 2-Pentyne\u00a0\u00a0\u00a0\u00a0\u00a0B : Cis-2-butene",
            "C": "A : n-Pentane\u00a0\u00a0\u00a0\u00a0\u00a0B : trans-2-butene",
            "D": "A : 2-Pentyne\u00a0\u00a0\u00a0\u00a0\u00a0\u00a0B : trans-2-butene"
        },
        "type": "mcq",
        "correct_answer": 3.0
    },
    {
        "qid": "lsanzb5m",
        "question_number": 2,
        "question_value": {
            "text": "Solubility of calcium phosphate (molecular mass, M) in water is $\\mathrm{W_{g}}$ per $100 \\mathrm{~mL}$ at $25^{\\circ} \\mathrm{C}$. Its solubility product at $25^{\\circ} \\mathrm{C}$ will be approximately.",
            "img_url": null
        },
        "options": {
            "A": "$10^7\\left(\\frac{W}{M}\\right)^3$",
            "B": "$10^3\\left(\\frac{\\mathrm{W}}{\\mathrm{M}}\\right)^5$",
            "C": "$10^7\\left(\\frac{W}{M}\\right)^5$",
            "D": "$10^5\\left(\\frac{\\mathrm{W}}{\\mathrm{M}}\\right)^5$"
        },
        "type": "mcq",
        "correct_answer": 2.0
    },
    {
        "qid": "lsaoaihn",
        "question_number": 4,
        "question_value": {
            "text": "The set of meta directing functional groups from the following sets is :",
            "img_url": null
        },
        "options": {
            "A": "$-\\mathrm{CN},-\\mathrm{NH}_2,-\\mathrm{NHR},-\\mathrm{OCH}_3$",
            "B": "$-\\mathrm{CN},-\\mathrm{CHO},-\\mathrm{NHCOCH}_3,-\\mathrm{COOR}$",
            "C": "$-\\mathrm{NO}_2,-\\mathrm{NH}_2,-\\mathrm{COOH},-\\mathrm{COOR} $",
            "D": "$-\\mathrm{NO}_2,-\\mathrm{CHO},-\\mathrm{SO}_3 \\mathrm{H},-\\mathrm{COR}$"
        },
        "type": "mcq",
        "correct_answer": 3.0
    },
    {
        "qid": "lsaobjj7",
        "question_number": 5,
        "question_value": {
            "text": "$\\left[\\mathrm{Co}\\left(\\mathrm{NH}_3\\right)_6\\right]^{3+}$ and $\\left[\\mathrm{CoF}_6\\right]^{3-}$ are respectively known as :",
            "img_url": null
        },
        "options": {
            "A": "Inner orbital Complex, Spin paired Complex",
            "B": "Spin paired Complex, Spin free Complex",
            "C": "Spin free Complex, Spin paired Complex",
            "D": "Outer orbital Complex, Inner orbital Complex"
        },
        "type": "mcq",
        "correct_answer": 1.0
    },
    {
        "qid": "lsaoc9af",
        "question_number": 6,
        "question_value": {
            "text": "The transition metal having highest $3^{\\text {rd }}$ ionisation enthalpy is :",
            "img_url": null
        },
        "options": {
            "A": "$\\mathrm{Mn}$",
            "B": "$\\mathrm{Fe}$",
            "C": "$\\mathrm{Cr}$",
            "D": "$V$"
        },
        "type": "mcq",
        "correct_answer": 0.0
    },
    {
        "qid": "lsaoomjj",
        "question_number": 11,
        "question_value": {
            "text": "Lassaigne's test is used for detection of :",
            "img_url": null
        },
        "options": {
            "A": "Phosphorous and halogens only",
            "B": "Nitrogen, Sulphur and Phosphorous only",
            "C": "Nitrogen, Sulphur, phosphorous and halogens",
            "D": "Nitrogen and Sulphur only"
        },
        "type": "mcq",
        "correct_answer": 2.0
    },
    {
        "qid": "lsaopfne",
        "question_number": 12,
        "question_value": {
            "text": "The strongest reducing agent among the following is :",
            "img_url": null
        },
        "options": {
            "A": "$\\mathrm{SbH}_3$",
            "B": "$\\mathrm{NH}_3$",
            "C": "$\\mathrm{BiH}_3$",
            "D": "$\\mathrm{PH}_3$"
        },
        "type": "mcq",
        "correct_answer": 2.0
    },
    {
        "qid": "lsaosqy9",
        "question_number": 14,
        "question_value": {
            "text": "The functional group that shows negative resonance effect is :",
            "img_url": null
        },
        "options": {
            "A": "$-\\mathrm{OH}$",
            "B": "$-\\mathrm{OR}$",
            "C": "$-\\mathrm{COOH}$",
            "D": "$-\\mathrm{NH}_2$"
        },
        "type": "mcq",
        "correct_answer": 2.0
    },
    {
        "qid": "lsaotnb3",
        "question_number": 15,
        "question_value": {
            "text": "The number of radial node/s for $3 p$ orbital is :",
            "img_url": null
        },
        "options": {
            "A": "3",
            "B": "2",
            "C": "1",
            "D": "4"
        },
        "type": "mcq",
        "correct_answer": 2.0
    },
    {
        "qid": "lsaouz79",
        "question_number": 16,
        "question_value": {
            "text": "Which among the followng has highest boiling point?",
            "img_url": null
        },
        "options": {
            "A": "$\\mathrm{CH}_3 \\mathrm{CH}_2 \\mathrm{CH}_2 \\mathrm{CH}_2-\\mathrm{OH}$",
            "B": "$\\mathrm{CH}_3 \\mathrm{CH}_2 \\mathrm{CH}_2 \\mathrm{CH}_3$",
            "C": "$\\mathrm{CH}_3 \\mathrm{CH}_2 \\mathrm{CH}_2 \\mathrm{CHO}$",
            "D": "$\\mathrm{H}_5 \\mathrm{C}_2-\\mathrm{O}-\\mathrm{C}_2 \\mathrm{H}_5$"
        },
        "type": "mcq",
        "correct_answer": 0.0
    },
    {
        "qid": "lsaoznvo",
        "question_number": 19,
        "question_value": {
            "text": "Which of the following compounds show colour due to d-d transition?",
            "img_url": null
        },
        "options": {
            "A": "$\\mathrm{K}_2 \\mathrm{Cr}_2 \\mathrm{O}_7$",
            "B": "$\\mathrm{CuSO}_4 \\cdot 5 \\mathrm{H}_2 \\mathrm{O}$",
            "C": "$\\mathrm{KMnO}_4$",
            "D": "$\\mathrm{K}_2 \\mathrm{CrO}_4$"
        },
        "type": "mcq",
        "correct_answer": 1.0
    },
    {
        "qid": "lsap1fic",
        "question_number": 20,
        "question_value": {
            "text": "Select the compound from the following that will show intramolecular hydrogen bonding.",
            "img_url": null
        },
        "options": {
            "A": {
                "text": null,
                "img_url": "https://app-content.cdn.examgoal.net/fly/@width/image/6y3zli1lsar2vc6/4f0ca88f-8841-4a89-a07a-96469081fcba/695fec60-c525-11ee-94a9-d124b3795c4c/file-6y3zli1lsar2vc7.png?format=png"
            },
            "B": "$\\mathrm{H}_2 \\mathrm{O}$",
            "C": "$\\mathrm{C}_2 \\mathrm{H}_5 \\mathrm{OH}$",
            "D": "$\\mathrm{NH}_3$"
        },
        "type": "mcq",
        "correct_answer": 0.0
    },
    {
        "qid": "lsap25qp",
        "question_number": 21,
        "question_value": {
            "text": "The number of tripeptides formed by three different amino acids using each amino acid once is ______.",
            "img_url": null
        },
        "options": {},
        "type": "numerical",
        "correct_answer": 6.0
    },
    {
        "qid": "lsap58pv",
        "question_number": 22,
        "question_value": {
            "text": "Mass of ethylene glycol (antifreeze) to be added to $18.6 \\mathrm{~kg}$ of water to protect the freezing point at $-24^{\\circ} \\mathrm{C}$ is ________  $\\mathrm{kg}$ (Molar mass in $\\mathrm{g} ~\\mathrm{mol}^{-1}$ for ethylene glycol $62, \\mathrm{~K}_f$ of water $=1.86 \\mathrm{~K}$ $\\mathrm{kg} ~\\mathrm{mol}^{-1}$ )",
            "img_url": null
        },
        "options": {},
        "type": "numerical",
        "correct_answer": 15.0
    },
    {
        "qid": "lsap6gz4",
        "question_number": 23,
        "question_value": {
            "text": "Total number of isomeric compounds (including stereoisomers) formed by monochlorination of 2-methylbutane is _______ .",
            "img_url": null
        },
        "options": {},
        "type": "numerical",
        "correct_answer": 6.0
    },
    {
        "qid": "lsapb10m",
        "question_number": 25,
        "question_value": {
            "text": "For a certain reaction at $300 \\mathrm{~K}, \\mathrm{~K}=10$, then $\\Delta \\mathrm{G}^{\\circ}$ for the same reaction is - ____________ $\\times 10^{-1} \\mathrm{~kJ} \\mathrm{~mol}^{-1}$.(Given $\\mathrm{R}=8.314 \\mathrm{JK}^{-1} \\mathrm{~mol}^{-1}$ )",
            "img_url": null
        },
        "options": {},
        "type": "numerical",
        "correct_answer": 57.0
    },
    {
        "qid": "lsapbkde",
        "question_number": 26,
        "question_value": {
            "text": "The amount of electricity in Coulomb required for the oxidation of $1 \\mathrm{~mol}$ of $\\mathrm{H}_2 \\mathrm{O}$ to $\\mathrm{O}_2$ is __________ $\\times 10^5 \\mathrm{C}$.",
            "img_url": null
        },
        "options": {},
        "type": "numerical",
        "correct_answer": 2.0
    },
    {
        "qid": "lsapcdp1",
        "question_number": 27,
        "question_value": {
            "text": "Following Kjeldahl's method, $1 \\mathrm{~g}$ of organic compound released ammonia, that neutralised $10 \\mathrm{~mL}$ of $2 \\mathrm{M} ~\\mathrm{H}_2 \\mathrm{SO}_4$. The percentage of nitrogen in the compound is ___________ $\\%$.",
            "img_url": null
        },
        "options": {},
        "type": "numerical",
        "correct_answer": 56.0
    },
    {
        "qid": "lsapepaf",
        "question_number": 29,
        "question_value": {
            "text": "Number of compounds which give reaction with Hinsberg's reagent is _________.",
            "img_url": "https://app-content.cdn.examgoal.net/fly/@width/image/6y3zli1lsar72bd/fead2687-06cd-43cd-b488-b2d00352cfd6/de005690-c525-11ee-94a9-d124b3795c4c/file-6y3zli1lsar72be.png?format=png"
        },
        "options": {},
        "type": "numerical",
        "correct_answer": 5.0
    },
    {
        "qid": "lsapf7l1",
        "question_number": 30,
        "question_value": {
            "text": "$10 \\mathrm{~mL}$ of gaseous hydrocarbon on combustion gives $40 \\mathrm{~mL}$ of $\\mathrm{CO}_2(\\mathrm{~g})$ and $50 \\mathrm{~mL}$ of water vapour. Total number of carbon and hydrogen atoms in the hydrocarbon is _________ .",
            "img_url": null
        },
        "options": {},
        "type": "numerical",
        "correct_answer": 14.0
    },
    {
        "qid": "lsam3k7w",
        "question_number": 32,
        "question_value": {
            "text": "If $z$ is a complex number such that $|z| \\leqslant 1$, then the minimum value of $\\left|z+\\frac{1}{2}(3+4 i)\\right|$ is :",
            "img_url": null
        },
        "options": {
            "A": "2",
            "B": "$\\frac{5}{2}$",
            "C": "$\\frac{3}{2}$",
            "D": "3"
        },
        "type": "mcq",
        "correct_answer": 2.0
    },
    {
        "qid": "lsam59tf",
        "question_number": 33,
        "question_value": {
            "text": "Consider a $\\triangle A B C$ where $A(1,3,2), B(-2,8,0)$ and $C(3,6,7)$. If the angle bisector of $\\angle B A C$ meets\nthe line $B C$ at $D$, then the length of the projection of the vector $\\overrightarrow{A D}$ on the vector $\\overrightarrow{A C}$ is :",
            "img_url": null
        },
        "options": {
            "A": "$\\frac{37}{2 \\sqrt{38}}$",
            "B": "$\\sqrt{19}$",
            "C": "$\\frac{39}{2 \\sqrt{38}}$",
            "D": "$\\frac{\\sqrt{38}}{2}$"
        },
        "type": "mcq",
        "correct_answer": 0.0
    },
    {
        "qid": "lsam6kw5",
        "question_number": 34,
        "question_value": {
            "text": "Consider the relations $R_1$ and $R_2$ defined as $a R_1 b \\Leftrightarrow a^2+b^2=1$ for all $a, b \\in \\mathbf{R}$ and $(a, b) R_2(c, d) \\Leftrightarrow$ $a+d=b+c$ for all $(a, b),(c, d) \\in \\mathbf{N} \\times \\mathbf{N}$. Then :",
            "img_url": null
        },
        "options": {
            "A": "$R_1$ and $R_2$ both are equivalence relations",
            "B": "Only $R_1$ is an equivalence relation",
            "C": "Only $R_2$ is an equivalence relation",
            "D": "Neither $R_1$ nor $R_2$ is an equivalence relation"
        },
        "type": "mcq",
        "correct_answer": 2.0
    },
    {
        "qid": "lsam7nu4",
        "question_number": 35,
        "question_value": {
            "text": "Let the system of equations $x+2 y+3 z=5,2 x+3 y+z=9,4 x+3 y+\\lambda z=\\mu$ have infinite number of solutions. Then $\\lambda+2 \\mu$ is equal to :",
            "img_url": null
        },
        "options": {
            "A": "22",
            "B": "17",
            "C": "15",
            "D": "28"
        },
        "type": "mcq",
        "correct_answer": 1.0
    },
    {
        "qid": "lsam93zl",
        "question_number": 36,
        "question_value": {
            "text": "If $\\int\\limits_0^{\\frac{\\pi}{3}} \\cos ^4 x \\mathrm{~d} x=\\mathrm{a} \\pi+\\mathrm{b} \\sqrt{3}$, where $\\mathrm{a}$ and $\\mathrm{b}$ are rational numbers, then $9 \\mathrm{a}+8 \\mathrm{b}$ is equal to :",
            "img_url": null
        },
        "options": {
            "A": "2",
            "B": "1",
            "C": "3",
            "D": "$\\frac{3}{2}$"
        },
        "type": "mcq",
        "correct_answer": 0.0
    },
    {
        "qid": "lsamarl9",
        "question_number": 37,
        "question_value": {
            "text": "Let $\\alpha$ and $\\beta$ be the roots of the equation $p x^2+q x-r=0$, where $p \\neq 0$. If $p, q$ and $r$ be the consecutive terms of a non constant G.P. and $\\frac{1}{\\alpha}+\\frac{1}{\\beta}=\\frac{3}{4}$, then the value of $(\\alpha-\\beta)^2$ is :",
            "img_url": null
        },
        "options": {
            "A": "8",
            "B": "9",
            "C": "$\\frac{20}{3}$",
            "D": "$\\frac{80}{9}$"
        },
        "type": "mcq",
        "correct_answer": 3.0
    },
    {
        "qid": "lsamdflq",
        "question_number": 38,
        "question_value": {
            "text": "Let Ajay will not appear in JEE exam with probability $\\mathrm{p}=\\frac{2}{7}$, while both Ajay and Vijay will appear in the exam with probability $\\mathrm{q}=\\frac{1}{5}$. Then the probability, that Ajay will appear in the exam and Vijay will not appear is :",
            "img_url": null
        },
        "options": {
            "A": "$\\frac{9}{35}$",
            "B": "$\\frac{3}{35}$",
            "C": "$\\frac{24}{35}$",
            "D": "$\\frac{18}{35}$"
        },
        "type": "mcq",
        "correct_answer": 3.0
    },
    {
        "qid": "lsamf0th",
        "question_number": 39,
        "question_value": {
            "text": "Let $\\mathrm{P}$ be a point on the ellipse $\\frac{x^2}{9}+\\frac{y^2}{4}=1$. Let the line passing through $\\mathrm{P}$ and parallel to $y$-axis meet the circle $x^2+y^2=9$ at point $\\mathrm{Q}$ such that $\\mathrm{P}$ and $\\mathrm{Q}$ are on the same side of the $x$-axis. Then, the eccentricity of the locus of the point $R$ on $P Q$ such that $P R: R Q=4: 3$ as $P$ moves on the ellipse, is :",
            "img_url": null
        },
        "options": {
            "A": "$\\frac{13}{21}$",
            "B": "$\\frac{\\sqrt{139}}{23}$",
            "C": "$\\frac{\\sqrt{13}}{7}$",
            "D": "$\\frac{11}{19}$"
        },
        "type": "mcq",
        "correct_answer": 2.0
    },
    {
        "qid": "lsamgfx7",
        "question_number": 40,
        "question_value": {
            "text": "Consider 10 observations $x_1, x_2, \\ldots, x_{10}$ such that $\\sum\\limits_{i=1}^{10}\\left(x_i-\\alpha\\right)=2$ and $\\sum\\limits_{i=1}^{10}\\left(x_i-\\beta\\right)^2=40$, where $\\alpha, \\beta$ are positive integers. Let the mean and the variance of the observations be $\\frac{6}{5}$ and $\\frac{84}{25}$ respectively. Then $\\frac{\\beta}{\\alpha}$ is equal to :",
            "img_url": null
        },
        "options": {
            "A": "2",
            "B": "1",
            "C": "$\\frac{5}{2}$",
            "D": "$\\frac{3}{2}$"
        },
        "type": "mcq",
        "correct_answer": 0.0
    },
    {
        "qid": "lsamhqd8",
        "question_number": 41,
        "question_value": {
            "text": "Let $f(x)=\\left|2 x^2+5\\right| x|-3|, x \\in \\mathbf{R}$. If $\\mathrm{m}$ and $\\mathrm{n}$ denote the number of points where $f$ is not continuous and not differentiable respectively, then $\\mathrm{m}+\\mathrm{n}$ is equal to :",
            "img_url": null
        },
        "options": {
            "A": "5",
            "B": "3",
            "C": "2",
            "D": "0"
        },
        "type": "mcq",
        "correct_answer": 1.0
    },
    {
        "qid": "lsamiw6x",
        "question_number": 42,
        "question_value": {
            "text": "The number of solutions of the equation $4 \\sin ^2 x-4 \\cos ^3 x+9-4 \\cos x=0 ; x \\in[-2 \\pi, 2 \\pi]$ is :",
            "img_url": null
        },
        "options": {
            "A": "0",
            "B": "3",
            "C": "1",
            "D": "2"
        },
        "type": "mcq",
        "correct_answer": 0.0
    },
    {
        "qid": "lsamkf38",
        "question_number": 43,
        "question_value": {
            "text": "Let the locus of the midpoints of the chords of the circle $x^2+(y-1)^2=1$ drawn from the origin intersect the line $x+y=1$ at $\\mathrm{P}$ and $\\mathrm{Q}$. Then, the length of $\\mathrm{PQ}$ is :",
            "img_url": null
        },
        "options": {
            "A": "$\\frac{1}{2}$",
            "B": "1",
            "C": "$\\frac{1}{\\sqrt{2}}$",
            "D": "$\\sqrt{2}$"
        },
        "type": "mcq",
        "correct_answer": 2.0
    },
    {
        "qid": "lsamlzre",
        "question_number": 44,
        "question_value": {
            "text": "Let $\\alpha$ be a non-zero real number. Suppose $f: \\mathbf{R} \\rightarrow \\mathbf{R}$ is a differentiable function such that $f(0)=2$ and $\\lim\\limits_{x \\rightarrow-\\infty} f(x)=1$. If $f^{\\prime}(x)=\\alpha f(x)+3$, for all $x \\in \\mathbf{R}$, then $f\\left(-\\log _{\\mathrm{e}} 2\\right)$ is equal to :",
            "img_url": null
        },
        "options": {
            "A": "7",
            "B": "9",
            "C": "3",
            "D": "5"
        },
        "type": "mcq",
        "correct_answer": 1.0
    },
    {
        "qid": "lsamoe4e",
        "question_number": 45,
        "question_value": {
            "text": "Let $\\mathrm{P}$ and $\\mathrm{Q}$ be the points on the line $\\frac{x+3}{8}=\\frac{y-4}{2}=\\frac{z+1}{2}$ which are at a distance of 6 units from the point $\\mathrm{R}(1,2,3)$. If the centroid of the triangle PQR is $(\\alpha, \\beta, \\gamma)$, then $\\alpha^2+\\beta^2+\\gamma^2$ is :",
            "img_url": null
        },
        "options": {
            "A": "18",
            "B": "24",
            "C": "26",
            "D": "36"
        },
        "type": "mcq",
        "correct_answer": 0.0
    },
    {
        "qid": "lsamq77b",
        "question_number": 46,
        "question_value": {
            "text": "The value of $\\int\\limits_0^1\\left(2 x^3-3 x^2-x+1\\right)^{\\frac{1}{3}} \\mathrm{~d} x$ is equal to :",
            "img_url": null
        },
        "options": {
            "A": "-1",
            "B": "2",
            "C": "0",
            "D": "1"
        },
        "type": "mcq",
        "correct_answer": 2.0
    },
    {
        "qid": "lsamv2vn",
        "question_number": 48,
        "question_value": {
            "text": "Let $S_n$ denote the sum of the first $n$ terms of an arithmetic progression. If $S_{10}=390$ and the ratio of the tenth and the fifth terms is $15: 7$, then $\\mathrm{S}_{15}-\\mathrm{S}_5$ is equal to :",
            "img_url": null
        },
        "options": {
            "A": "800",
            "B": "890",
            "C": "790",
            "D": "690"
        },
        "type": "mcq",
        "correct_answer": 2.0
    },
    {
        "qid": "lsamze84",
        "question_number": 50,
        "question_value": {
            "text": "Let $f(x)=\\left\\{\\begin{array}{l}x-1, x \\text { is even, } \\\\ 2 x, \\quad x \\text { is odd, }\\end{array} x \\in \\mathbf{N}\\right.$.If for some $\\mathrm{a} \\in \\mathbf{N}, f(f(f(\\mathrm{a})))=21$, then $\\lim\\limits_{x \\rightarrow \\mathrm{a}^{-}}\\left\\{\\frac{|x|^3}{\\mathrm{a}}-\\left[\\frac{x}{\\mathrm{a}}\\right]\\right\\}$, where $[t]$ denotes the greatest integer less than or equal to $t$, is equal to :",
            "img_url": null
        },
        "options": {
            "A": "169",
            "B": "121",
            "C": "225",
            "D": "144"
        },
        "type": "mcq",
        "correct_answer": 3.0
    },
    {
        "qid": "lsan0p30",
        "question_number": 51,
        "question_value": {
            "text": "Three points $\\mathrm{O}(0,0), \\mathrm{P}\\left(\\mathrm{a}, \\mathrm{a}^2\\right), \\mathrm{Q}\\left(-\\mathrm{b}, \\mathrm{b}^2\\right), \\mathrm{a}>0, \\mathrm{~b}>0$, are on the parabola $y=x^2$. Let $\\mathrm{S}_1$ be the area of the region bounded by the line $\\mathrm{PQ}$ and the parabola, and $\\mathrm{S}_2$ be the area of the triangle $\\mathrm{OPQ}$. If the minimum value of $\\frac{\\mathrm{S}_1}{\\mathrm{~S}_2}$ is $\\frac{\\mathrm{m}}{\\mathrm{n}}, \\operatorname{gcd}(\\mathrm{m}, \\mathrm{n})=1$, then $\\mathrm{m}+\\mathrm{n}$ is equal to __________.",
            "img_url": null
        },
        "options": {},
        "type": "numerical",
        "correct_answer": 7.0
    },
    {
        "qid": "lsan1ar0",
        "question_number": 52,
        "question_value": {
            "text": "The sum of squares of all possible values of $k$, for which area of the region bounded by the parabolas $2 y^2=\\mathrm{k} x$ and $\\mathrm{ky}^2=2(y-x)$ is maximum, is equal to :",
            "img_url": null
        },
        "options": {},
        "type": "numerical",
        "correct_answer": 8.0
    },
    {
        "qid": "lsan2rgn",
        "question_number": 53,
        "question_value": {
            "text": "If $y=\\frac{(\\sqrt{x}+1)\\left(x^2-\\sqrt{x}\\right)}{x \\sqrt{x}+x+\\sqrt{x}}+\\frac{1}{15}\\left(3 \\cos ^2 x-5\\right) \\cos ^3 x$, then $96 y^{\\prime}\\left(\\frac{\\pi}{6}\\right)$ is equal to :",
            "img_url": null
        },
        "options": {},
        "type": "numerical",
        "correct_answer": 105.0
    },
    {
        "qid": "lsan508v",
        "question_number": 54,
        "question_value": {
            "text": "If $\\frac{\\mathrm{d} x}{\\mathrm{~d} y}=\\frac{1+x-y^2}{y}, x(1)=1$, then $5 x(2)$ is equal to __________.",
            "img_url": null
        },
        "options": {},
        "type": "numerical",
        "correct_answer": 5.0
    },
    {
        "qid": "lsan5y2d",
        "question_number": 55,
        "question_value": {
            "text": "Let $f:(0, \\infty) \\rightarrow \\mathbf{R}$ and $\\mathrm{F}(x)=\\int\\limits_0^x \\mathrm{t} f(\\mathrm{t}) \\mathrm{dt}$. If $\\mathrm{F}\\left(x^2\\right)=x^4+x^5$, then $\\sum\\limits_{\\mathrm{r}=1}^{12} f\\left(\\mathrm{r}^2\\right)$ is equal to ____________.",
            "img_url": null
        },
        "options": {},
        "type": "numerical",
        "correct_answer": 219.0
    },
    {
        "qid": "lsan6rft",
        "question_number": 56,
        "question_value": {
            "text": "Let $A B C$ be an isosceles triangle in which $A$ is at $(-1,0), \\angle A=\\frac{2 \\pi}{3}, A B=A C$ and $B$ is on the positve $x$-axis. If $\\mathrm{BC}=4 \\sqrt{3}$ and the line $\\mathrm{BC}$ intersects the line $y=x+3$ at $(\\alpha, \\beta)$, then $\\frac{\\beta^4}{\\alpha^2}$ is __________.",
            "img_url": null
        },
        "options": {},
        "type": "numerical",
        "correct_answer": 36.0
    },
    {
        "qid": "lsan7qev",
        "question_number": 57,
        "question_value": {
            "text": "Let $A=I_2-2 M M^T$, where $M$ is a real matrix of order $2 \\times 1$ such that the relation $M^T M=I_1$ holds. If $\\lambda$ is a real number such that the relation $A X=\\lambda X$ holds for some non-zero real matrix $X$ of order $2 \\times 1$, then the sum of squares of all possible values of $\\lambda$ is equal to __________.",
            "img_url": null
        },
        "options": {},
        "type": "numerical",
        "correct_answer": 2.0
    },
    {
        "qid": "lsan8kau",
        "question_number": 58,
        "question_value": {
            "text": "Let $\\overrightarrow{\\mathrm{a}}=\\hat{i}+\\hat{j}+\\hat{k}, \\overrightarrow{\\mathrm{b}}=-\\hat{i}-8 \\hat{j}+2 \\hat{k}$ and $\\overrightarrow{\\mathrm{c}}=4 \\hat{i}+\\mathrm{c}_2 \\hat{j}+\\mathrm{c}_3 \\hat{k}$ be three vectors such that $\\overrightarrow{\\mathrm{b}} \\times \\overrightarrow{\\mathrm{a}}=\\overrightarrow{\\mathrm{c}} \\times \\overrightarrow{\\mathrm{a}}$. If the angle between the vector $\\overrightarrow{\\mathrm{c}}$ and the vector $3 \\hat{i}+4 \\hat{j}+\\hat{k}$ is $\\theta$, then the greatest integer less than or equal to $\\tan ^2 \\theta$ is _______________.",
            "img_url": null
        },
        "options": {},
        "type": "numerical",
        "correct_answer": 38.0
    },
    {
        "qid": "lsan9avi",
        "question_number": 59,
        "question_value": {
            "text": "If three successive terms of a G.P. with common ratio $\\mathrm{r}(\\mathrm{r}>1)$ are the lengths of the sides of a triangle and $[r]$ denotes the greatest integer less than or equal to $r$, then $3[r]+[-r]$ is equal to _____________.",
            "img_url": null
        },
        "options": {},
        "type": "numerical",
        "correct_answer": 1.0
    },
    {
        "qid": "lsana1e6",
        "question_number": 60,
        "question_value": {
            "text": "The lines $\\mathrm{L}_1, \\mathrm{~L}_2, \\ldots, \\mathrm{L}_{20}$ are distinct. For $\\mathrm{n}=1,2,3, \\ldots, 10$ all the lines $\\mathrm{L}_{2 \\mathrm{n}-1}$ are parallel to each other and all the lines $L_{2 n}$ pass through a given point $P$. The maximum number of points of intersection of pairs of lines from the set $\\left\\{\\mathrm{L}_1, \\mathrm{~L}_2, \\ldots, \\mathrm{L}_{20}\\right\\}$ is equal to ___________.",
            "img_url": null
        },
        "options": {},
        "type": "numerical",
        "correct_answer": 101.0
    },
    {
        "qid": "lsamcmv7",
        "question_number": 62,
        "question_value": {
            "text": "A body of mass $4 \\mathrm{~kg}$ experiences two forces $\\vec{F}_1=5 \\hat{i}+8 \\hat{j}+7 \\hat{k}$ and $\\overrightarrow{\\mathrm{F}}_2=3 \\hat{i}-4 \\hat{j}-3 \\hat{k}$. The acceleration acting on the body is :",
            "img_url": null
        },
        "options": {
            "A": "$2 \\hat{i}+\\hat{j}+\\hat{k}$",
            "B": "$4 \\hat{i}+2 \\hat{j}+2 \\hat{k}$",
            "C": "$-2 \\hat{i}-\\hat{j}-\\hat{k}$",
            "D": "$2 \\hat{i}+3 \\hat{j}+3 \\hat{k}$"
        },
        "type": "mcq",
        "correct_answer": 0.0
    },
    {
        "qid": "lsamftqb",
        "question_number": 63,
        "question_value": {
            "text": "Monochromatic light of frequency $6 \\times 10^{14} \\mathrm{~Hz}$ is produced by a laser. The power emitted is $2 \\times 10^{-3} \\mathrm{~W}$.How many photons per second on an average, are emitted by the source ?(Given $\\mathrm{h}=6.63 \\times 10^{-34} \\mathrm{Js}$ )",
            "img_url": null
        },
        "options": {
            "A": "$5 \\times 10^{15}$",
            "B": "$7 \\times 10^{16}$",
            "C": "$6 \\times 10^{15}$",
            "D": "$9 \\times 10^{18}$"
        },
        "type": "mcq",
        "correct_answer": 0.0
    },
    {
        "qid": "lsamgy2r",
        "question_number": 64,
        "question_value": {
            "text": "$C_1$ and $C_2$ are two hollow concentric cubes enclosing charges $2 Q$ and $3 Q$ respectively as shown in figure. The ratio of electric flux passing through $C_1$ and $C_2$ is :",
            "img_url": "https://app-content.cdn.examgoal.net/fly/@width/image/6y3zli1lsaqj5as/9621cf9f-28d1-46a8-9b14-e609b3844718/44e30540-c523-11ee-94a9-d124b3795c4c/file-6y3zli1lsaqj5at.png?format=png"
        },
        "options": {
            "A": "$3: 2$",
            "B": "$5: 2$",
            "C": "$2: 5$",
            "D": "$2: 3$"
        },
        "type": "mcq",
        "correct_answer": 2.0
    },
    {
        "qid": "lsamif14",
        "question_number": 65,
        "question_value": {
            "text": "A galvanometer $(G)$ of $2 \\Omega$ resistance is connected in the given circuit. The ratio of charge stored in $C_1$ and $C_2$ is :",
            "img_url": "https://app-content.cdn.examgoal.net/fly/@width/image/6y3zli1lsaqm45d/a41bd58d-4ed8-46ee-9f77-3eda73a69a5a/976d1620-c523-11ee-94a9-d124b3795c4c/file-6y3zli1lsaqm45e.png?format=png"
        },
        "options": {
            "A": "1",
            "B": "$\\frac{2}{3}$",
            "C": "$\\frac{3}{2}$",
            "D": "$\\frac{1}{2}$"
        },
        "type": "mcq",
        "correct_answer": 3.0
    },
    {
        "qid": "lsamqzfu",
        "question_number": 67,
        "question_value": {
            "text": "A big drop is formed by coalescing 1000 small droplets of water. The surface energy will become :",
            "img_url": null
        },
        "options": {
            "A": "$\\frac{1}{100}$ th",
            "B": "$\\frac{1}{10}$ th",
            "C": "100 times",
            "D": "10 times"
        },
        "type": "mcq",
        "correct_answer": 1.0
    },
    {
        "qid": "lsams161",
        "question_number": 68,
        "question_value": {
            "text": "A cricket player catches a ball of mass $120 \\mathrm{~g}$ moving with $25 \\mathrm{~m} / \\mathrm{s}$ speed. If the catching process is completed in $0.1 \\mathrm{~s}$ then the magnitude of force exerted by the ball on the hand of player will be (in SI unit) :",
            "img_url": null
        },
        "options": {
            "A": "30",
            "B": "24",
            "C": "12",
            "D": "25"
        },
        "type": "mcq",
        "correct_answer": 0.0
    },
    {
        "qid": "lsamtosf",
        "question_number": 69,
        "question_value": {
            "text": "In a metre-bridge when a resistance in the left gap is $2 \\Omega$ and unknown resistance in the right gap, the balance length is found to be $40 \\mathrm{~cm}$. On shunting the unknown resistance with $2 \\Omega$, the balance length changes by :",
            "img_url": null
        },
        "options": {
            "A": "$62.5 $",
            "B": "$22.5 \\mathrm{~cm}$",
            "C": "$20 \\mathrm{~cm}$",
            "D": "$65 \\mathrm{~cm}$"
        },
        "type": "mcq",
        "correct_answer": 1.0
    },
    {
        "qid": "lsamui7s",
        "question_number": 70,
        "question_value": {
            "text": "A diatomic gas $(\\gamma=1.4)$ does $200 \\mathrm{~J}$ of work when it is expanded isobarically. The heat given to the gas in the process is :",
            "img_url": null
        },
        "options": {
            "A": "$800 \\mathrm{~J}$",
            "B": "$600 \\mathrm{~J}$",
            "C": "$700 \\mathrm{~J}$",
            "D": "$850 \\mathrm{~J}$"
        },
        "type": "mcq",
        "correct_answer": 2.0
    },
    {
        "qid": "lsamvrk0",
        "question_number": 71,
        "question_value": {
            "text": "Train A is moving along two parallel rail tracks towards north with speed $$72 \\mathrm{~km} / \\mathrm{h}$$ and train B is moving towards south with speed $$108 \\mathrm{~km} / \\mathrm{h}$$. Velocity of train B with respect to A and velocity of ground with respect to B are (in $$\\mathrm{ms}^{-1}$$):",
            "img_url": null
        },
        "options": {
            "A": "-50 and -30",
            "B": "-50 and 30",
            "C": "-30 and 50",
            "D": "50 and -30"
        },
        "type": "mcq",
        "correct_answer": 1.0
    },
    {
        "qid": "lsamy2vh",
        "question_number": 72,
        "question_value": {
            "text": "A light planet is revolving around a massive star in a circular orbit of radius $\\mathrm{R}$ with a period of revolution T. If the force of attraction between planet and star is proportional to $\\mathrm{R}^{-3 / 2}$ then choose the correct option :",
            "img_url": null
        },
        "options": {
            "A": "$\\mathrm{T}^2 \\propto \\mathrm{R}^{7 / 2}$",
            "B": "$\\mathrm{T}^2 \\propto \\mathrm{R}^3$",
            "C": "$\\mathrm{T}^2 \\propto \\mathrm{R}^{5 / 2}$",
            "D": "$\\mathrm{T}^2 \\propto \\mathrm{R}^{3 / 2}$"
        },
        "type": "mcq",
        "correct_answer": 2.0
    },
    {
        "qid": "lsamz14j",
        "question_number": 73,
        "question_value": {
            "text": "A microwave of wavelength $2.0 \\mathrm{~cm}$ falls normally on a slit of width $4.0 \\mathrm{~cm}$. The angular spread of the central maxima of the diffraction pattern obtained on a screen $1.5 \\mathrm{~m}$ away from the slit, will be :",
            "img_url": null
        },
        "options": {
            "A": "$60^{\\circ}$",
            "B": "$45^{\\circ}$",
            "C": "$15^{\\circ}$",
            "D": "$30^{\\circ}$"
        },
        "type": "mcq",
        "correct_answer": 0.0
    },
    {
        "qid": "lsan06k0",
        "question_number": 74,
        "question_value": {
            "text": "If the root mean square velocity of hydrogen molecule at a given temperature and pressure is $2 \\mathrm{~km} / \\mathrm{s}$, the root mean square velocity of oxygen at the same condition in $\\mathrm{km} / \\mathrm{s}$ is :",
            "img_url": null
        },
        "options": {
            "A": "1.0",
            "B": "1.5",
            "C": "2.0",
            "D": "0.5"
        },
        "type": "mcq",
        "correct_answer": 3.0
    },
    {
        "qid": "lsan1vgp",
        "question_number": 75,
        "question_value": {
            "text": "If frequency of electromagnetic wave is $60 \\mathrm{~MHz}$ and it travels in air along $z$ direction then the corresponding electric and magnetic field vectors will be mutually perpendicular to each other and the wavelength of the wave (in $\\mathrm{m}$ ) is :",
            "img_url": null
        },
        "options": {
            "A": "2.5",
            "B": "5",
            "C": "10",
            "D": "2"
        },
        "type": "mcq",
        "correct_answer": 1.0
    },
    {
        "qid": "lsan382k",
        "question_number": 76,
        "question_value": {
            "text": "To measure the temperature coefficient of resistivity $\\alpha$ of a semiconductor, an electrical arrangement shown in the figure is prepared. The arm BC is made up of the semiconductor. The experiment is being conducted at $25^{\\circ} \\mathrm{C}$ and resistance of the semiconductor arm is $3 \\mathrm{~m} \\Omega$. Arm $\\mathrm{BC}$ is cooled at a constant rate of $2^{\\circ} \\mathrm{C} / \\mathrm{s}$. If the galvanometer $\\mathrm{G}$ shows no deflection after $10 \\mathrm{~s}$, then $\\alpha$ is :",
            "img_url": "https://app-content.cdn.examgoal.net/fly/@width/image/6y3zli1lsaqp7a4/862a4a97-dc65-47ce-8139-ed6a6955e295/ed45b5c0-c523-11ee-94a9-d124b3795c4c/file-6y3zli1lsaqp7a5.png?format=png"
        },
        "options": {
            "A": "$-1 \\times 10^{-2}{ }^{\\circ} \\mathrm{C}^{-1}$",
            "B": "$-2 \\times 10^{-2}{ }^{\\circ} \\mathrm{C}^{-1}$",
            "C": "$-2.5 \\times 10^{-2}{ }^{\\circ} \\mathrm{C}^{-1}$",
            "D": "$-1.5 \\times 10^{-2}{ }^{\\circ} \\mathrm{C}^{-1}$"
        },
        "type": "mcq",
        "correct_answer": 0.0
    },
    {
        "qid": "lsan4w1v",
        "question_number": 77,
        "question_value": {
            "text": "Conductivity of a photodiode starts changing only if the wavelength of incident light is less than $660 \\mathrm{~nm}$. The band gap of photodiode is found to be $\\left(\\frac{\\mathrm{X}}{8}\\right) \\mathrm{eV}$. The value of $\\mathrm{X}$ is :(Given, $\\mathrm{h}=6.6 \\times 10^{-34} \\mathrm{Js}, \\mathrm{e}=1.6 \\times 10^{-19} \\mathrm{C}$ )",
            "img_url": null
        },
        "options": {
            "A": "11",
            "B": "13",
            "C": "15",
            "D": "21"
        },
        "type": "mcq",
        "correct_answer": 2.0
    },
    {
        "qid": "lsan61ku",
        "question_number": 78,
        "question_value": {
            "text": "A transformer has an efficiency of $80 \\%$ and works at $10 \\mathrm{~V}$ and $4 \\mathrm{~kW}$. If the secondary voltage is $240 \\mathrm{~V}$, then the current in the secondary coil is :",
            "img_url": null
        },
        "options": {
            "A": "$1.33 \\mathrm{~A}$",
            "B": "$13.33 \\mathrm{~A}$",
            "C": "$1.59 \\mathrm{~A}$",
            "D": "$15.1 \\mathrm{~A}$"
        },
        "type": "mcq",
        "correct_answer": 1.0
    },
    {
        "qid": "lsan7lov",
        "question_number": 79,
        "question_value": {
            "text": "In an ammeter, $5 \\%$ of the main current passes through the galvanometer. If resistance of the galvanometer is $\\mathrm{G}$, the resistance of ammeter will be :",
            "img_url": null
        },
        "options": {
            "A": "$199 \\mathrm{~G}$",
            "B": "$200 \\mathrm{~G}$",
            "C": "$\\frac{G}{20}$",
            "D": "$\\frac{\\mathrm{G}}{199}$"
        },
        "type": "mcq",
        "correct_answer": 2.0
    },
    {
        "qid": "lsan8z5e",
        "question_number": 80,
        "question_value": {
            "text": "A disc of radius $\\mathrm{R}$ and mass $\\mathrm{M}$ is rolling horizontally without slipping with speed $v$. It then moves up an inclined smooth surface as shown in figure. The maximum height that the disc can go up the incline is :",
            "img_url": "https://app-content.cdn.examgoal.net/fly/@width/image/6y3zli1lsaqrkz2/1f522e79-a6b8-416b-b280-7f7235f61446/2f77d0e0-c524-11ee-94a9-d124b3795c4c/file-6y3zli1lsaqrkz3.png?format=png"
        },
        "options": {
            "A": "$\\frac{3}{4} \\frac{v^2}{\\mathrm{~g}}$",
            "B": "$\\frac{v^2}{g}$",
            "C": "$\\frac{2}{3} \\frac{v^2}{\\mathrm{~g}}$",
            "D": "$\\frac{1}{2} \\frac{v^2}{\\mathrm{~g}}$"
        },
        "type": "mcq",
        "correct_answer": 3.0
    },
    {
        "qid": "lsana2vl",
        "question_number": 81,
        "question_value": {
            "text": "A mass $m$ is suspended from a spring of negligible mass and the system oscillates with a frequency $f_1$. The frequency of oscillations if a mass $9 \\mathrm{~m}$ is suspended from the same spring is $f_2$. The value of $\\frac{f_1}{f_2} \\mathrm{i}$ ________.",
            "img_url": null
        },
        "options": {},
        "type": "numerical",
        "correct_answer": 3.0
    },
    {
        "qid": "lsanatnf",
        "question_number": 82,
        "question_value": {
            "text": "In an electrical circuit drawn below the amount of charge stored in the capacitor is _______ $\\mu$ C.",
            "img_url": "https://app-content.cdn.examgoal.net/fly/@width/image/6y3zli1lsaqtume/d6f7b4cf-6e8f-4a15-91fb-22c39f29f6d8/6e8a0e60-c524-11ee-94a9-d124b3795c4c/file-6y3zli1lsaqtumf.png?format=png"
        },
        "options": {},
        "type": "numerical",
        "correct_answer": 60.0
    },
    {
        "qid": "lsanbcwk",
        "question_number": 83,
        "question_value": {
            "text": "A particle initially at rest starts moving from reference point $x=0$ along $x$-axis, with velocity $v$ that varies as $v=4 \\sqrt{x} \\mathrm{~m} / \\mathrm{s}$. The acceleration of the particle is __________ $\\mathrm{ms}^{-2}$.",
            "img_url": null
        },
        "options": {},
        "type": "numerical",
        "correct_answer": 8.0
    },
    {
        "qid": "lsancm3c",
        "question_number": 84,
        "question_value": {
            "text": "Suppose a uniformly charged wall provides a uniform electric field of $2 \\times 10^4 \\mathrm{~N} / \\mathrm{C}$ normally. A charged particle of mass $2 \\mathrm{~g}$ being suspended through a silk thread of length $20 \\mathrm{~cm}$ and remain stayed at a distance of $10 \\mathrm{~cm}$ from the wall.Then the charge on the particle will be $\\frac{1}{\\sqrt{x}} \\mu \\mathrm{C}$ where $x=$ ___________ . [use $\\mathrm{g}=10 \\mathrm{~m} / \\mathrm{s}^2$ ]",
            "img_url": null
        },
        "options": {},
        "type": "numerical",
        "correct_answer": 3.0
    },
    {
        "qid": "lsanefm9",
        "question_number": 85,
        "question_value": {
            "text": "A moving coil galvanometer has 100 turns and each turn has an area of $2.0 \\mathrm{~cm}^2$. The magnetic field produced by the magnet is $0.01 \\mathrm{~T}$ and the deflection in the coil is 0.05 radian when a current of $10 \\mathrm{~mA}$ is passed through it. The torsional constant of the suspension wire is $x \\times 10^{-5} \\mathrm{~N}-\\mathrm{m} / \\mathrm{rad}$. The value of $x$ is _______ .",
            "img_url": null
        },
        "options": {},
        "type": "numerical",
        "correct_answer": 4.0
    },
    {
        "qid": "lsanfj48",
        "question_number": 86,
        "question_value": {
            "text": "One end of a metal wire is fixed to a ceiling and a load of $2 \\mathrm{~kg}$ hangs from the other end. A similar wire is attached to the bottom of the load and another load of $1 \\mathrm{~kg}$ hangs from this lower wire. Then the ratio of longitudinal strain of upper wire to that of the lower wire will be ________.[Area of cross section of wire $=0.005 \\mathrm{~cm}^2, \\mathrm{Y}=2 \\times 10^{11} \\mathrm{Nm}^{-2}$ and $\\mathrm{g}=10 \\mathrm{~ms}^{-2}$ ]",
            "img_url": null
        },
        "options": {},
        "type": "numerical",
        "correct_answer": 3.0
    },
    {
        "qid": "lsanjkmv",
        "question_number": 87,
        "question_value": {
            "text": "In Young's double slit experiment, monochromatic light of wavelength 5000 \u00c5 is used. The slits are $1.0 \\mathrm{~mm}$ apart and screen is placed at $1.0 \\mathrm{~m}$ away from slits. The distance from the centre of the screen where intensity becomes half of the maximum intensity for the first time is _________ $\\times 10^{-6}$ $\\mathrm{m}$.",
            "img_url": null
        },
        "options": {},
        "type": "numerical",
        "correct_answer": 125.0
    },
    {
        "qid": "lsank91r",
        "question_number": 88,
        "question_value": {
            "text": "A coil of 200 turns and area $0.20 \\mathrm{~m}^2$ is rotated at half a revolution per second and is placed in uniform magnetic field of $0.01 \\mathrm{~T}$ perpendicular to axis of rotation of the coil. The maximum voltage generated in the coil is $\\frac{2 \\pi}{\\beta}$ volt. The value of $\\beta$ is _______.",
            "img_url": null
        },
        "options": {},
        "type": "numerical",
        "correct_answer": 5.0
    },
    {
        "qid": "lsanle50",
        "question_number": 89,
        "question_value": {
            "text": "A uniform rod $A B$ of mass $2 \\mathrm{~kg}$ and length $30 \\mathrm{~cm}$ at rest on a smooth horizontal surface. An impulse of force $0.2 \\mathrm{~Ns}$ is applied to end B. The time taken by the rod to turn through at right angles will be $\\frac{\\pi}{x} \\mathrm{~s}$, where $x=$ _______ .",
            "img_url": null
        },
        "options": {},
        "type": "numerical",
        "correct_answer": 4.0
    },
    {
        "qid": "lsanmvpi",
        "question_number": 90,
        "question_value": {
            "text": "A particular hydrogen-like ion emits the radiation of frequency $3 \\times 10^{15} \\mathrm{~Hz}$ when it makes transition from $n=2$ to $n=1$. The frequency of radiation emitted in transition from $n=3$ to $n=1$ is $\\frac{x}{9} \\times 10^{15} \\mathrm{~Hz}$, when $x=$ ________ .",
            "img_url": null
        },
        "options": {},
        "type": "numerical",
        "correct_answer": 32.0
    }
]