[
    {
        "qid": "jaoe38c1lsc4rx0p",
        "question_number": 1,
        "question_value": {
            "text": "Two nucleotides are joined together by a linkage known as :",
            "img_url": null
        },
        "options": {
            "A": "Phosphodiester linkage",
            "B": "Glycosidic linkage",
            "C": "Disulphide linkage",
            "D": "Peptide linkage"
        },
        "type": "mcq",
        "correct_answer": 0.0
    },
    {
        "qid": "jaoe38c1lsc4sj34",
        "question_number": 2,
        "question_value": {
            "text": "Highest enol content will be shown by:",
            "img_url": null
        },
        "options": {
            "A": {
                "text": null,
                "img_url": "https://app-content.cdn.examgoal.net/fly/@width/image/6y3zli1lscuwmmj/911cc9d6-458b-45b2-bc84-94dcbf7f0615/f19af5b0-c64d-11ee-9d8b-f1be86a1b2f3/file-6y3zli1lscuwmmk.png?format=png"
            },
            "B": {
                "text": null,
                "img_url": "https://app-content.cdn.examgoal.net/fly/@width/image/6y3zli1lscuwcyr/e7a11bfd-8efd-4d8d-9d61-a58454e9113b/ea248f30-c64d-11ee-9d8b-f1be86a1b2f3/file-6y3zli1lscuwcys.png?format=png"
            },
            "C": {
                "text": null,
                "img_url": "https://app-content.cdn.examgoal.net/fly/@width/image/6y3zli1lscuwhld/b4bee1bf-d0f5-4b8a-aa6b-28d42bfc0f3b/edb7c810-c64d-11ee-9d8b-f1be86a1b2f3/file-6y3zli1lscuwhle.png?format=png"
            },
            "D": {
                "text": null,
                "img_url": "https://app-content.cdn.examgoal.net/fly/@width/image/6y3zli1lscuwqwc/985d8272-21ed-43ee-9a80-78243f6a9296/f4e7d6c0-c64d-11ee-9d8b-f1be86a1b2f3/file-6y3zli1lscuwqwd.png?format=png"
            }
        },
        "type": "mcq",
        "correct_answer": 1.0
    },
    {
        "qid": "jaoe38c1lsc4tvpg",
        "question_number": 3,
        "question_value": {
            "text": "Element not showing variable oxidation state is :",
            "img_url": null
        },
        "options": {
            "A": "Bromine",
            "B": "Iodine",
            "C": "Chlorine",
            "D": "Fluorine"
        },
        "type": "mcq",
        "correct_answer": 3.0
    },
    {
        "qid": "jaoe38c1lsc4v7ll",
        "question_number": 4,
        "question_value": {
            "text": "Which of the following is strongest Bronsted base?",
            "img_url": null
        },
        "options": {
            "A": {
                "text": null,
                "img_url": "https://app-content.cdn.examgoal.net/fly/@width/image/6y3zli1lscurmik/34f6af28-88b1-4017-b55a-bc8ec4218eb8/66796fc0-c64d-11ee-9d8b-f1be86a1b2f3/file-6y3zli1lscurmil.png?format=png"
            },
            "B": {
                "text": null,
                "img_url": "https://app-content.cdn.examgoal.net/fly/@width/image/6y3zli1lscuriyo/38e53b8a-a421-434b-a49f-3a016d3f876a/63bb1310-c64d-11ee-9d8b-f1be86a1b2f3/file-6y3zli1lscuriyp.png?format=png"
            },
            "C": {
                "text": null,
                "img_url": "https://app-content.cdn.examgoal.net/fly/@width/image/6y3zli1lscur8rh/2c602a48-2270-4f34-9f2b-343787423a0a/5bda03e0-c64d-11ee-9d8b-f1be86a1b2f3/file-6y3zli1lscur8ri.png?format=png"
            },
            "D": {
                "text": null,
                "img_url": "https://app-content.cdn.examgoal.net/fly/@width/image/6y3zli1lscurdve/b1b62662-cebb-4d9e-8b30-7b80abcd9d33/5fcc25a0-c64d-11ee-9d8b-f1be86a1b2f3/file-6y3zli1lscurdvf.png?format=png"
            }
        },
        "type": "mcq",
        "correct_answer": 3.0
    },
    {
        "qid": "jaoe38c1lsc514nf",
        "question_number": 5,
        "question_value": {
            "text": "Which of the following electronic configuration would be associated with the highest magnetic moment?",
            "img_url": null
        },
        "options": {
            "A": "$$[\\mathrm{Ar}] 3 \\mathrm{~d}^7$$",
            "B": "$$[\\mathrm{Ar}] 3 \\mathrm{~d}^8$$",
            "C": "$$[\\mathrm{Ar}] 3 \\mathrm{~d}^3$$",
            "D": "$$[\\mathrm{Ar}] 3 \\mathrm{~d}^6$$"
        },
        "type": "mcq",
        "correct_answer": 3.0
    },
    {
        "qid": "jaoe38c1lsc52f3g",
        "question_number": 6,
        "question_value": {
            "text": "Which of the following has highly acidic hydrogen?",
            "img_url": null
        },
        "options": {
            "A": {
                "text": null,
                "img_url": "https://app-content.cdn.examgoal.net/fly/@width/image/6y3zli1lscumd8l/a9be849e-600b-4805-b084-634dee8ed818/d4432b50-c64c-11ee-9d8b-f1be86a1b2f3/file-6y3zli1lscumd8m.png?format=png"
            },
            "B": {
                "text": null,
                "img_url": "https://app-content.cdn.examgoal.net/fly/@width/image/6y3zli1lscuma5g/1a07bdac-41bd-4da0-8740-b4c57149472e/d1e0aa40-c64c-11ee-9d8b-f1be86a1b2f3/file-6y3zli1lscuma5h.png?format=png"
            },
            "C": {
                "text": null,
                "img_url": "https://app-content.cdn.examgoal.net/fly/@width/image/6y3zli1lscum4as/5f351025-26da-4a6a-9821-39c1e26f8ae3/cd5b9750-c64c-11ee-9d8b-f1be86a1b2f3/file-6y3zli1lscum4at.png?format=png"
            },
            "D": {
                "text": null,
                "img_url": "https://app-content.cdn.examgoal.net/fly/@width/image/6y3zli1lscum7dg/1b6a0011-f803-4494-8bf3-9cf857194e95/cfbb5940-c64c-11ee-9d8b-f1be86a1b2f3/file-6y3zli1lscum7dh.png?format=png"
            }
        },
        "type": "mcq",
        "correct_answer": 3.0
    },
    {
        "qid": "jaoe38c1lsc54900",
        "question_number": 7,
        "question_value": {
            "text": "A solution of two miscible liquids showing negative deviation from Raoult's law will have :",
            "img_url": null
        },
        "options": {
            "A": "increased vapour pressure, increased boiling point",
            "B": "increased vapour pressure, decreased boiling point",
            "C": "decreased vapour pressure, decreased boiling point",
            "D": "decreased vapour pressure, increased boiling point"
        },
        "type": "mcq",
        "correct_answer": 3.0
    },
    {
        "qid": "jaoe38c1lsc5b7uk",
        "question_number": 9,
        "question_value": {
            "text": "Choose the polar molecule from the following:",
            "img_url": null
        },
        "options": {
            "A": "$$\\mathrm{CCl}_4$$",
            "B": "$$\\mathrm{CO}_2$$",
            "C": "$$\\mathrm{CH}_2=\\mathrm{CH}_2$$",
            "D": "$$\\mathrm{CHCl}_3$$"
        },
        "type": "mcq",
        "correct_answer": 3.0
    },
    {
        "qid": "jaoe38c1lsc5vuvd",
        "question_number": 15,
        "question_value": {
            "text": "Yellow compound of lead chromate gets dissolved on treatment with hot $$\\mathrm{NaOH}$$ solution. The product of lead formed is a :",
            "img_url": null
        },
        "options": {
            "A": "Tetraanionic complex with coordination number six",
            "B": "Neutral complex with coordination number four",
            "C": "Dianionic complex with coordination number six",
            "D": "Dianionic complex with coordination number four"
        },
        "type": "mcq",
        "correct_answer": 3.0
    },
    {
        "qid": "jaoe38c1lsc60enk",
        "question_number": 17,
        "question_value": {
            "text": "IUPAC name of following compound (P) is:",
            "img_url": "https://app-content.cdn.examgoal.net/fly/@width/image/6y3zli1lscuilkc/e6fdd8a8-18a8-486b-bcf4-85e7ab53d03f/6b752ec0-c64c-11ee-9d8b-f1be86a1b2f3/file-6y3zli1lscuilkd.png?format=png"
        },
        "options": {
            "A": "l-Ethyl-5, 5-dimethylcyclohexane",
            "B": "3-Ethyl-1,1-dimethylcyclohexane",
            "C": "l-Ethyl-3, 3-dimethylcyclohexane",
            "D": "1,1-Dimethyl-3-ethylcyclohexane"
        },
        "type": "mcq",
        "correct_answer": 1.0
    },
    {
        "qid": "jaoe38c1lsc62dmq",
        "question_number": 18,
        "question_value": {
            "text": "$$\\mathrm{NaCl}$$ reacts with conc. $$\\mathrm{H}_2 \\mathrm{SO}_4$$ and $$\\mathrm{K}_2 \\mathrm{Cr}_2 \\mathrm{O}_7$$ to give reddish fumes (B), which react with $$\\mathrm{NaOH}$$ to give yellow solution (C). (B) and (C) respectively are ;",
            "img_url": null
        },
        "options": {
            "A": "$$\\mathrm{CrO}_2 \\mathrm{Cl}_2, \\mathrm{Na}_2 \\mathrm{CrO}_4$$",
            "B": "$$\\mathrm{Na}_2 \\mathrm{CrO}_4, \\mathrm{CrO}_2 \\mathrm{Cl}_2$$",
            "C": "$$\\mathrm{CrO}_2 \\mathrm{Cl}_2, \\mathrm{KHSO}_4$$",
            "D": "$$\\mathrm{CrO}_2 \\mathrm{Cl}_2, \\mathrm{Na}_2 \\mathrm{Cr}_2 \\mathrm{O}_7$$"
        },
        "type": "mcq",
        "correct_answer": 0.0
    },
    {
        "qid": "jaoe38c1lsc6672b",
        "question_number": 19,
        "question_value": {
            "text": "The correct statement regarding nucleophilic substitution reaction in a chiral alkyl halide is ;",
            "img_url": null
        },
        "options": {
            "A": "Retention occurs in $$S_N 1$$ reaction and inversion occurs in $$\\mathrm{S}_{\\mathrm{N}} 2$$ reaction.",
            "B": "Racemisation occurs in $$\\mathrm{S}_{\\mathrm{N}} 1$$ reaction and retention occurs in $$\\mathrm{S}_{\\mathrm{N}} 2$$ reaction.",
            "C": "Racemisation occurs in both $$\\mathrm{S}_{\\mathrm{N}} 1$$ and $$\\mathrm{S}_{\\mathrm{N}} 2$$ reactions.",
            "D": "Racemisation occurs in $$S_N 1$$ reaction and inversion occurs in $$\\mathrm{S}_{\\mathrm{N}} 2$$ reaction."
        },
        "type": "mcq",
        "correct_answer": 3.0
    },
    {
        "qid": "jaoe38c1lsc6c6mx",
        "question_number": 21,
        "question_value": {
            "text": "The mass of silver (Molar mass of $$\\mathrm{Ag}: 108 \\mathrm{~gmol}^{-1}$$ ) displaced by a quantity of electricity which displaces $$5600 \\mathrm{~mL}$$ of $$\\mathrm{O}_2$$ at S.T.P. will be ______ g.",
            "img_url": null
        },
        "options": {},
        "type": "numerical",
        "correct_answer": 108.0
    },
    {
        "qid": "jaoe38c1lsc6kh74",
        "question_number": 24,
        "question_value": {
            "text": "If three moles of an ideal gas at $$300 \\mathrm{~K}$$ expand isotherrnally from $$30 \\mathrm{~dm}^3$$ to $$45 \\mathrm{~dm}^3$$ against a constant opposing pressure of $$80 \\mathrm{~kPa}$$, then the amount of heat transferred is _______ J.",
            "img_url": null
        },
        "options": {},
        "type": "numerical",
        "correct_answer": 1200.0
    },
    {
        "qid": "jaoe38c1lsc6lz03",
        "question_number": 25,
        "question_value": {
            "text": "3-Methylhex-2-ene on reaction with $$\\mathrm{HBr}$$ in presence of peroxide forms an addition product (A). The number of possible stereoisomers for '$$\\mathrm{A}$$' is ________.",
            "img_url": null
        },
        "options": {},
        "type": "numerical",
        "correct_answer": 4.0
    },
    {
        "qid": "jaoe38c1lsc6mkl7",
        "question_number": 26,
        "question_value": {
            "text": "Among the given organic compounds, the total number of aromatic compounds is",
            "img_url": "https://app-content.cdn.examgoal.net/fly/@width/image/6y3zli1lscv13q7/ca9ca51b-81ed-4c96-8a53-a795fc031121/6e0da200-c64e-11ee-9d8b-f1be86a1b2f3/file-6y3zli1lscv13q8.png?format=png"
        },
        "options": {},
        "type": "numerical",
        "correct_answer": 3.0
    },
    {
        "qid": "jaoe38c1lsc6t483",
        "question_number": 28,
        "question_value": {
            "text": "The number of electrons present in all the completely filled subshells having $$\\mathrm{n}=4$$ and $$\\mathrm{s}=+\\frac{1}{2}$$ is _______.(Where $$\\mathrm{n}=$$ principal quantum number and $$\\mathrm{s}=$$ spin quantum number)",
            "img_url": null
        },
        "options": {},
        "type": "numerical",
        "correct_answer": 16.0
    },
    {
        "qid": "jaoe38c1lsc6u3er",
        "question_number": 29,
        "question_value": {
            "text": "Sum of bond order of CO and NO$$^+$$ is ________.",
            "img_url": null
        },
        "options": {},
        "type": "numerical",
        "correct_answer": 6.0
    },
    {
        "qid": "lsbke98l",
        "question_number": 31,
        "question_value": {
            "text": "If $\\int\\limits_0^1 \\frac{1}{\\sqrt{3+x}+\\sqrt{1+x}} \\mathrm{~d} x=\\mathrm{a}+\\mathrm{b} \\sqrt{2}+\\mathrm{c} \\sqrt{3}$, where $\\mathrm{a}, \\mathrm{b}, \\mathrm{c}$ are rational numbers, then $2 \\mathrm{a}+3 \\mathrm{~b}-4 \\mathrm{c}$ is equal to :",
            "img_url": null
        },
        "options": {
            "A": "10",
            "B": "7",
            "C": "4",
            "D": "8"
        },
        "type": "mcq",
        "correct_answer": 3.0
    },
    {
        "qid": "lsbkg21j",
        "question_number": 32,
        "question_value": {
            "text": "If $S=\\{z \\in C:|z-i|=|z+i|=|z-1|\\}$, then, $n(S)$ is :",
            "img_url": null
        },
        "options": {
            "A": "1",
            "B": "2",
            "C": "3",
            "D": "0"
        },
        "type": "mcq",
        "correct_answer": 0.0
    },
    {
        "qid": "lsbki99q",
        "question_number": 34,
        "question_value": {
            "text": "If the shortest distance of the parabola $y^2=4 x$ from the centre of the circle $x^2+y^2-4 x-16 y+64=0$ is $\\mathrm{d}$, then $\\mathrm{d}^2$ is equal to :",
            "img_url": null
        },
        "options": {
            "A": "16",
            "B": "24",
            "C": "20",
            "D": "36"
        },
        "type": "mcq",
        "correct_answer": 2.0
    },
    {
        "qid": "lsbkjqqv",
        "question_number": 35,
        "question_value": {
            "text": "If $(a, b)$ be the orthocentre of the triangle whose vertices are $(1,2),(2,3)$ and $(3,1)$, and $\\mathrm{I}_1=\\int\\limits_{\\mathrm{a}}^{\\mathrm{b}} x \\sin \\left(4 x-x^2\\right) \\mathrm{d} x, \\mathrm{I}_2=\\int\\limits_{\\mathrm{a}}^{\\mathrm{b}} \\sin \\left(4 x-x^2\\right) \\mathrm{d} x$, then $36 \\frac{\\mathrm{I}_1}{\\mathrm{I}_2}$ is equal to :",
            "img_url": null
        },
        "options": {
            "A": "80",
            "B": "72",
            "C": "66",
            "D": "88"
        },
        "type": "mcq",
        "correct_answer": 1.0
    },
    {
        "qid": "lsbkktpn",
        "question_number": 36,
        "question_value": {
            "text": "Let $x=x(\\mathrm{t})$ and $y=y(\\mathrm{t})$ be solutions of the differential equations $\\frac{\\mathrm{d} x}{\\mathrm{dt}}+\\mathrm{a} x=0$ and $\\frac{\\mathrm{d} y}{\\mathrm{dt}}+\\mathrm{by}=0$ respectively, $\\mathrm{a}, \\mathrm{b} \\in \\mathbf{R}$. Given that $x(0)=2 ; y(0)=1$ and $3 y(1)=2 x(1)$, the value of $\\mathrm{t}$, for which $x(\\mathrm{t})=y(\\mathrm{t})$, is :",
            "img_url": null
        },
        "options": {
            "A": "$\\log _{\\frac{2}{3}} 2$",
            "B": "$\\log _{\\frac{4}{3}} 2$",
            "C": "$\\log _4 3$",
            "D": "$\\log _3 4$"
        },
        "type": "mcq",
        "correct_answer": 1.0
    },
    {
        "qid": "lsbkn1ul",
        "question_number": 38,
        "question_value": {
            "text": "The length of the chord of the ellipse $\\frac{x^2}{25}+\\frac{y^2}{16}=1$, whose mid point is $\\left(1, \\frac{2}{5}\\right)$, is equal to :",
            "img_url": null
        },
        "options": {
            "A": "$\\frac{\\sqrt{1691}}{5}$",
            "B": "$\\frac{\\sqrt{2009}}{5}$",
            "C": "$\\frac{\\sqrt{1541}}{5}$",
            "D": "$\\frac{\\sqrt{1741}}{5}$"
        },
        "type": "mcq",
        "correct_answer": 0.0
    },
    {
        "qid": "lsbkqsz3",
        "question_number": 40,
        "question_value": {
            "text": "If $\\mathrm{a}=\\lim\\limits_{x \\rightarrow 0} \\frac{\\sqrt{1+\\sqrt{1+x^4}}-\\sqrt{2}}{x^4}$ and $\\mathrm{b}=\\lim\\limits _{x \\rightarrow 0} \\frac{\\sin ^2 x}{\\sqrt{2}-\\sqrt{1+\\cos x}}$, then the value of $a b^3$ is :",
            "img_url": null
        },
        "options": {
            "A": "36",
            "B": "25",
            "C": "32",
            "D": "30"
        },
        "type": "mcq",
        "correct_answer": 2.0
    },
    {
        "qid": "lsbku1aw",
        "question_number": 41,
        "question_value": {
            "text": "Consider the matrix $f(x)=\\left[\\begin{array}{ccc}\\cos x & -\\sin x & 0 \\\\ \\sin x & \\cos x & 0 \\\\ 0 & 0 & 1\\end{array}\\right]$.Given below are two statements :Statement I : $ f(-x)$ is the inverse of the matrix $f(x)$.Statement II : $f(x) f(y)=f(x+y)$.In the light of the above statements, choose the correct answer from the options given below :",
            "img_url": null
        },
        "options": {
            "A": "Statement I is false but Statement II is true",
            "B": "Both Statement I and Statement II are false",
            "C": "Both Statement I and Statement II are true",
            "D": "Statement I is true but Statement II is false"
        },
        "type": "mcq",
        "correct_answer": 2.0
    },
    {
        "qid": "lsbkwd8l",
        "question_number": 42,
        "question_value": {
            "text": "Four distinct points $(2 k, 3 k),(1,0),(0,1)$ and $(0,0)$ lie on a circle for $k$ equal to :",
            "img_url": null
        },
        "options": {
            "A": "$\\frac{3}{13}$",
            "B": "$\\frac{2}{13}$",
            "C": "$\\frac{5}{13}$",
            "D": "$\\frac{1}{13}$"
        },
        "type": "mcq",
        "correct_answer": 2.0
    },
    {
        "qid": "lsbkz3t1",
        "question_number": 44,
        "question_value": {
            "text": "The portion of the line $4 x+5 y=20$ in the first quadrant is trisected by the lines $\\mathrm{L}_1$ and $\\mathrm{L}_2$ passing through the origin. The tangent of an angle between the lines $\\mathrm{L}_1$ and $\\mathrm{L}_2$ is :",
            "img_url": null
        },
        "options": {
            "A": "$\\frac{30}{41}$",
            "B": "$\\frac{8}{5}$",
            "C": "$\\frac{2}{5}$",
            "D": "$\\frac{25}{41}$"
        },
        "type": "mcq",
        "correct_answer": 0.0
    },
    {
        "qid": "lsbl0a9f",
        "question_number": 45,
        "question_value": {
            "text": "${ }^{n-1} C_r=\\left(k^2-8\\right){ }^n C_{r+1}$ if and only if  :",
            "img_url": null
        },
        "options": {
            "A": "$2 \\sqrt{2}<\\mathrm{k}<2 \\sqrt{3}$",
            "B": "$2 \\sqrt{2}<\\mathrm{k} \\leq 3$",
            "C": "$2 \\sqrt{3}<\\mathrm{k}<3 \\sqrt{3}$",
            "D": "$2 \\sqrt{3}<\\mathrm{k} \\leq 3 \\sqrt{2}$"
        },
        "type": "mcq",
        "correct_answer": 1.0
    },
    {
        "qid": "lsbl4onq",
        "question_number": 47,
        "question_value": {
            "text": "Let $\\mathrm{a}_1, \\mathrm{a}_2, \\ldots \\mathrm{a}_{10}$ be 10 observations such that $\\sum\\limits_{\\mathrm{k}=1}^{10} \\mathrm{a}_{\\mathrm{k}}=50$ and $\\sum\\limits_{\\forall \\mathrm{k} < \\mathrm{j}} \\mathrm{a}_{\\mathrm{k}} \\cdot \\mathrm{a}_{\\mathrm{j}}=1100$. Then the standard deviation of $\\mathrm{a}_1, \\mathrm{a}_2, \\ldots, \\mathrm{a}_{10}$ is equal to :",
            "img_url": null
        },
        "options": {
            "A": "5",
            "B": "$\\sqrt{115}$",
            "C": "10",
            "D": "$\\sqrt{5}$"
        },
        "type": "mcq",
        "correct_answer": 3.0
    },
    {
        "qid": "lsbl8y41",
        "question_number": 49,
        "question_value": {
            "text": "If A denotes the sum of all the coefficients in the expansion of $\\left(1-3 x+10 x^2\\right)^{\\mathrm{n}}$ and B denotes the sum of all the coefficients in the expansion of $\\left(1+x^2\\right)^n$, then :",
            "img_url": null
        },
        "options": {
            "A": "$\\mathrm{B}=\\mathrm{A}^3$",
            "B": "$3 \\mathrm{A}=\\mathrm{B}$",
            "C": "$A=3 B$",
            "D": "$\\mathrm{A}=\\mathrm{B}^3$"
        },
        "type": "mcq",
        "correct_answer": 3.0
    },
    {
        "qid": "lsbl9xjw",
        "question_number": 50,
        "question_value": {
            "text": "The function $f: \\mathbf{N}-\\{1\\} \\rightarrow \\mathbf{N}$; defined by $f(\\mathrm{n})=$ the highest prime factor of $\\mathrm{n}$, is :",
            "img_url": null
        },
        "options": {
            "A": "one-one only",
            "B": "neither one-one nor onto",
            "C": "onto only",
            "D": "both one-one and onto"
        },
        "type": "mcq",
        "correct_answer": 1.0
    },
    {
        "qid": "lsblc3ma",
        "question_number": 51,
        "question_value": {
            "text": "If $8=3+\\frac{1}{4}(3+p)+\\frac{1}{4^2}(3+2 p)+\\frac{1}{4^3}(3+3 p)+\\cdots \\cdots \\infty$, then the value of $p$ is ____________.",
            "img_url": null
        },
        "options": {},
        "type": "numerical",
        "correct_answer": 9.0
    },
    {
        "qid": "lsble0m7",
        "question_number": 53,
        "question_value": {
            "text": "Let $f(x)=x^3+x^2 f^{\\prime}(1)+x f^{\\prime \\prime}(2)+f^{\\prime \\prime \\prime}(3), x \\in \\mathbf{R}$. Then $f^{\\prime}(10)$ is equal to ____________.",
            "img_url": null
        },
        "options": {},
        "type": "numerical",
        "correct_answer": 202.0
    },
    {
        "qid": "lsblfc2j",
        "question_number": 54,
        "question_value": {
            "text": "Let the set of all $a \\in \\mathbf{R}$ such that the equation $\\cos 2 x+a \\sin x=2 a-7$ has a solution be $[p, q]$ and $r=\\tan 9^{\\circ}-\\tan 27^{\\circ}-\\frac{1}{\\cot 63^{\\circ}}+\\tan 81^{\\circ}$, then pqr is equal to ____________.",
            "img_url": null
        },
        "options": {},
        "type": "numerical",
        "correct_answer": 48.0
    },
    {
        "qid": "lsblgir9",
        "question_number": 55,
        "question_value": {
            "text": "Let for a differentiable function $f:(0, \\infty) \\rightarrow \\mathbf{R}, f(x)-f(y) \\geqslant \\log _{\\mathrm{e}}\\left(\\frac{x}{y}\\right)+x-y, \\forall x, y \\in(0, \\infty)$. Then $\\sum\\limits_{n=1}^{20} f^{\\prime}\\left(\\frac{1}{n^2}\\right)$ is equal to ____________.",
            "img_url": null
        },
        "options": {},
        "type": "numerical",
        "correct_answer": 2890.0
    },
    {
        "qid": "lsblh7jy",
        "question_number": 56,
        "question_value": {
            "text": "Let the area of the region $\\left\\{(x, y): x-2 y+4 \\geqslant 0, x+2 y^2 \\geqslant 0, x+4 y^2 \\leq 8, y \\geqslant 0\\right\\}$ be $\\frac{\\mathrm{m}}{\\mathrm{n}}$, where $\\mathrm{m}$ and $\\mathrm{n}$ are coprime numbers. Then $\\mathrm{m}+\\mathrm{n}$ is equal to _____________.",
            "img_url": null
        },
        "options": {},
        "type": "numerical",
        "correct_answer": 119.0
    },
    {
        "qid": "lsblig15",
        "question_number": 57,
        "question_value": {
            "text": "Let $A=\\left[\\begin{array}{lll}2 & 0 & 1 \\\\ 1 & 1 & 0 \\\\ 1 & 0 & 1\\end{array}\\right], B=\\left[B_1, B_2, B_3\\right]$, where $B_1, B_2, B_3$ are column matrics, and$$\n\\mathrm{AB}_1=\\left[\\begin{array}{l}\n1 \\\\\n0 \\\\\n0\n\\end{array}\\right], \\mathrm{AB}_2=\\left[\\begin{array}{l}\n2 \\\\\n3 \\\\\n0\n\\end{array}\\right], \\quad \\mathrm{AB}_3=\\left[\\begin{array}{l}\n3 \\\\\n2 \\\\\n1\n\\end{array}\\right]\n$$If $\\alpha=|B|$ and $\\beta$ is the sum of all the diagonal elements of $B$, then $\\alpha^3+\\beta^3$ is equal to ____________.",
            "img_url": null
        },
        "options": {},
        "type": "numerical",
        "correct_answer": 28.0
    },
    {
        "qid": "lsblj5uf",
        "question_number": 58,
        "question_value": {
            "text": "The least positive integral value of $\\alpha$, for which the angle between the vectors $\\alpha \\hat{i}-2 \\hat{j}+2 \\hat{k}$ and $\\alpha \\hat{i}+2 \\alpha \\hat{j}-2 \\hat{k}$ is acute, is ___________.",
            "img_url": null
        },
        "options": {},
        "type": "numerical",
        "correct_answer": 5.0
    },
    {
        "qid": "lsblk2wv",
        "question_number": 59,
        "question_value": {
            "text": "If $\\alpha$ satisfies the equation $x^2+x+1=0$ and $(1+\\alpha)^7=A+B \\alpha+C \\alpha^2, A, B, C \\geqslant 0$, then $5(3 A-2 B-C)$ is equal to ____________.",
            "img_url": null
        },
        "options": {},
        "type": "numerical",
        "correct_answer": 5.0
    },
    {
        "qid": "jaoe38c1lsc2sfsy",
        "question_number": 61,
        "question_value": {
            "text": "Position of an ant ($$\\mathrm{S}$$ in metres) moving in $$\\mathrm{Y}$$-$$\\mathrm{Z}$$ plane is given by $$S=2 t^2 \\hat{j}+5 \\hat{k}$$ (where $$t$$ is in second). The magnitude and direction of velocity of the ant at $$\\mathrm{t}=1 \\mathrm{~s}$$ will be :",
            "img_url": null
        },
        "options": {
            "A": "$$16 \\mathrm{~m} / \\mathrm{s}$$ in $$y$$-direction",
            "B": "$$4 \\mathrm{~m} / \\mathrm{s}$$ in $$x$$-direction",
            "C": "$$9 \\mathrm{~m} / \\mathrm{s}$$ in $$\\mathrm{z}$$-direction",
            "D": "$$4 \\mathrm{~m} / \\mathrm{s}$$ in $$y$$-direction"
        },
        "type": "mcq",
        "correct_answer": 3.0
    },
    {
        "qid": "jaoe38c1lsc2wpgx",
        "question_number": 63,
        "question_value": {
            "text": "If the refractive index of the material of a prism is $$\\cot \\left(\\frac{A}{2}\\right)$$, where $$A$$ is the angle of prism then the angle of minimum deviation will be",
            "img_url": null
        },
        "options": {
            "A": "$$\\pi-2 \\mathrm{~A}$$",
            "B": "$$\\frac{\\pi}{2}-2 \\mathrm{~A}$$",
            "C": "$$\\pi-\\mathrm{A}$$",
            "D": "$$\\frac{\\pi}{2}-\\mathrm{A}$$"
        },
        "type": "mcq",
        "correct_answer": 0.0
    },
    {
        "qid": "jaoe38c1lsc32bux",
        "question_number": 64,
        "question_value": {
            "text": "A proton moving with a constant velocity passes through a region of space without any change in its velocity. If $$\\overrightarrow{\\mathrm{E}}$$ and $$\\overrightarrow{\\mathrm{B}}$$ represent the electric and magnetic fields respectively, then the region of space may have :(A) $$\\mathrm{E}=0, \\mathrm{~B}=0$$(B) $$\\mathrm{E}=0, \\mathrm{~B} \\neq 0$$(C) $$\\mathrm{E} \\neq 0, \\mathrm{~B}=0$$(D) $$\\mathrm{E} \\neq 0, \\mathrm{~B} \\neq 0$$Choose the most appropriate answer from the options given below :",
            "img_url": null
        },
        "options": {
            "A": "(A), (B) and (C) only",
            "B": "(A), (C) and (D) only",
            "C": "(A), (B) and (D) only",
            "D": "(B), (C) and (D) only"
        },
        "type": "mcq",
        "correct_answer": 2.0
    },
    {
        "qid": "jaoe38c1lsc33oqz",
        "question_number": 65,
        "question_value": {
            "text": "The acceleration due to gravity on the surface of earth is $$\\mathrm{g}$$. If the diameter of earth reduces to half of its original value and mass remains constant, then acceleration due to gravity on the surface of earth would be :",
            "img_url": null
        },
        "options": {
            "A": "g/4",
            "B": "2g",
            "C": "g/2",
            "D": "4g"
        },
        "type": "mcq",
        "correct_answer": 3.0
    },
    {
        "qid": "jaoe38c1lsc35sf0",
        "question_number": 66,
        "question_value": {
            "text": "A train is moving with a speed of $$12 \\mathrm{~m} / \\mathrm{s}$$ on rails which are $$1.5 \\mathrm{~m}$$ apart. To negotiate a curve radius $$400 \\mathrm{~m}$$, the height by which the outer rail should be raised with respect to the inner rail is (Given, $$g=10 \\mathrm{~m} / \\mathrm{s}^2)$$ :",
            "img_url": null
        },
        "options": {
            "A": "6.0 cm",
            "B": "5.4 cm",
            "C": "4.8 cm",
            "D": "4.2 cm"
        },
        "type": "mcq",
        "correct_answer": 1.0
    },
    {
        "qid": "jaoe38c1lsc3776v",
        "question_number": 67,
        "question_value": {
            "text": "Which of the following circuits is reverse - biased?",
            "img_url": null
        },
        "options": {
            "A": {
                "text": null,
                "img_url": "https://app-content.cdn.examgoal.net/fly/@width/image/6y3zli1lscu01pj/f618670d-38be-4444-940a-d84af3e39812/678e4280-c64a-11ee-9d8b-f1be86a1b2f3/file-6y3zli1lscu01pk.png?format=png"
            },
            "B": {
                "text": null,
                "img_url": "https://app-content.cdn.examgoal.net/fly/@width/image/6y3zli1lsctzx27/73b58e7a-4fcb-4030-b997-d3554c574b9b/63f6eaf0-c64a-11ee-9d8b-f1be86a1b2f3/file-6y3zli1lsctzx28.png?format=png"
            },
            "C": {
                "text": null,
                "img_url": "https://app-content.cdn.examgoal.net/fly/@width/image/6y3zli1lsctzr97/2463a965-09a3-4135-8b40-33284ff3b8bb/5f7ad8b0-c64a-11ee-9d8b-f1be86a1b2f3/file-6y3zli1lsctzr98.png?format=png"
            },
            "D": {
                "text": null,
                "img_url": "https://app-content.cdn.examgoal.net/fly/@width/image/6y3zli1lsctztyj/a867b47a-39c6-4e69-9f7e-6fd4fd8d5f72/619183b0-c64a-11ee-9d8b-f1be86a1b2f3/file-6y3zli1lsctztyk.png?format=png"
            }
        },
        "type": "mcq",
        "correct_answer": 3.0
    },
    {
        "qid": "jaoe38c1lsc38c3k",
        "question_number": 68,
        "question_value": {
            "text": "Identify the physical quantity that cannot be measured using spherometer :",
            "img_url": null
        },
        "options": {
            "A": "Radius of curvature of concave surface",
            "B": "Specific rotation of liquids",
            "C": "Thickness of thin plates",
            "D": "Radius of curvature of convex surface"
        },
        "type": "mcq",
        "correct_answer": 1.0
    },
    {
        "qid": "jaoe38c1lsc3a3qt",
        "question_number": 69,
        "question_value": {
            "text": "Two bodies of mass $$4 \\mathrm{~g}$$ and $$25 \\mathrm{~g}$$ are moving with equal kinetic energies. The ratio of magnitude of their linear momentum is :",
            "img_url": null
        },
        "options": {
            "A": "$$3: 5$$",
            "B": "$$5: 4$$",
            "C": "$$2: 5$$",
            "D": "$$4: 5$$"
        },
        "type": "mcq",
        "correct_answer": 2.0
    },
    {
        "qid": "jaoe38c1lsc3f7nf",
        "question_number": 70,
        "question_value": {
            "text": "$$0.08 \\mathrm{~kg}$$ air is heated at constant volume through $$5^{\\circ} \\mathrm{C}$$. The specific heat of air at constant volume is $$0.17 \\mathrm{~kcal} / \\mathrm{kg}^{\\circ} \\mathrm{C}$$ and $$\\mathrm{J}=4.18$$ joule/$$\\mathrm{~cal}$$. The change in its internal energy is approximately.",
            "img_url": null
        },
        "options": {
            "A": "318 J",
            "B": "298 J",
            "C": "284 J",
            "D": "142 J"
        },
        "type": "mcq",
        "correct_answer": 2.0
    },
    {
        "qid": "jaoe38c1lsc3gmgr",
        "question_number": 71,
        "question_value": {
            "text": "The radius of third stationary orbit of electron for Bohr's atom is R. The radius of fourth stationary orbit will be:",
            "img_url": null
        },
        "options": {
            "A": "$$\\frac{4}{3} \\mathrm{R}$$",
            "B": "$$\\frac{16}{9} R$$",
            "C": "$$\\frac{3}{4} R$$",
            "D": "$$\\frac{9}{16} \\mathrm{R}$$"
        },
        "type": "mcq",
        "correct_answer": 1.0
    },
    {
        "qid": "jaoe38c1lsc3ir9a",
        "question_number": 72,
        "question_value": {
            "text": "A rectangular loop of length $$2.5 \\mathrm{~m}$$ and width $$2 \\mathrm{~m}$$ is placed at $$60^{\\circ}$$ to a magnetic field of $$4 \\mathrm{~T}$$. The loop is removed from the field in $$10 \\mathrm{~sec}$$. The average emf induced in the loop during this time is",
            "img_url": null
        },
        "options": {
            "A": "$$-2 \\mathrm{~V}$$",
            "B": "$$+2 \\mathrm{~V}$$",
            "C": "$$+1 \\mathrm{~V}$$",
            "D": "$$-1 \\mathrm{~V}$$"
        },
        "type": "mcq",
        "correct_answer": 2.0
    },
    {
        "qid": "jaoe38c1lsc3ly23",
        "question_number": 73,
        "question_value": {
            "text": "An electric charge $$10^{-6} \\mu \\mathrm{C}$$ is placed at origin $$(0,0)$$ $$\\mathrm{m}$$ of $$\\mathrm{X}-\\mathrm{Y}$$ co-ordinate system. Two points $$\\mathrm{P}$$ and $$\\mathrm{Q}$$ are situated at $$(\\sqrt{3}, \\sqrt{3}) \\mathrm{m}$$ and $$(\\sqrt{6}, 0) \\mathrm{m}$$ respectively. The potential difference between the points $$\\mathrm{P}$ and $\\mathrm{Q}$$ will be :",
            "img_url": null
        },
        "options": {
            "A": "$$\\sqrt{3} \\mathrm{~V}$$",
            "B": "$$\\sqrt{6} \\mathrm{~V}$$",
            "C": "$$0 \\mathrm{~V}$$",
            "D": "$$3 \\mathrm{~V}$$"
        },
        "type": "mcq",
        "correct_answer": 2.0
    },
    {
        "qid": "jaoe38c1lsc3ndoy",
        "question_number": 74,
        "question_value": {
            "text": "A convex lens of focal length $$40 \\mathrm{~cm}$$ forms an image of an extended source of light on a photoelectric cell. A current I is produced. The lens is replaced by another convex lens having the same diameter but focal length $$20 \\mathrm{~cm}$$. The photoelectric current now is :",
            "img_url": null
        },
        "options": {
            "A": "$$\\mathrm{\\frac{I}{2}}$$",
            "B": "4 I",
            "C": "2 I",
            "D": "I"
        },
        "type": "mcq",
        "correct_answer": 3.0
    },
    {
        "qid": "jaoe38c1lsc3p10j",
        "question_number": 75,
        "question_value": {
            "text": "A body of mass $$1000 \\mathrm{~kg}$$ is moving horizontally with a velocity $$6 \\mathrm{~m} / \\mathrm{s}$$. If $$200 \\mathrm{~kg}$$ extra mass is added, the final velocity (in $$\\mathrm{m} / \\mathrm{s}$$) is:",
            "img_url": null
        },
        "options": {
            "A": "6",
            "B": "2",
            "C": "3",
            "D": "5"
        },
        "type": "mcq",
        "correct_answer": 3.0
    },
    {
        "qid": "jaoe38c1lsc3vcj8",
        "question_number": 78,
        "question_value": {
            "text": "A wire of length $$10 \\mathrm{~cm}$$ and radius $$\\sqrt{7} \\times 10^{-4} \\mathrm{~m}$$ connected across the right gap of a meter bridge. When a resistance of $$4.5 \\Omega$$ is connected on the left gap by using a resistance box, the balance length is found to be at $$60 \\mathrm{~cm}$$ from the left end. If the resistivity of the wire is $$\\mathrm{R} \\times 10^{-7} \\Omega \\mathrm{m}$$, then value of $$\\mathrm{R}$$ is :",
            "img_url": null
        },
        "options": {
            "A": "63",
            "B": "70",
            "C": "66",
            "D": "35"
        },
        "type": "mcq",
        "correct_answer": 2.0
    },
    {
        "qid": "jaoe38c1lsc3x2ws",
        "question_number": 79,
        "question_value": {
            "text": "A wire of resistance $$\\mathrm{R}$$ and length $$\\mathrm{L}$$ is cut into 5 equal parts. If these parts are joined parallely, then resultant resistance will be :",
            "img_url": null
        },
        "options": {
            "A": "$$\\frac{1}{25} \\mathrm{R}$$",
            "B": "$$\\frac{1}{5} R$$",
            "C": "25 R",
            "D": "5 R"
        },
        "type": "mcq",
        "correct_answer": 0.0
    },
    {
        "qid": "jaoe38c1lsc42dju",
        "question_number": 81,
        "question_value": {
            "text": "A particle starts from origin at $$t=0$$ with a velocity $$5 \\hat{i} \\mathrm{~m} / \\mathrm{s}$$ and moves in $$x-y$$ plane under action of a force which produces a constant acceleration of $$(3 \\hat{i}+2 \\hat{j}) \\mathrm{m} / \\mathrm{s}^2$$. If the $$x$$-coordinate of the particle at that instant is $$84 \\mathrm{~m}$$, then the speed of the particle at this time is $$\\sqrt{\\alpha} \\mathrm{~m} / \\mathrm{s}$$. The value of $$\\alpha$$ is _________.",
            "img_url": null
        },
        "options": {},
        "type": "numerical",
        "correct_answer": 673.0
    },
    {
        "qid": "jaoe38c1lsc45uhh",
        "question_number": 82,
        "question_value": {
            "text": "A thin metallic wire having cross sectional area of $$10^{-4} \\mathrm{~m}^2$$ is used to make a ring of radius $$30 \\mathrm{~cm}$$. A positive charge of $$2 \\pi \\mathrm{~C}$$ is uniformly distributed over the ring, while another positive charge of 30 $$\\mathrm{pC}$$ is kept at the centre of the ring. The tension in the ring is ______ $$\\mathrm{N}$$; provided that the ring does not get deformed (neglect the influence of gravity). (given, $$\\frac{1}{4 \\pi \\epsilon_0}=9 \\times 10^9$$ SI units)",
            "img_url": null
        },
        "options": {},
        "type": "numerical",
        "correct_answer": 3.0
    },
    {
        "qid": "jaoe38c1lsc48f9n",
        "question_number": 83,
        "question_value": {
            "text": "Two coils have mutual inductance $$0.002 \\mathrm{~H}$$. The current changes in the first coil according to the relation $$\\mathrm{i}=\\mathrm{i}_0 \\sin \\omega \\mathrm{t}$$, where $$\\mathrm{i}_0=5 \\mathrm{~A}$$ and $$\\omega=50 \\pi$$ rad/s. The maximum value of emf in the second coil is $$\\frac{\\pi}{\\alpha} \\mathrm{~V}$$. The value of $$\\alpha$$ is _______.",
            "img_url": null
        },
        "options": {},
        "type": "numerical",
        "correct_answer": 2.0
    },
    {
        "qid": "jaoe38c1lsc4akxn",
        "question_number": 84,
        "question_value": {
            "text": "Two immiscible liquids of refractive indices $$\\frac{8}{5}$$ and $$\\frac{3}{2}$$ respectively are put in a beaker as shown in the figure. The height of each column is $$6 \\mathrm{~cm}$$. A coin is placed at the bottom of the beaker. For near normal vision, the apparent depth of the coin is $$\\frac{\\alpha}{4} \\mathrm{~cm}$$. The value of $$\\alpha$$ is _________.",
            "img_url": "https://app-content.cdn.examgoal.net/fly/@width/image/6y3zli1lscu7gcv/e5cc3c01-4fae-43cd-a2d7-5994f2ecb347/3588d1f0-c64b-11ee-9d8b-f1be86a1b2f3/file-6y3zli1lscu7gcw.png?format=png"
        },
        "options": {},
        "type": "numerical",
        "correct_answer": 31.0
    },
    {
        "qid": "jaoe38c1lsc4cekv",
        "question_number": 85,
        "question_value": {
            "text": "In a nuclear fission process, a high mass nuclide $$(A \\approx 236)$$ with binding energy $$7.6 \\mathrm{~MeV} /$$ Nucleon dissociated into middle mass nuclides $$(\\mathrm{A} \\approx 118)$$, having binding energy of $$8.6 \\mathrm{~MeV} / \\mathrm{Nucleon}$$. The energy released in the process would be ______ $$\\mathrm{MeV}$$.",
            "img_url": null
        },
        "options": {},
        "type": "numerical",
        "correct_answer": 236.0
    },
    {
        "qid": "jaoe38c1lsc4dwm8",
        "question_number": 86,
        "question_value": {
            "text": "Four particles each of mass $$1 \\mathrm{~kg}$$ are placed at four corners of a square of side $$2 \\mathrm{~m}$$. Moment of inertia of system about an axis perpendicular to its plane and passing through one of its vertex is _____ $$\\mathrm{kgm}^2$$.",
            "img_url": "https://app-content.cdn.examgoal.net/fly/@width/image/6y3zli1lscuacg1/8f5c14e6-a0ae-4728-8dce-9b4a2e0d4938/85f09f10-c64b-11ee-9d8b-f1be86a1b2f3/file-6y3zli1lscuacg2.png?format=png"
        },
        "options": {},
        "type": "numerical",
        "correct_answer": 16.0
    },
    {
        "qid": "jaoe38c1lsc4fpbd",
        "question_number": 87,
        "question_value": {
            "text": "A particle executes simple harmonic motion with an amplitude of $$4 \\mathrm{~cm}$$. At the mean position, velocity of the particle is $$10 \\mathrm{~cm} / \\mathrm{s}$$. The distance of the particle from the mean position when its speed becomes $$5 \\mathrm{~cm} / \\mathrm{s}$$ is $$\\sqrt{\\alpha} \\mathrm{~cm}$$, where $$\\alpha=$$ ________.",
            "img_url": null
        },
        "options": {},
        "type": "numerical",
        "correct_answer": 12.0
    },
    {
        "qid": "jaoe38c1lsc4j6we",
        "question_number": 88,
        "question_value": {
            "text": "Two long, straight wires carry equal currents in opposite directions as shown in figure. The separation between the wires is $$5.0 \\mathrm{~cm}$$. The magnitude of the magnetic field at a point $$\\mathrm{P}$$ midway between the wires is _______ $$\\mu \\mathrm{T}$$(Given : $$\\mu_0=4 \\pi \\times 10^{-7} \\mathrm{TmA}^{-1}$$)",
            "img_url": "https://app-content.cdn.examgoal.net/fly/@width/image/6y3zli1lscu5muj/5f4fa67d-5dec-4f05-b051-25196f4baeaf/02ee1bb0-c64b-11ee-9d8b-f1be86a1b2f3/file-6y3zli1lscu5muk.png?format=png"
        },
        "options": {},
        "type": "numerical",
        "correct_answer": 160.0
    },
    {
        "qid": "jaoe38c1lsc4l3bn",
        "question_number": 89,
        "question_value": {
            "text": "The charge accumulated on the capacitor connected in the following circuit is _______ $$\\mu \\mathrm{C}$$ (Given $$\\mathrm{C}=150 \\mu \\mathrm{F})$$",
            "img_url": "https://app-content.cdn.examgoal.net/fly/@width/image/6y3zli1lscu2dvx/b198667f-83ea-42ed-b2da-30b99ce56a4b/a894aee0-c64a-11ee-9d8b-f1be86a1b2f3/file-6y3zli1lscu2dvy.png?format=png"
        },
        "options": {},
        "type": "numerical",
        "correct_answer": 400.0
    },
    {
        "qid": "jaoe38c1lsc4okne",
        "question_number": 90,
        "question_value": {
            "text": "If average depth of an ocean is $$4000 \\mathrm{~m}$$ and the bulk modulus of water is $$2 \\times 10^9 \\mathrm{~Nm}^{-2}$$, then fractional compression $$\\frac{\\Delta V}{V}$$ of water at the bottom of ocean is $$\\alpha \\times 10^{-2}$$. The value of $$\\alpha$$ is _______ (Given, $$\\mathrm{g}=10 \\mathrm{~ms}^{-2}, \\rho=1000 \\mathrm{~kg} \\mathrm{~m}^{-3}$$)",
            "img_url": null
        },
        "options": {},
        "type": "numerical",
        "correct_answer": 2.0
    }
]