[
    {
        "qid": "jaoe38c1lsfj8sve",
        "question_number": 1,
        "question_value": {
            "text": "Identify the incorrect pair from the following :",
            "img_url": null
        },
        "options": {
            "A": "Fluoroapatite $$-3 \\mathrm{Ca}_3\\left(\\mathrm{PO}_4\\right)_2 \\cdot \\mathrm{CaF}_2$$",
            "B": "Carnallite $$-\\mathrm{KCl} \\cdot \\mathrm{MgCl}_2 \\cdot 6 \\mathrm{H}_2 \\mathrm{O}$$",
            "C": "Cryolite $$-\\mathrm{Na}_3 \\mathrm{AlF}_6$$",
            "D": "Fluorspar $$-\\mathrm{BF}_3$$"
        },
        "type": "mcq",
        "correct_answer": 3.0
    },
    {
        "qid": "jaoe38c1lsfjay38",
        "question_number": 2,
        "question_value": {
            "text": "Given below are two statements : one is labelled as Assertion $$\\mathbf{A}$$ and the other is labelled as Reason $$\\mathbf{R}$$ :Assertion A : The first ionisation enthalpy decreases across a period.Reason $$\\mathbf{R}$$ : The increasing nuclear charge outweighs the shielding across the period.In the light of the above statements, choose the most appropriate from the options given below :",
            "img_url": null
        },
        "options": {
            "A": "$$\\mathbf{A}$$ is false but $$\\mathbf{R}$$ is true",
            "B": "Both $$\\mathbf{A}$$ and $$\\mathbf{R}$$ are true but $$\\mathbf{R}$$ is NOT the correct explanation of $$\\mathbf{A}$$",
            "C": "Both $$\\mathbf{A}$$ and $$\\mathbf{R}$$ are true and $$\\mathbf{R}$$ is the correct explanation of $$\\mathbf{A}$$",
            "D": "$$\\mathbf{A}$$ is true but $$\\mathbf{R}$$ is false"
        },
        "type": "mcq",
        "correct_answer": 0.0
    },
    {
        "qid": "jaoe38c1lsfjbjdn",
        "question_number": 3,
        "question_value": {
            "text": "The major product(P) in the following reaction is",
            "img_url": "https://app-content.cdn.examgoal.net/fly/@width/image/6y3zli1lsfmcsqg/aeeaf48f-317e-4bd8-9ee5-d6dd48f6c121/db0e6f80-c7d2-11ee-a6e7-91ff3070e761/file-6y3zli1lsfmcsqh.png?format=png"
        },
        "options": {
            "A": {
                "text": null,
                "img_url": "https://app-content.cdn.examgoal.net/fly/@width/image/6y3zli1lsfmco3i/114f651c-0ee6-491d-983a-0b768a651584/d77961e0-c7d2-11ee-a6e7-91ff3070e761/file-6y3zli1lsfmco3j.png?format=png"
            },
            "B": {
                "text": null,
                "img_url": "https://app-content.cdn.examgoal.net/fly/@width/image/6y3zli1lsfmcjel/9850486f-b24a-4ad3-a911-8958ff339565/d3d9a5e0-c7d2-11ee-a6e7-91ff3070e761/file-6y3zli1lsfmcjem.png?format=png"
            },
            "C": {
                "text": null,
                "img_url": "https://app-content.cdn.examgoal.net/fly/@width/image/6y3zli1lsfmceyw/64041b40-15a5-4557-a93d-8c15969fb62b/d06c4480-c7d2-11ee-a6e7-91ff3070e761/file-6y3zli1lsfmceyx.png?format=png"
            },
            "D": {
                "text": null,
                "img_url": "https://app-content.cdn.examgoal.net/fly/@width/image/6y3zli1lsfmca27/9d2bdc2c-ba7d-4d8b-96f8-1874cea4e0df/cca9be40-c7d2-11ee-a6e7-91ff3070e761/file-6y3zli1lsfmca3o.png?format=png"
            }
        },
        "type": "mcq",
        "correct_answer": 2.0
    },
    {
        "qid": "jaoe38c1lsfjc2c9",
        "question_number": 4,
        "question_value": {
            "text": "Identify product A and product B :",
            "img_url": "https://app-content.cdn.examgoal.net/fly/@width/image/6y3zli1lsfmh2yx/e27537f2-98be-46e6-8fd9-2b931f6e44a4/52333aa0-c7d3-11ee-a6e7-91ff3070e761/file-6y3zli1lsfmh2yy.png?format=png"
        },
        "options": {
            "A": {
                "text": null,
                "img_url": "https://app-content.cdn.examgoal.net/fly/@width/image/6y3zli1lsfmgz95/3eb9c77d-afa0-46b7-a2e9-6be3d76b1a23/4f543690-c7d3-11ee-a6e7-91ff3070e761/file-6y3zli1lsfmgz96.png?format=png"
            },
            "B": {
                "text": null,
                "img_url": "https://app-content.cdn.examgoal.net/fly/@width/image/6y3zli1lsfmgvi9/604ca137-0909-4c87-a694-bde8b73ac68f/4c6f3f10-c7d3-11ee-a6e7-91ff3070e761/file-6y3zli1lsfmgvia.png?format=png"
            },
            "C": {
                "text": null,
                "img_url": "https://app-content.cdn.examgoal.net/fly/@width/image/6y3zli1lsfmgs6d/a2f6136d-82c6-4993-8cc9-d232c92e3ef7/49dcad50-c7d3-11ee-a6e7-91ff3070e761/file-6y3zli1lsfmgs6e.png?format=png"
            },
            "D": {
                "text": null,
                "img_url": "https://app-content.cdn.examgoal.net/fly/@width/image/6y3zli1lsfmgomk/970134c3-2d89-409e-8b97-54d8239afe0a/471e9ec0-c7d3-11ee-a6e7-91ff3070e761/file-6y3zli1lsfmgoml.png?format=png"
            }
        },
        "type": "mcq",
        "correct_answer": 0.0
    },
    {
        "qid": "jaoe38c1lsfjcqir",
        "question_number": 5,
        "question_value": {
            "text": "the arenium ion which is not involved in the bromination of Aniline is __________.",
            "img_url": null
        },
        "options": {
            "A": {
                "text": null,
                "img_url": "https://app-content.cdn.examgoal.net/fly/@width/image/6y3zli1lsfmka3c/341a5840-0914-42ac-9ef6-03a32ed39810/ab210980-c7d3-11ee-a6e7-91ff3070e761/file-6y3zli1lsfmka3d.png?format=png"
            },
            "B": {
                "text": null,
                "img_url": "https://app-content.cdn.examgoal.net/fly/@width/image/6y3zli1lsfmk4z2/1bb58dae-fc7a-45d9-8e6d-52022395cce6/a72cc4e0-c7d3-11ee-a6e7-91ff3070e761/file-6y3zli1lsfmk4z3.png?format=png"
            },
            "C": {
                "text": null,
                "img_url": "https://app-content.cdn.examgoal.net/fly/@width/image/6y3zli1lsfmk08o/74afea54-c653-476d-8e7f-75d3bf743b03/a384cb80-c7d3-11ee-a6e7-91ff3070e761/file-6y3zli1lsfmk08p.png?format=png"
            },
            "D": {
                "text": null,
                "img_url": "https://app-content.cdn.examgoal.net/fly/@width/image/6y3zli1lsfmjv7i/821adf4a-0d21-472f-a13f-861120a4ff6a/9fa19de0-c7d3-11ee-a6e7-91ff3070e761/file-6y3zli1lsfmjv7j.png?format=png"
            }
        },
        "type": "mcq",
        "correct_answer": 3.0
    },
    {
        "qid": "jaoe38c1lsfjhjvg",
        "question_number": 8,
        "question_value": {
            "text": "In chromyl chloride test for confirmation of $$\\mathrm{Cl}^{-}$$ ion, a yellow solution is obtained. Acidification of the solution and addition of amyl alcohol and $$10 \\% \\mathrm{~H}_2 \\mathrm{O}_2$$ turns organic layer blue indicating formation of chromium pentoxide. The oxidation state of chromium in that is",
            "img_url": null
        },
        "options": {
            "A": "+6",
            "B": "+5",
            "C": "+3",
            "D": "+10"
        },
        "type": "mcq",
        "correct_answer": 0.0
    },
    {
        "qid": "jaoe38c1lsfjihy9",
        "question_number": 9,
        "question_value": {
            "text": "Type of amino acids obtained by hydrolysis of proteins is :",
            "img_url": null
        },
        "options": {
            "A": "$$\\gamma$$",
            "B": "$$\\beta$$",
            "C": "$$\\alpha$$",
            "D": "$$\\delta$$"
        },
        "type": "mcq",
        "correct_answer": 2.0
    },
    {
        "qid": "jaoe38c1lsfjl0qx",
        "question_number": 10,
        "question_value": {
            "text": "The correct set of four quantum numbers for the valence electron of rubidium atom $$(\\mathrm{Z}=37)$$ is :",
            "img_url": null
        },
        "options": {
            "A": "$$5,1,1,+\\frac{1}{2}$$",
            "B": "$$5,0,0,+\\frac{1}{2}$$",
            "C": "$$5,0,1,+\\frac{1}{2}$$",
            "D": "$$5,1,0,+\\frac{1}{2}$$"
        },
        "type": "mcq",
        "correct_answer": 1.0
    },
    {
        "qid": "jaoe38c1lsfjlsrq",
        "question_number": 11,
        "question_value": {
            "text": "The difference in energy between the actual structure and the lowest energy resonance structure for the given compound is",
            "img_url": null
        },
        "options": {
            "A": "electromeric energy",
            "B": "resonance energy",
            "C": "ionization energy",
            "D": "hyperconjugation energy"
        },
        "type": "mcq",
        "correct_answer": 1.0
    },
    {
        "qid": "jaoe38c1lsfjosx2",
        "question_number": 13,
        "question_value": {
            "text": "The final product A formed in the following multistep reaction sequence is",
            "img_url": "https://app-content.cdn.examgoal.net/fly/@width/image/6y3zli1lsfmnvnh/667bd2cb-0bc9-459c-a394-7e8b7d3a2170/0f35ead0-c7d4-11ee-a6e7-91ff3070e761/file-6y3zli1lsfmnvni.png?format=png"
        },
        "options": {
            "A": {
                "text": null,
                "img_url": "https://app-content.cdn.examgoal.net/fly/@width/image/6y3zli1lsfmnrzb/01cea061-a5d2-4a6d-822a-42c599534c58/0c5fe770-c7d4-11ee-a6e7-91ff3070e761/file-6y3zli1lsfmnrzc.png?format=png"
            },
            "B": {
                "text": null,
                "img_url": "https://app-content.cdn.examgoal.net/fly/@width/image/6y3zli1lsfmnoc8/2031c408-e4eb-4343-b9ab-86348cd7cec7/098fd780-c7d4-11ee-a6e7-91ff3070e761/file-6y3zli1lsfmnoc9.png?format=png"
            },
            "C": {
                "text": null,
                "img_url": "https://app-content.cdn.examgoal.net/fly/@width/image/6y3zli1lsfmnkzf/7140a488-84b3-4952-b4cd-c25686c741ee/06f83cb0-c7d4-11ee-a6e7-91ff3070e761/file-6y3zli1lsfmnkzg.png?format=png"
            },
            "D": {
                "text": null,
                "img_url": "https://app-content.cdn.examgoal.net/fly/@width/image/6y3zli1lsfmngux/59150ac1-4b6b-43c5-bdeb-328db90b88c6/03c88090-c7d4-11ee-a6e7-91ff3070e761/file-6y3zli1lsfmnguy.png?format=png"
            }
        },
        "type": "mcq",
        "correct_answer": 0.0
    },
    {
        "qid": "jaoe38c1lsfjpymm",
        "question_number": 14,
        "question_value": {
            "text": "Which of the following is not correct?",
            "img_url": null
        },
        "options": {
            "A": "$$\\Delta \\mathrm{G}$$ is positive for a spontaneous reaction",
            "B": "$$\\Delta \\mathrm{G}$$ is positive for a non-spontaneous reaction",
            "C": "$$\\Delta \\mathrm{G}$$ is zero for a reversible reaction",
            "D": "$$\\Delta \\mathrm{G}$$ is negative for a spontaneous reaction"
        },
        "type": "mcq",
        "correct_answer": 0.0
    },
    {
        "qid": "jaoe38c1lsfjrkoo",
        "question_number": 15,
        "question_value": {
            "text": "The interaction between $$\\pi$$ bond and lone pair of electrons present on an adjacent atom is responsible for",
            "img_url": null
        },
        "options": {
            "A": "Resonance effect",
            "B": "Electromeric effect",
            "C": "Hyperconjugation",
            "D": "Inductive effect"
        },
        "type": "mcq",
        "correct_answer": 0.0
    },
    {
        "qid": "jaoe38c1lsfjtkwr",
        "question_number": 16,
        "question_value": {
            "text": "In which one of the following metal carbonyls, $$\\mathrm{CO}$$ forms a bridge between metal atoms?",
            "img_url": null
        },
        "options": {
            "A": "$$\\left[\\mathrm{Os}_3(\\mathrm{CO})_{12}\\right]$$",
            "B": "$$\\left[\\mathrm{Ru}_3(\\mathrm{CO})_{12}\\right]$$",
            "C": "$$\\left[\\mathrm{Mn}_2(\\mathrm{CO})_{10}\\right]$$",
            "D": "$$\\left[\\mathrm{Co}_2(\\mathrm{CO})_8\\right]$$"
        },
        "type": "mcq",
        "correct_answer": 3.0
    },
    {
        "qid": "jaoe38c1lsfjw2ps",
        "question_number": 17,
        "question_value": {
            "text": "$$\\mathrm{KMnO}_4$$ decomposes on heating at $$513 \\mathrm{~K}$$ to form $$\\mathrm{O}_2$$ along with",
            "img_url": null
        },
        "options": {
            "A": "$$\\mathrm{K}_2 \\mathrm{MnO}_4 ~\\& \\mathrm{~Mn}$$",
            "B": "$$\\mathrm{MnO}_2 ~\\& \\mathrm{~K}_2 \\mathrm{O}_2$$",
            "C": "$$\\mathrm{K}_2 \\mathrm{MnO}_4 ~\\& \\mathrm{~MnO}_2$$",
            "D": "$$\\mathrm{Mn} ~\\& \\mathrm{~KO}_2$$"
        },
        "type": "mcq",
        "correct_answer": 2.0
    },
    {
        "qid": "jaoe38c1lsfjwynb",
        "question_number": 18,
        "question_value": {
            "text": "Appearance of blood red colour, on treatment of the sodium fusion extract of an organic compound with $$\\mathrm{FeSO}_4$$ in presence of concentrated $$\\mathrm{H}_2 \\mathrm{SO}_4$$ indicates the presence of element/s",
            "img_url": null
        },
        "options": {
            "A": "Br",
            "B": "S",
            "C": "N and S",
            "D": "N"
        },
        "type": "mcq",
        "correct_answer": 2.0
    },
    {
        "qid": "jaoe38c1lsfjzybv",
        "question_number": 20,
        "question_value": {
            "text": "In alkaline medium, $$\\mathrm{MnO}_4^{-}$$ oxidises $$\\mathrm{I}^{-}$$ to",
            "img_url": null
        },
        "options": {
            "A": "$$I_2$$",
            "B": "$$\\mathrm{IO}_3^{-}$$",
            "C": "$$\\mathrm{IO}^{-}$$",
            "D": "$$\\mathrm{IO}_4^{-}$$"
        },
        "type": "mcq",
        "correct_answer": 1.0
    },
    {
        "qid": "jaoe38c1lsfk10zs",
        "question_number": 21,
        "question_value": {
            "text": "The mass of zinc produced by the electrolysis of zine sulphate solution with a steady current of $$0.015 \\mathrm{~A}$$ for 15 minutes is _________ $$\\times 10^{-4} \\mathrm{~g}$$.(Atomic mass of zinc $$=65.4 \\mathrm{~amu}$$)",
            "img_url": null
        },
        "options": {},
        "type": "numerical",
        "correct_answer": 46.0
    },
    {
        "qid": "jaoe38c1lsfk2ayb",
        "question_number": 22,
        "question_value": {
            "text": "A solution of $$\\mathrm{H}_2 \\mathrm{SO}_4$$ is $$31.4 \\% \\mathrm{H}_2 \\mathrm{SO}_4$$ by mass and has a density of $$1.25 \\mathrm{~g} / \\mathrm{mL}$$. The molarity of the $$\\mathrm{H}_2 \\mathrm{SO}_4$$ solution is _________ $$\\mathrm{M}$$ (nearest integer)[Given molar mass of $$\\mathrm{H}_2 \\mathrm{SO}_4=98 \\mathrm{~g} \\mathrm{~mol}^{-1}$$]",
            "img_url": null
        },
        "options": {},
        "type": "numerical",
        "correct_answer": 4.0
    },
    {
        "qid": "jaoe38c1lsfk330e",
        "question_number": 23,
        "question_value": {
            "text": "Consider the given reaction. The total number of oxygen atom/s present per molecule of the product $$(\\mathrm{P})$$ is _________.",
            "img_url": "https://app-content.cdn.examgoal.net/fly/@width/image/6y3zli1lsfmr3o2/64deff9d-2324-4b65-8dec-589fa962a71f/68d49320-c7d4-11ee-a6e7-91ff3070e761/file-6y3zli1lsfmr3o3.png?format=png"
        },
        "options": {},
        "type": "numerical",
        "correct_answer": 1.0
    },
    {
        "qid": "jaoe38c1lsfk477k",
        "question_number": 24,
        "question_value": {
            "text": "For the reaction $$\\mathrm{N}_2 \\mathrm{O}_{4(\\mathrm{~g})} \\rightleftarrows 2 \\mathrm{NO}_{2(\\mathrm{~g})}, \\mathrm{K}_{\\mathrm{p}}=0.492 \\mathrm{~atm}$$ at $$300 \\mathrm{~K} . \\mathrm{K}_{\\mathrm{c}}$$ for the reaction at same temperature is _________ $$\\times 10^{-2}$$.(Given : $$\\mathrm{R}=0.082 \\mathrm{~L} \\mathrm{~atm} \\mathrm{~mol}^{-1} \\mathrm{~K}^{-1}$$)",
            "img_url": null
        },
        "options": {},
        "type": "numerical",
        "correct_answer": 2.0
    },
    {
        "qid": "jaoe38c1lsfk61gm",
        "question_number": 26,
        "question_value": {
            "text": "For a reaction taking place in three steps at same temperature, overall rate constant $$\\mathrm{K}=\\frac{\\mathrm{K}_1 \\mathrm{~K}_2}{\\mathrm{~K}_3}$$. If $$\\mathrm{Ea}_1, \\mathrm{Ea}_2$$ and $$\\mathrm{Ea}_3$$ are 40, 50 and $$60 \\mathrm{~kJ} / \\mathrm{mol}$$ respectively, the overall $$\\mathrm{Ea}$$ is ________ $$\\mathrm{kJ} / \\mathrm{mol}$$.",
            "img_url": null
        },
        "options": {},
        "type": "numerical",
        "correct_answer": 30.0
    },
    {
        "qid": "jaoe38c1lsfk8a0m",
        "question_number": 30,
        "question_value": {
            "text": "The osmotic pressure of a dilute solution is $$7 \\times 10^5 \\mathrm{~Pa}$$ at $$273 \\mathrm{~K}$$. Osmotic pressure of the same solution at $$283 \\mathrm{~K}$$ is _________ $$\\times 10^4 \\mathrm{Nm}^{-2}$$.",
            "img_url": null
        },
        "options": {},
        "type": "numerical",
        "correct_answer": 73.0
    },
    {
        "qid": "jaoe38c1lsey8r3c",
        "question_number": 31,
        "question_value": {
            "text": "Suppose $$f(x)=\\frac{\\left(2^x+2^{-x}\\right) \\tan x \\sqrt{\\tan ^{-1}\\left(x^2-x+1\\right)}}{\\left(7 x^2+3 x+1\\right)^3}$$. Then the value of $$f^{\\prime}(0)$$ is equal to",
            "img_url": null
        },
        "options": {
            "A": "$$\\pi$$",
            "B": "$$\\sqrt{\\pi}$$",
            "C": "0",
            "D": "$$\\frac{\\pi}{2}$$"
        },
        "type": "mcq",
        "correct_answer": 1.0
    },
    {
        "qid": "jaoe38c1lseyalpj",
        "question_number": 32,
        "question_value": {
            "text": "Let $$\\vec{a}, \\vec{b}$$ and $$\\vec{c}$$ be three non-zero vectors such that $$\\vec{b}$$ and $$\\vec{c}$$ are non-collinear. If $$\\vec{a}+5 \\vec{b}$$ is collinear with $$\\vec{c}, \\vec{b}+6 \\vec{c}$$ is collinear with $$\\vec{a}$$ and $$\\vec{a}+\\alpha \\vec{b}+\\beta \\vec{c}=\\overrightarrow{0}$$, then $$\\alpha+\\beta$$ is equal to",
            "img_url": null
        },
        "options": {
            "A": "30",
            "B": "$$-$$30",
            "C": "$$-$$25",
            "D": "35"
        },
        "type": "mcq",
        "correct_answer": 3.0
    },
    {
        "qid": "jaoe38c1lseyc1v8",
        "question_number": 33,
        "question_value": {
            "text": "Let $$\\left(5, \\frac{a}{4}\\right)$$ be the circumcenter of a triangle with vertices $$\\mathrm{A}(a,-2), \\mathrm{B}(a, 6)$$ and $$C\\left(\\frac{a}{4},-2\\right)$$. Let $$\\alpha$$ denote the circumradius, $$\\beta$$ denote the area and $$\\gamma$$ denote the perimeter of the triangle. Then $$\\alpha+\\beta+\\gamma$$ is",
            "img_url": null
        },
        "options": {
            "A": "60",
            "B": "62",
            "C": "53",
            "D": "30"
        },
        "type": "mcq",
        "correct_answer": 2.0
    },
    {
        "qid": "jaoe38c1lseydb0d",
        "question_number": 34,
        "question_value": {
            "text": "If $$\\alpha,-\\frac{\\pi}{2}<\\alpha<\\frac{\\pi}{2}$$ is the solution of $$4 \\cos \\theta+5 \\sin \\theta=1$$, then the value of $$\\tan \\alpha$$ is",
            "img_url": null
        },
        "options": {
            "A": "$$\\frac{10-\\sqrt{10}}{12}$$",
            "B": "$$\\frac{\\sqrt{10}-10}{6}$$",
            "C": "$$\\frac{\\sqrt{10}-10}{12}$$",
            "D": "$$\\frac{10-\\sqrt{10}}{6}$$"
        },
        "type": "mcq",
        "correct_answer": 2.0
    },
    {
        "qid": "jaoe38c1lseyfkoa",
        "question_number": 35,
        "question_value": {
            "text": "If in a G.P. of 64 terms, the sum of all the terms is 7 times the sum of the odd terms of the G.P, then the common ratio of the G.P. is equal to",
            "img_url": null
        },
        "options": {
            "A": "7",
            "B": "6",
            "C": "5",
            "D": "4"
        },
        "type": "mcq",
        "correct_answer": 1.0
    },
    {
        "qid": "jaoe38c1lseygjua",
        "question_number": 36,
        "question_value": {
            "text": "A fair die is thrown until 2 appears. Then the probability, that 2 appears in even number of throws, is",
            "img_url": null
        },
        "options": {
            "A": "$$\\frac{5}{11}$$",
            "B": "$$\\frac{5}{6}$$",
            "C": "$$\\frac{1}{6}$$",
            "D": "$$\\frac{6}{11}$$"
        },
        "type": "mcq",
        "correct_answer": 0.0
    },
    {
        "qid": "jaoe38c1lseyi8z2",
        "question_number": 37,
        "question_value": {
            "text": "In an A.P., the sixth term $$a_6=2$$. If the product $$a_1 a_4 a_5$$ is the greatest, then the common difference of the A.P. is equal to",
            "img_url": null
        },
        "options": {
            "A": "$$\\frac{2}{3}$$",
            "B": "$$\\frac{5}{8}$$",
            "C": "$$\\frac{3}{2}$$",
            "D": "$$\\frac{8}{5}$$"
        },
        "type": "mcq",
        "correct_answer": 3.0
    },
    {
        "qid": "jaoe38c1lseyky4c",
        "question_number": 38,
        "question_value": {
            "text": "$$\\text { Let } A=\\left[\\begin{array}{lll}\n1 & 0 & 0 \\\\\n0 & \\alpha & \\beta \\\\\n0 & \\beta & \\alpha\n\\end{array}\\right] \\text { and }|2 \\mathrm{~A}|^3=2^{21} \\text { where } \\alpha, \\beta \\in Z \\text {, Then a value of } \\alpha \\text { is }$$",
            "img_url": null
        },
        "options": {
            "A": "9",
            "B": "17",
            "C": "3",
            "D": "5"
        },
        "type": "mcq",
        "correct_answer": 3.0
    },
    {
        "qid": "jaoe38c1lseymk2g",
        "question_number": 39,
        "question_value": {
            "text": "Let $$R$$ be a relation on $$Z \\times Z$$ defined by $$(a, b) R(c, d)$$ if and only if $$a d-b c$$ is divisible by 5. Then $$R$$ is",
            "img_url": null
        },
        "options": {
            "A": "Reflexive and transitive but not symmetric",
            "B": "Reflexive and symmetric but not transitive",
            "C": "Reflexive but neither symmetric nor transitive",
            "D": "Reflexive, symmetric and transitive"
        },
        "type": "mcq",
        "correct_answer": 1.0
    },
    {
        "qid": "jaoe38c1lseypzri",
        "question_number": 40,
        "question_value": {
            "text": "If $$f(x)=\\left\\{\\begin{array}{cc}2+2 x, & -1 \\leq x < 0 \\\\ 1-\\frac{x}{3}, & 0 \\leq x \\leq 3\\end{array} ; g(x)=\\left\\{\\begin{array}{cc}-x, & -3 \\leq x \\leq 0 \\\\ x, & 0 < x \\leq 1\\end{array}\\right.\\right.$$, then range of $$(f o g)(x)$$ is",
            "img_url": null
        },
        "options": {
            "A": "$$[0,1)$$",
            "B": "$$[0,3)$$",
            "C": "$$(0,1]$$",
            "D": "$$[0,1]$$"
        },
        "type": "mcq",
        "correct_answer": 3.0
    },
    {
        "qid": "jaoe38c1lseyroz7",
        "question_number": 41,
        "question_value": {
            "text": "Let $$O$$ be the origin and the position vectors of $$A$$ and $$B$$ be $$2 \\hat{i}+2 \\hat{j}+\\hat{k}$$ and $$2 \\hat{i}+4 \\hat{j}+4 \\hat{k}$$ respectively. If the internal bisector of $$\\angle \\mathrm{AOB}$$ meets the line $$\\mathrm{AB}$$ at $$\\mathrm{C}$$, then the length of $$O C$$ is",
            "img_url": null
        },
        "options": {
            "A": "$$\\frac{3}{2} \\sqrt{34}$$",
            "B": "$$\\frac{2}{3} \\sqrt{31}$$",
            "C": "$$\\frac{2}{3} \\sqrt{34}$$",
            "D": "$$\\frac{3}{2} \\sqrt{31}$$"
        },
        "type": "mcq",
        "correct_answer": 2.0
    },
    {
        "qid": "jaoe38c1lseyt6uy",
        "question_number": 42,
        "question_value": {
            "text": "In a $$\\triangle A B C$$, suppose $$y=x$$ is the equation of the bisector of the angle $$B$$ and the equation of the side $$A C$$ is $$2 x-y=2$$. If $$2 A B=B C$$ and the points $$A$$ and $$B$$ are respectively $$(4,6)$$ and $$(\\alpha, \\beta)$$, then $$\\alpha+2 \\beta$$ is equal to",
            "img_url": null
        },
        "options": {
            "A": "42",
            "B": "39",
            "C": "48",
            "D": "45"
        },
        "type": "mcq",
        "correct_answer": 0.0
    },
    {
        "qid": "jaoe38c1lseyv2z0",
        "question_number": 43,
        "question_value": {
            "text": "For $$x \\in\\left(-\\frac{\\pi}{2}, \\frac{\\pi}{2}\\right)$$, if $$y(x)=\\int \\frac{\\operatorname{cosec} x+\\sin x}{\\operatorname{cosec} x \\sec x+\\tan x \\sin ^2 x} d x$$, and $$\\lim _\\limits{x \\rightarrow\\left(\\frac{\\pi}{2}\\right)^{-}} y(x)=0$$ then $$y\\left(\\frac{\\pi}{4}\\right)$$ is equal to",
            "img_url": null
        },
        "options": {
            "A": "$$-\\frac{1}{\\sqrt{2}} \\tan ^{-1}\\left(\\frac{1}{\\sqrt{2}}\\right)$$",
            "B": "$$\\tan ^{-1}\\left(\\frac{1}{\\sqrt{2}}\\right)$$",
            "C": "$$\\frac{1}{2} \\tan ^{-1}\\left(\\frac{1}{\\sqrt{2}}\\right)$$",
            "D": "$$\\frac{1}{\\sqrt{2}} \\tan ^{-1}\\left(-\\frac{1}{2}\\right)$$"
        },
        "type": "mcq",
        "correct_answer": 3.0
    },
    {
        "qid": "jaoe38c1lsezyqu2",
        "question_number": 44,
        "question_value": {
            "text": "Let $$\\mathrm{A}$$ be a square matrix such that $$\\mathrm{AA}^{\\mathrm{T}}=\\mathrm{I}$$. Then $$\\frac{1}{2} A\\left[\\left(A+A^T\\right)^2+\\left(A-A^T\\right)^2\\right]$$ is equal to",
            "img_url": null
        },
        "options": {
            "A": "$$\\mathrm{A}^2+\\mathrm{A}^{\\mathrm{T}}$$",
            "B": "$$\\mathrm{A}^3+\\mathrm{I}$$",
            "C": "$$\\mathrm{A}^3+\\mathrm{A}^{\\mathrm{T}}$$",
            "D": "$$\\mathrm{A}^2+\\mathrm{I}$$"
        },
        "type": "mcq",
        "correct_answer": 2.0
    },
    {
        "qid": "jaoe38c1lsf02zvt",
        "question_number": 45,
        "question_value": {
            "text": "If $$z=\\frac{1}{2}-2 i$$ is such that $$|z+1|=\\alpha z+\\beta(1+i), i=\\sqrt{-1}$$ and $$\\alpha, \\beta \\in \\mathbb{R}$$, then $$\\alpha+\\beta$$ is equal to",
            "img_url": null
        },
        "options": {
            "A": "2",
            "B": "$$-$$4",
            "C": "3",
            "D": "$$-$$1"
        },
        "type": "mcq",
        "correct_answer": 2.0
    },
    {
        "qid": "jaoe38c1lsf073t9",
        "question_number": 46,
        "question_value": {
            "text": "Consider the function $$f:\\left[\\frac{1}{2}, 1\\right] \\rightarrow \\mathbb{R}$$ defined by $$f(x)=4 \\sqrt{2} x^3-3 \\sqrt{2} x-1$$. Consider the statements(I) The curve $$y=f(x)$$ intersects the $$x$$-axis exactly at one point.(II) The curve $$y=f(x)$$ intersects the $$x$$-axis at $$x=\\cos \\frac{\\pi}{12}$$.Then",
            "img_url": null
        },
        "options": {
            "A": "Both (I) and (II) are correct.",
            "B": "Only (I) is correct.",
            "C": "Both (I) and (II) are incorrect.",
            "D": "Only (II) is correct."
        },
        "type": "mcq",
        "correct_answer": 0.0
    },
    {
        "qid": "jaoe38c1lsf08uic",
        "question_number": 47,
        "question_value": {
            "text": "Let $$P Q R$$ be a triangle with $$R(-1,4,2)$$. Suppose $$M(2,1,2)$$ is the mid point of $$\\mathrm{PQ}$$. The distance of the centroid of $$\\triangle \\mathrm{PQR}$$ from the point of intersection of the lines $$\\frac{x-2}{0}=\\frac{y}{2}=\\frac{z+3}{-1}$$ and $$\\frac{x-1}{1}=\\frac{y+3}{-3}=\\frac{z+1}{1}$$ is",
            "img_url": null
        },
        "options": {
            "A": "69",
            "B": "$$\\sqrt{99}$$",
            "C": "$$\\sqrt{69}$$",
            "D": "9"
        },
        "type": "mcq",
        "correct_answer": 2.0
    },
    {
        "qid": "jaoe38c1lsf0dr2z",
        "question_number": 48,
        "question_value": {
            "text": "$$\\mathop {\\lim }\\limits_{x \\to {\\pi  \\over 2}} \\left( {{1 \\over {{{\\left( {x - {\\pi  \\over 2}} \\right)}^2}}}\\int\\limits_{{x^3}}^{{{\\left( {{\\pi  \\over 2}} \\right)}^3}} {\\cos \\left( {{t^{{1 \\over 3}}}} \\right)dt} } \\right)$$ is equal to",
            "img_url": null
        },
        "options": {
            "A": "$$\\frac{3 \\pi^2}{4}$$",
            "B": "$$\\frac{3 \\pi^2}{8}$$",
            "C": "$$\\frac{3 \\pi}{4}$$",
            "D": "$$\\frac{3 \\pi}{8}$$"
        },
        "type": "mcq",
        "correct_answer": 1.0
    },
    {
        "qid": "jaoe38c1lsf0ewla",
        "question_number": 49,
        "question_value": {
            "text": "A function $$y=f(x)$$ satisfies $$f(x) \\sin 2 x+\\sin x-\\left(1+\\cos ^2 x\\right) f^{\\prime}(x)=0$$ with condition $$f(0)=0$$. Then, $$f\\left(\\frac{\\pi}{2}\\right)$$ is equal to",
            "img_url": null
        },
        "options": {
            "A": "2",
            "B": "1",
            "C": "$$-$$1",
            "D": "0"
        },
        "type": "mcq",
        "correct_answer": 1.0
    },
    {
        "qid": "jaoe38c1lsf0gf9u",
        "question_number": 50,
        "question_value": {
            "text": "If the value of the integral $$\\int_\\limits{-\\frac{\\pi}{2}}^{\\frac{\\pi}{2}}\\left(\\frac{x^2 \\cos x}{1+\\pi^x}+\\frac{1+\\sin ^2 x}{1+e^{\\sin x^{2123}}}\\right) d x=\\frac{\\pi}{4}(\\pi+a)-2$$, then the value of $$a$$ is",
            "img_url": null
        },
        "options": {
            "A": "$$-\\frac{3}{2}$$",
            "B": "3",
            "C": "$$\\frac{3}{2}$$",
            "D": "2"
        },
        "type": "mcq",
        "correct_answer": 1.0
    },
    {
        "qid": "jaoe38c1lsf0hs1k",
        "question_number": 51,
        "question_value": {
            "text": "The area (in sq. units) of the part of the circle $$x^2+y^2=169$$ which is below the line $$5 x-y=13$$ is $$\\frac{\\pi \\alpha}{2 \\beta}-\\frac{65}{2}+\\frac{\\alpha}{\\beta} \\sin ^{-1}\\left(\\frac{12}{13}\\right)$$, where $$\\alpha, \\beta$$ are coprime numbers. Then $$\\alpha+\\beta$$ is equal to __________.",
            "img_url": null
        },
        "options": {},
        "type": "numerical",
        "correct_answer": 171.0
    },
    {
        "qid": "jaoe38c1lsf0j0pi",
        "question_number": 52,
        "question_value": {
            "text": "If the mean and variance of the data $$65,68,58,44,48,45,60, \\alpha, \\beta, 60$$ where $$\\alpha> \\beta$$, are 56 and 66.2 respectively, then $$\\alpha^2+\\beta^2$$ is equal to _________.",
            "img_url": null
        },
        "options": {},
        "type": "numerical",
        "correct_answer": 6344.0
    },
    {
        "qid": "jaoe38c1lsf0k4jf",
        "question_number": 53,
        "question_value": {
            "text": "Equations of two diameters of a circle are $$2 x-3 y=5$$ and $$3 x-4 y=7$$. The line joining the points $$\\left(-\\frac{22}{7},-4\\right)$$ and $$\\left(-\\frac{1}{7}, 3\\right)$$ intersects the circle at only one point $$P(\\alpha, \\beta)$$. Then, $$17 \\beta-\\alpha$$ is equal to _________.",
            "img_url": null
        },
        "options": {},
        "type": "numerical",
        "correct_answer": 2.0
    },
    {
        "qid": "jaoe38c1lsf0lnlm",
        "question_number": 54,
        "question_value": {
            "text": "A line with direction ratios $$2,1,2$$ meets the lines $$x=y+2=z$$ and $$x+2=2 y=2 z$$ respectively at the points $$\\mathrm{P}$$ and $$\\mathrm{Q}$$. If the length of the perpendicular from the point $$(1,2,12)$$ to the line $$\\mathrm{PQ}$$ is $$l$$, then $$l^2$$ is __________.",
            "img_url": null
        },
        "options": {},
        "type": "numerical",
        "correct_answer": 65.0
    },
    {
        "qid": "jaoe38c1lsf0mkur",
        "question_number": 55,
        "question_value": {
            "text": "$$\\text { If } \\frac{{ }^{11} C_1}{2}+\\frac{{ }^{11} C_2}{3}+\\ldots+\\frac{{ }^{11} C_9}{10}=\\frac{n}{m} \\text { with } \\operatorname{gcd}(n, m)=1 \\text {, then } n+m \\text { is equal to }$$ _______.",
            "img_url": null
        },
        "options": {},
        "type": "numerical",
        "correct_answer": 2041.0
    },
    {
        "qid": "jaoe38c1lsf0no1u",
        "question_number": 56,
        "question_value": {
            "text": "If the points of intersection of two distinct conics $$x^2+y^2=4 b$$ and $$\\frac{x^2}{16}+\\frac{y^2}{b^2}=1$$ lie on the curve $$y^2=3 x^2$$, then $$3 \\sqrt{3}$$ times the area of the rectangle formed by the intersection points is _________.",
            "img_url": null
        },
        "options": {},
        "type": "numerical",
        "correct_answer": 432.0
    },
    {
        "qid": "jaoe38c1lsf0oh50",
        "question_number": 57,
        "question_value": {
            "text": "All the letters of the word \"GTWENTY\" are written in all possible ways with or without meaning and these words are written as in a dictionary. The serial number of the word \"GTWENTY\" is _________.",
            "img_url": null
        },
        "options": {},
        "type": "numerical",
        "correct_answer": 553.0
    },
    {
        "qid": "jaoe38c1lsf0qr88",
        "question_number": 58,
        "question_value": {
            "text": "Let $$\\alpha, \\beta$$ be the roots of the equation $$x^2-x+2=0$$ with $$\\operatorname{Im}(\\alpha)>\\operatorname{Im}(\\beta)$$. Then $$\\alpha^6+\\alpha^4+\\beta^4-5 \\alpha^2$$ is equal to ___________.",
            "img_url": null
        },
        "options": {},
        "type": "numerical",
        "correct_answer": 13.0
    },
    {
        "qid": "jaoe38c1lsf0sbol",
        "question_number": 59,
        "question_value": {
            "text": "Let $$f(x)=2^x-x^2, x \\in \\mathbb{R}$$. If $$m$$ and $$n$$ are respectively the number of points at which the curves $$y=f(x)$$ and $$y=f^{\\prime}(x)$$ intersect the $$x$$-axis, then the value of $$\\mathrm{m}+\\mathrm{n}$$ is ___________.",
            "img_url": null
        },
        "options": {},
        "type": "numerical",
        "correct_answer": 5.0
    },
    {
        "qid": "jaoe38c1lsf0v366",
        "question_number": 60,
        "question_value": {
            "text": "If the solution curve $$y=y(x)$$ of the differential equation $$\\left(1+y^2\\right)\\left(1+\\log _{\\mathrm{e}} x\\right) d x+x d y=0, x > 0$$ passes through the point $$(1,1)$$ and $$y(e)=\\frac{\\alpha-\\tan \\left(\\frac{3}{2}\\right)}{\\beta+\\tan \\left(\\frac{3}{2}\\right)}$$, then $$\\alpha+2 \\beta$$ is _________.",
            "img_url": null
        },
        "options": {},
        "type": "numerical",
        "correct_answer": 3.0
    },
    {
        "qid": "jaoe38c1lsf0z1zf",
        "question_number": 61,
        "question_value": {
            "text": "The resistance $$R=\\frac{V}{I}$$ where $$\\mathrm{V}=(200 \\pm 5) \\mathrm{V}$$ and $$I=(20 \\pm 0.2) \\mathrm{A}$$, the percentage error in the measurement of $$\\mathrm{R}$$ is :",
            "img_url": null
        },
        "options": {
            "A": "5.5%",
            "B": "3%",
            "C": "7%",
            "D": "3.5%"
        },
        "type": "mcq",
        "correct_answer": 3.0
    },
    {
        "qid": "jaoe38c1lsf11a0t",
        "question_number": 62,
        "question_value": {
            "text": "The de-Broglie wavelength of an electron is the same as that of a photon. If velocity of electron is $$25 \\%$$ of the velocity of light, then the ratio of K.E. of electron and K.E. of photon will be:",
            "img_url": null
        },
        "options": {
            "A": "$$\\frac{1}{4}$$",
            "B": "$$\\frac{8}{1}$$",
            "C": "$$\\frac{1}{8}$$",
            "D": "$$\\frac{1}{1}$$"
        },
        "type": "mcq",
        "correct_answer": 2.0
    },
    {
        "qid": "jaoe38c1lsf12puz",
        "question_number": 63,
        "question_value": {
            "text": "A convex mirror of radius of curvature $$30 \\mathrm{~cm}$$ forms an image that is half the size of the object. The object distance is :",
            "img_url": null
        },
        "options": {
            "A": "$$-$$45 cm",
            "B": "$$-$$15 cm",
            "C": "45 cm",
            "D": "15 cm"
        },
        "type": "mcq",
        "correct_answer": 1.0
    },
    {
        "qid": "jaoe38c1lsf144o3",
        "question_number": 64,
        "question_value": {
            "text": "The deflection in moving coil galvanometer falls from 25 divisions to 5 division when a shunt of $$24 \\Omega$$ is applied. The resistance of galvanometer coil will be :",
            "img_url": null
        },
        "options": {
            "A": "$$48 \\Omega$$",
            "B": "$$100 \\Omega$$",
            "C": "$$96 \\Omega$$",
            "D": "$$12 \\Omega$$"
        },
        "type": "mcq",
        "correct_answer": 2.0
    },
    {
        "qid": "jaoe38c1lsf15ms4",
        "question_number": 65,
        "question_value": {
            "text": "A capacitor of capacitance $$100 \\mu \\mathrm{F}$$ is charged to a potential of $$12 \\mathrm{~V}$$ and connected to a $$6.4 \\mathrm{~mH}$$ inductor to produce oscillations. The maximum current in the circuit would be :",
            "img_url": null
        },
        "options": {
            "A": "2.0 A",
            "B": "3.2 A",
            "C": "1.5 A",
            "D": "1.2 A"
        },
        "type": "mcq",
        "correct_answer": 2.0
    },
    {
        "qid": "jaoe38c1lsf1734z",
        "question_number": 66,
        "question_value": {
            "text": "At what distance above and below the surface of the earth a body will have same weight. (take radius of earth as $$R$$.)",
            "img_url": null
        },
        "options": {
            "A": "$$\\frac{\\sqrt{3} R-R}{2}$$",
            "B": "$$\\frac{R}{2}$$",
            "C": "$$\\frac{\\sqrt{5} R-R}{2}$$",
            "D": "$$\\sqrt{5} R-R$$"
        },
        "type": "mcq",
        "correct_answer": 2.0
    },
    {
        "qid": "jaoe38c1lsf18uwe",
        "question_number": 67,
        "question_value": {
            "text": "A galvanometer having coil resistance $$10 \\Omega$$ shows a full scale deflection for a current of $$3 \\mathrm{~mA}$$. For it to measure a current of $$8 \\mathrm{~A}$$, the value of the shunt should be:",
            "img_url": null
        },
        "options": {
            "A": "$$3.75 \\times 10^{-3} \\Omega$$",
            "B": "$$3 \\times 10^{-3} \\Omega$$",
            "C": "$$4.85 \\times 10^{-3} \\Omega$$",
            "D": "$$2.75 \\times 10^{-3} \\Omega$$"
        },
        "type": "mcq",
        "correct_answer": 0.0
    },
    {
        "qid": "jaoe38c1lsf1aj1u",
        "question_number": 68,
        "question_value": {
            "text": "A thermodynamic system is taken from an original state $$\\mathrm{A}$$ to an intermediate state $$B$$ by a linear process as shown in the figure. It's volume is then reduced to the original value from $$\\mathrm{B}$$ to $$\\mathrm{C}$$ by an isobaric process. The total work done by the gas from $$A$$ to $$B$$ and $$B$$ to $$C$$ would be :",
            "img_url": "https://app-content.cdn.examgoal.net/fly/@width/image/6y3zli1lsfm6q3u/d652f13e-3bb3-4f30-b8c0-1bb318f67685/322c07b0-c7d2-11ee-a6e7-91ff3070e761/file-6y3zli1lsfm6q3v.png?format=png"
        },
        "options": {
            "A": "800 J",
            "B": "2200 J",
            "C": "33800 J",
            "D": "1200 J"
        },
        "type": "mcq",
        "correct_answer": 0.0
    },
    {
        "qid": "jaoe38c1lsf1c6hx",
        "question_number": 69,
        "question_value": {
            "text": "Two charges of $$5 Q$$ and $$-2 Q$$ are situated at the points $$(3 a, 0)$$ and $$(-5 a, 0)$$ respectively. The electric flux through a sphere of radius '$$4 a$$' having center at origin is :",
            "img_url": null
        },
        "options": {
            "A": "$$\\frac{2 Q}{\\varepsilon_0}$$",
            "B": "$$\\frac{7 Q}{\\varepsilon_0}$$",
            "C": "$$\\frac{3 Q}{\\varepsilon_0}$$",
            "D": "$$\\frac{5 Q}{\\varepsilon_0}$$"
        },
        "type": "mcq",
        "correct_answer": 3.0
    },
    {
        "qid": "jaoe38c1lsf1dkee",
        "question_number": 70,
        "question_value": {
            "text": "A biconvex lens of refractive index 1.5 has a focal length of $$20 \\mathrm{~cm}$$ in air. Its focal length when immersed in a liquid of refractive index 1.6 will be:",
            "img_url": null
        },
        "options": {
            "A": "$$-$$16 cm",
            "B": "+16 cm",
            "C": "+160 cm",
            "D": "$$-$$160 cm"
        },
        "type": "mcq",
        "correct_answer": 3.0
    },
    {
        "qid": "jaoe38c1lsf1fzjr",
        "question_number": 71,
        "question_value": {
            "text": "A block of mass $$100 \\mathrm{~kg}$$ slides over a distance of $$10 \\mathrm{~m}$$ on a horizontal surface. If the co-efficient of friction between the surfaces is 0.4, then the work done against friction $$(\\operatorname{in} J$$) is :",
            "img_url": null
        },
        "options": {
            "A": "3900",
            "B": "4500",
            "C": "4200",
            "D": "4000"
        },
        "type": "mcq",
        "correct_answer": 3.0
    },
    {
        "qid": "jaoe38c1lsf1k2mp",
        "question_number": 73,
        "question_value": {
            "text": "If the radius of curvature of the path of two particles of same mass are in the ratio $$3: 4$$, then in order to have constant centripetal force, their velocities will be in the ratio of :",
            "img_url": null
        },
        "options": {
            "A": "$$1: \\sqrt{3}$$",
            "B": "$$2: \\sqrt{3}$$",
            "C": "$$\\sqrt{3}: 2$$",
            "D": "$$\\sqrt{3}: 1$$"
        },
        "type": "mcq",
        "correct_answer": 2.0
    },
    {
        "qid": "jaoe38c1lsf1r1av",
        "question_number": 75,
        "question_value": {
            "text": "Two vessels $$A$$ and $$B$$ are of the same size and are at same temperature. A contains $$1 \\mathrm{~g}$$ of hydrogen and $$B$$ contains $$1 \\mathrm{~g}$$ of oxygen. $$\\mathrm{P}_{\\mathrm{A}}$$ and $$\\mathrm{P}_{\\mathrm{B}}$$ are the pressures of the gases in $$\\mathrm{A}$$ and $$\\mathrm{B}$$ respectively, then $$\\frac{P_A}{P_B}$$ is:",
            "img_url": null
        },
        "options": {
            "A": "4",
            "B": "32",
            "C": "8",
            "D": "16"
        },
        "type": "mcq",
        "correct_answer": 3.0
    },
    {
        "qid": "jaoe38c1lsf1s97s",
        "question_number": 76,
        "question_value": {
            "text": "In the given circuit, the breakdown voltage of the Zener diode is $$3.0 \\mathrm{~V}$$. What is the value of $$\\mathrm{I}_{\\mathrm{z}}$$ ?",
            "img_url": "https://app-content.cdn.examgoal.net/fly/@width/image/6y3zli1lsfm7q5u/64cb94a9-ecfe-47e7-9a05-53165c4f4a08/4e060120-c7d2-11ee-a6e7-91ff3070e761/file-6y3zli1lsfm7q5v.png?format=png"
        },
        "options": {
            "A": "3.3 mA",
            "B": "10 mA",
            "C": "5.5 mA",
            "D": "7 mA"
        },
        "type": "mcq",
        "correct_answer": 2.0
    },
    {
        "qid": "jaoe38c1lsf1tqy7",
        "question_number": 77,
        "question_value": {
            "text": "A body starts moving from rest with constant acceleration covers displacement $$S_1$$ in first $$(p-1)$$ seconds and $$\\mathrm{S}_2$$ in first $$p$$ seconds. The displacement $$\\mathrm{S}_1+\\mathrm{S}_2$$ will be made in time :",
            "img_url": null
        },
        "options": {
            "A": "$$(2 p+1) s$$",
            "B": "$$(2 p-1) s$$",
            "C": "$$\\left(2 p^2-2 p+1\\right) s$$",
            "D": "$$\\sqrt{\\left(2 p^2-2 p+1\\right)} s$$"
        },
        "type": "mcq",
        "correct_answer": 3.0
    },
    {
        "qid": "jaoe38c1lsf1v1sw",
        "question_number": 78,
        "question_value": {
            "text": "The electric current through a wire varies with time as $$I=I_0+\\beta t$$, where $$I_0=20 \\mathrm{~A}$$ and $$\\beta=3 \\mathrm{~A} / \\mathrm{s}$$. The amount of electric charge crossed through a section of the wire in $$20 \\mathrm{~s}$$ is :",
            "img_url": null
        },
        "options": {
            "A": "80 C",
            "B": "800 C",
            "C": "1000 C",
            "D": "1600 C"
        },
        "type": "mcq",
        "correct_answer": 2.0
    },
    {
        "qid": "jaoe38c1lsf1whjx",
        "question_number": 79,
        "question_value": {
            "text": "The potential energy function (in $$J$$ ) of a particle in a region of space is given as $$U=\\left(2 x^2+3 y^3+2 z\\right)$$. Here $$x, y$$ and $$z$$ are in meter. The magnitude of $$x$$-component of force (in $$N$$ ) acting on the particle at point $$P(1,2,3) \\mathrm{m}$$ is :",
            "img_url": null
        },
        "options": {
            "A": "4",
            "B": "2",
            "C": "8",
            "D": "6"
        },
        "type": "mcq",
        "correct_answer": 0.0
    },
    {
        "qid": "jaoe38c1lsf1zpzt",
        "question_number": 80,
        "question_value": {
            "text": "The explosive in a Hydrogen bomb is a mixture of $${ }_1 \\mathrm{H}^2,{ }_1 \\mathrm{H}^3$$ and $${ }_3 \\mathrm{Li}^6$$ in some condensed form. The chain reaction is given by$$\\begin{aligned}\n& { }_3 \\mathrm{Li}^6+{ }_0 \\mathrm{n}^1 \\rightarrow{ }_2 \\mathrm{He}^4+{ }_1 \\mathrm{H}^3 \\\\\n& { }_1 \\mathrm{H}^2+{ }_1 \\mathrm{H}^3 \\rightarrow{ }_2 \\mathrm{He}^4+{ }_0 \\mathrm{n}^1\n\\end{aligned}$$During the explosion the energy released is approximately[Given ; $$\\mathrm{M}(\\mathrm{Li})=6.01690 \\mathrm{~amu}, \\mathrm{M}\\left({ }_1 \\mathrm{H}^2\\right)=2.01471 \\mathrm{~amu}, \\mathrm{M}\\left({ }_2 \\mathrm{He}^4\\right)=4.00388$$ $$\\mathrm{amu}$$, and $$1 \\mathrm{~amu}=931.5 \\mathrm{~MeV}]$$",
            "img_url": null
        },
        "options": {
            "A": "22.22 MeV",
            "B": "28.12 MeV",
            "C": "16.48 MeV",
            "D": "12.64 MeV"
        },
        "type": "mcq",
        "correct_answer": 0.0
    },
    {
        "qid": "jaoe38c1lsf21czh",
        "question_number": 81,
        "question_value": {
            "text": "In a double slit experiment shown in figure, when light of wavelength $$400 \\mathrm{~nm}$$ is used, dark fringe is observed at $$P$$. If $$\\mathrm{D}=0.2 \\mathrm{~m}$$, the minimum distance between the slits $$S_1$$ and $$S_2$$ is _________ $$\\mathrm{mm}$$.",
            "img_url": "https://app-content.cdn.examgoal.net/fly/@width/image/6y3zli1lsfm8rx7/c0d72ee1-99bf-4d68-94ba-a4bfa4a22676/6b3132b0-c7d2-11ee-a6e7-91ff3070e761/file-6y3zli1lsfm8rx8.png?format=png"
        },
        "options": {},
        "type": "numerical",
        "correct_answer": 0.2
    },
    {
        "qid": "jaoe38c1lsf22kej",
        "question_number": 82,
        "question_value": {
            "text": "A cylinder is rolling down on an inclined plane of inclination $$60^{\\circ}$$. It's acceleration during rolling down will be $$\\frac{x}{\\sqrt{3}} m / s^2$$, where $$x=$$ ________ (use $$\\mathrm{g}=10 \\mathrm{~m} / \\mathrm{s}^2$$).",
            "img_url": null
        },
        "options": {},
        "type": "numerical",
        "correct_answer": 10.0
    },
    {
        "qid": "jaoe38c1lsf24sv2",
        "question_number": 83,
        "question_value": {
            "text": "An electron is moving under the influence of the electric field of a uniformly charged infinite plane sheet $$\\mathrm{S}$$ having surface charge density $$+\\sigma$$. The electron at $$t=0$$ is at a distance of $$1 \\mathrm{~m}$$ from $$S$$ and has a speed of $$1 \\mathrm{~m} / \\mathrm{s}$$. The maximum value of $$\\sigma$$ if the electron strikes $$S$$ at $$t=1 \\mathrm{~s}$$ is $$\\alpha\\left[\\frac{m \\epsilon_0}{e}\\right] \\frac{C}{m^2}$$, the value of $$\\alpha$$ is ___________.",
            "img_url": null
        },
        "options": {},
        "type": "numerical",
        "correct_answer": 8.0
    },
    {
        "qid": "jaoe38c1lsf266gl",
        "question_number": 84,
        "question_value": {
            "text": "When a hydrogen atom going from $$n=2$$ to $$n=1$$ emits a photon, its recoil speed is $$\\frac{x}{5} \\mathrm{~m} / \\mathrm{s}$$. Where $$x=$$ ________. (Use, mass of hydrogen atom $$=1.6 \\times 10^{-27} \\mathrm{~kg}$$)",
            "img_url": null
        },
        "options": {},
        "type": "numerical",
        "correct_answer": 17.0
    },
    {
        "qid": "jaoe38c1lsf27ly3",
        "question_number": 85,
        "question_value": {
            "text": "A square loop of side $$10 \\mathrm{~cm}$$ and resistance $$0.7 \\Omega$$ is placed vertically in east-west plane. A uniform magnetic field of $$0.20 T$$ is set up across the plane in north east direction. The magnetic field is decreased to zero in $$1 \\mathrm{~s}$$ at a steady rate. Then, magnitude of induced emf is $$\\sqrt{x} \\times 10^{-3} \\mathrm{~V}$$. The value of $$x$$ is __________.",
            "img_url": null
        },
        "options": {},
        "type": "numerical",
        "correct_answer": 2.0
    },
    {
        "qid": "jaoe38c1lsf28w8s",
        "question_number": 86,
        "question_value": {
            "text": "The magnetic potential due to a magnetic dipole at a point on its axis situated at a distance of $$20 \\mathrm{~cm}$$ from its center is $$1.5 \\times 10^{-5} \\mathrm{~T} \\mathrm{~m}$$. The magnetic moment of the dipole is _________ $$A \\mathrm{~m}^2$$. (Given : $$\\frac{\\mu_o}{4 \\pi}=10^{-7} \\mathrm{Tm} A^{-1}$$ )",
            "img_url": null
        },
        "options": {},
        "type": "numerical",
        "correct_answer": 6.0
    },
    {
        "qid": "jaoe38c1lsf29y5g",
        "question_number": 87,
        "question_value": {
            "text": "A $$16 \\Omega$$ wire is bend to form a square loop. A $$9 \\mathrm{~V}$$ battery with internal resistance $$1 \\Omega$$ is connected across one of its sides. If a $$4 \\mu F$$ capacitor is connected across one of its diagonals, the energy stored by the capacitor will be $$\\frac{x}{2} \\mu J$$, where $$x=$$ _________",
            "img_url": null
        },
        "options": {},
        "type": "numerical",
        "correct_answer": 81.0
    },
    {
        "qid": "jaoe38c1lsf2apoc",
        "question_number": 88,
        "question_value": {
            "text": "When the displacement of a simple harmonic oscillator is one third of its amplitude, the ratio of total energy to the kinetic energy is $$\\frac{x}{8}$$, where $$x=$$ _________.",
            "img_url": null
        },
        "options": {},
        "type": "numerical",
        "correct_answer": 9.0
    },
    {
        "qid": "jaoe38c1lsf2c9hr",
        "question_number": 89,
        "question_value": {
            "text": "A ball rolls off the top of a stairway with horizontal velocity $$u$$. The steps are $$0.1 \\mathrm{~m}$$ high and $$0.1 \\mathrm{~m}$$ wide. The minimum velocity $$u$$ with which that ball just hits the step 5 of the stairway will be $$\\sqrt{x} \\mathrm{~ms}^{-1}$$ where $$x=$$ __________ [use $$\\mathrm{g}=10 \\mathrm{~m} / \\mathrm{s}^2$$ ].",
            "img_url": null
        },
        "options": {},
        "type": "numerical",
        "correct_answer": 2.0
    },
    {
        "qid": "jaoe38c1lsf2deu8",
        "question_number": 90,
        "question_value": {
            "text": "In a test experiment on a model aeroplane in wind tunnel, the flow speeds on the upper and lower surfaces of the wings are $$70 \\mathrm{~ms}^{-1}$$ and $$65 \\mathrm{~ms}^{-1}$$ respectively. If the wing area is $$2 \\mathrm{~m}^2$$, the lift of the wing is _________ $$N$$.(Given density of air $$=1.2 \\mathrm{~kg} \\mathrm{~m}^{-3}$$)",
            "img_url": null
        },
        "options": {},
        "type": "numerical",
        "correct_answer": 810.0
    }
]