[
    {
        "qid": "jaoe38c1lsfmftc2",
        "question_number": 1,
        "question_value": {
            "text": "On passing a gas, '$$\\mathrm{X}$$', through Nessler's regent, a brown precipitate is obtained. The gas '$$\\mathrm{X}$$' is",
            "img_url": null
        },
        "options": {
            "A": "$$\\mathrm{Cl}_2$$",
            "B": "$$\\mathrm{CO}_2$$",
            "C": "$$\\mathrm{NH}_3$$",
            "D": "$$\\mathrm{H}_2 \\mathrm{S}$$"
        },
        "type": "mcq",
        "correct_answer": 2.0
    },
    {
        "qid": "jaoe38c1lsfmj26w",
        "question_number": 3,
        "question_value": {
            "text": "Which of the following acts as a strong reducing agent? (Atomic number: $$\\mathrm{Ce}=58, \\mathrm{Eu}=63, \\mathrm{Gd}=64, \\mathrm{Lu}=71$$)",
            "img_url": null
        },
        "options": {
            "A": "$$\\mathrm{Eu}^{2+}$$",
            "B": "$$\\mathrm{Gd}^{3+}$$",
            "C": "$$\\mathrm{Lu}^{3+}$$",
            "D": "$$\\mathrm{Ce}^{4+}$$"
        },
        "type": "mcq",
        "correct_answer": 0.0
    },
    {
        "qid": "jaoe38c1lsfmotns",
        "question_number": 7,
        "question_value": {
            "text": "The element having the highest first ionization enthalpy is",
            "img_url": null
        },
        "options": {
            "A": "$$\\mathrm{C}$$",
            "B": "$$\\mathrm{Al}$$",
            "C": "$$\\mathrm{Si}$$",
            "D": "$$\\mathrm{N}$$"
        },
        "type": "mcq",
        "correct_answer": 3.0
    },
    {
        "qid": "jaoe38c1lsfmrppj",
        "question_number": 9,
        "question_value": {
            "text": "The ascending acidity order of the following H atoms is",
            "img_url": "https://app-content.cdn.examgoal.net/fly/@width/image/6y3zli1lsg9xj73/3c830871-0e6e-4e17-91f6-461e8ac08f6c/0da6aff0-c82f-11ee-8c6b-bfa4f1fff66a/file-6y3zli1lsg9xj74.png?format=png"
        },
        "options": {
            "A": "A < B < D < C",
            "B": "A < B < C < D",
            "C": "D < C < B < A",
            "D": "C < D < B < A"
        },
        "type": "mcq",
        "correct_answer": 3.0
    },
    {
        "qid": "jaoe38c1lsfmsj1m",
        "question_number": 10,
        "question_value": {
            "text": "The correct IUPAC name of $$\\mathrm{K}_2 \\mathrm{MnO}_4$$ is",
            "img_url": null
        },
        "options": {
            "A": "Potassium tetraoxidomanganate (VI)",
            "B": "Dipotassium tetraoxidomanganate (VII)",
            "C": "Potassium tetraoxopermanganate (VI)",
            "D": "Potassium tetraoxidomanganese (VI)"
        },
        "type": "mcq",
        "correct_answer": 0.0
    },
    {
        "qid": "jaoe38c1lsfmuccv",
        "question_number": 11,
        "question_value": {
            "text": "Identify the reagents used for the following conversion",
            "img_url": "https://app-content.cdn.examgoal.net/fly/@width/image/6y3zli1lsg9ytue/30cb38f7-a15c-4813-afec-aa8e7ecbc691/31af6360-c82f-11ee-8c6b-bfa4f1fff66a/file-6y3zli1lsg9ytuf.png?format=png"
        },
        "options": {
            "A": "$$\\mathrm{A}=\\mathrm{LiAlH}_4, \\mathrm{~B}=\\mathrm{NaOH}_{(\\mathrm{aq})}, \\mathrm{C}=\\mathrm{NH}_2-\\mathrm{NH}_2 / \\mathrm{KOH} \\text {, ethylene glycol }$$",
            "B": "$$\\mathrm{A}=\\mathrm{DIBAL}-\\mathrm{H}, \\mathrm{B}=\\mathrm{NaOH}_{(\\mathrm{aq})}, \\mathrm{C}=\\mathrm{NH}_2-\\mathrm{NH}_2 / \\mathrm{KOH} \\text {, ethylene glycol }$$",
            "C": "$$\\mathrm{A}=\\mathrm{LiAlH}_4, \\mathrm{~B}=\\mathrm{NaOH}_{(\\mathrm{alc})}, \\mathrm{C}=\\mathrm{Zn} / \\mathrm{HCl}$$",
            "D": "$$\\mathrm{A}=\\mathrm{DIBAL}-\\mathrm{H}, \\mathrm{B}=\\mathrm{NaOH}_{(\\mathrm{alc})}, \\mathrm{C}=\\mathrm{Zn} / \\mathrm{HCl}$$"
        },
        "type": "mcq",
        "correct_answer": 3.0
    },
    {
        "qid": "jaoe38c1lsfmwj21",
        "question_number": 13,
        "question_value": {
            "text": "Which of the following reaction is correct?",
            "img_url": null
        },
        "options": {
            "A": "$$\\mathrm{C}_2 \\mathrm{H}_5 \\mathrm{CONH}_2+\\mathrm{Br}_2+\\mathrm{NaOH} \\rightarrow \\mathrm{C}_2 \\mathrm{H}_5 \\mathrm{CH}_2 \\mathrm{NH}_2+\\mathrm{Na}_2 \\mathrm{CO}_3+\\mathrm{NaBr}+\\mathrm{H}_2 \\mathrm{O}$$",
            "B": {
                "text": null,
                "img_url": "https://app-content.cdn.examgoal.net/fly/@width/image/6y3zli1lsga16kj/f9cf1d66-7a81-4d9d-a2ce-3ea77ab37cce/73224d30-c82f-11ee-8c6b-bfa4f1fff66a/file-6y3zli1lsga16kk.png?format=png"
            },
            "C": {
                "text": null,
                "img_url": "https://app-content.cdn.examgoal.net/fly/@width/image/6y3zli1lsga13fo/9b044565-8648-4e8d-ac05-eef3dd9660b2/70b65640-c82f-11ee-8c6b-bfa4f1fff66a/file-6y3zli1lsga13fp.png?format=png"
            },
            "D": "$$\\mathrm{CH}_3 \\mathrm{CH}_2 \\mathrm{CH}_2 \\mathrm{NH}_2 \\xrightarrow[\\mathrm{H}_2 \\mathrm{O}]{\\mathrm{HNO}_2, 0^{\\circ} \\mathrm{C}} \\mathrm{CH}_3 \\mathrm{CH}_2 \\mathrm{OH}+\\mathrm{N}_2+\\mathrm{HCl}$$"
        },
        "type": "mcq",
        "correct_answer": 2.0
    },
    {
        "qid": "jaoe38c1lsfp8dv0",
        "question_number": 14,
        "question_value": {
            "text": "Anomalous behavior of oxygen is due to its",
            "img_url": null
        },
        "options": {
            "A": "large size and low electronegativity",
            "B": "small size and high electronegativity",
            "C": "small size and low electronegativity",
            "D": "large size and high electronegativity"
        },
        "type": "mcq",
        "correct_answer": 1.0
    },
    {
        "qid": "jaoe38c1lsfp940l",
        "question_number": 15,
        "question_value": {
            "text": "Which one of the following will show geometrical isomerism?",
            "img_url": null
        },
        "options": {
            "A": {
                "text": null,
                "img_url": "https://app-content.cdn.examgoal.net/fly/@width/image/6y3zli1lsga4pa3/c9e6bbfd-8dbe-4c69-9c46-39e6dd67eb44/d503acb0-c82f-11ee-8c6b-bfa4f1fff66a/file-6y3zli1lsga4pa4.png?format=png"
            },
            "B": {
                "text": null,
                "img_url": "https://app-content.cdn.examgoal.net/fly/@width/image/6y3zli1lsga4tyj/d0224c4e-97ec-46d8-9746-53c5db8ca065/d8a0f7b0-c82f-11ee-8c6b-bfa4f1fff66a/file-6y3zli1lsga4tyk.png?format=png"
            },
            "C": {
                "text": null,
                "img_url": "https://app-content.cdn.examgoal.net/fly/@width/image/6y3zli1lsga4yxx/c99bd326-7918-4a2d-b894-6baddfad7033/dc7a6150-c82f-11ee-8c6b-bfa4f1fff66a/file-6y3zli1lsga4yxy.png?format=png"
            },
            "D": {
                "text": null,
                "img_url": "https://app-content.cdn.examgoal.net/fly/@width/image/6y3zli1lsga55oz/66f37e6e-1cdc-4ce7-81f0-ea9c064c91a5/e1b18630-c82f-11ee-8c6b-bfa4f1fff66a/file-6y3zli1lsga55p0.png?format=png"
            }
        },
        "type": "mcq",
        "correct_answer": 0.0
    },
    {
        "qid": "jaoe38c1lsfpafnm",
        "question_number": 16,
        "question_value": {
            "text": "A reagent which gives brilliant red precipitate with Nickel ions in basic medium is",
            "img_url": null
        },
        "options": {
            "A": "dimethyl glyoxime",
            "B": "sodium nitroprusside",
            "C": "meta-dinitrobenzene",
            "D": "neutral $$\\mathrm{FeCl}_3$$"
        },
        "type": "mcq",
        "correct_answer": 0.0
    },
    {
        "qid": "jaoe38c1lsfpbasr",
        "question_number": 17,
        "question_value": {
            "text": "Phenol treated with chloroform in presence of sodium hydroxide, which further hydrolyzed in presence of an acid results",
            "img_url": null
        },
        "options": {
            "A": "Salicylic acid",
            "B": "Benzene-1,2-diol",
            "C": "2-Hydroxybenzaldehyde",
            "D": "Benzene-1,3-diol"
        },
        "type": "mcq",
        "correct_answer": 2.0
    },
    {
        "qid": "jaoe38c1lsfpdxci",
        "question_number": 19,
        "question_value": {
            "text": "The product A formed in the following reaction is",
            "img_url": "https://app-content.cdn.examgoal.net/fly/@width/image/6y3zli1lsga9kue/acbeaa2e-677c-46ba-9c4f-fcf2d8761440/5ca22660-c830-11ee-8c6b-bfa4f1fff66a/file-6y3zli1lsga9kuf.png?format=png"
        },
        "options": {
            "A": {
                "text": null,
                "img_url": "https://app-content.cdn.examgoal.net/fly/@width/image/6y3zli1lsga9og5/bf3b7adb-066c-497a-a678-2c291a9a3542/5f6ae350-c830-11ee-8c6b-bfa4f1fff66a/file-6y3zli1lsga9og6.png?format=png"
            },
            "B": {
                "text": null,
                "img_url": "https://app-content.cdn.examgoal.net/fly/@width/image/6y3zli1lsga9sud/0c228801-f1e1-40e5-a116-045409ebb34e/62d00750-c830-11ee-8c6b-bfa4f1fff66a/file-6y3zli1lsga9sue.png?format=png"
            },
            "C": {
                "text": null,
                "img_url": "https://app-content.cdn.examgoal.net/fly/@width/image/6y3zli1lsga9wwf/e945f7e5-5433-4c8f-9075-1429e819cbc1/65f255f0-c830-11ee-8c6b-bfa4f1fff66a/file-6y3zli1lsga9wwg.png?format=png"
            },
            "D": {
                "text": null,
                "img_url": "https://app-content.cdn.examgoal.net/fly/@width/image/6y3zli1lsgaa1l1/e5554a8d-cb56-4540-bf6a-dd430ddb33f0/69908b50-c830-11ee-8c6b-bfa4f1fff66a/file-6y3zli1lsgaa1l2.png?format=png"
            }
        },
        "type": "mcq",
        "correct_answer": 2.0
    },
    {
        "qid": "jaoe38c1lsfpev1i",
        "question_number": 20,
        "question_value": {
            "text": "Alkyl halide is converted into alkyl isocyanide by reaction with",
            "img_url": null
        },
        "options": {
            "A": "$$\\mathrm{KCN}$$",
            "B": "$$\\mathrm{NH}_4 \\mathrm{CN}$$",
            "C": "$$\\mathrm{NaCN}$$",
            "D": "$$\\mathrm{AgCN}$$"
        },
        "type": "mcq",
        "correct_answer": 3.0
    },
    {
        "qid": "jaoe38c1lsfpfuqi",
        "question_number": 21,
        "question_value": {
            "text": "The total number of molecules with zero dipole moment among $$\\mathrm{CH}_4, \\mathrm{BF}_3, \\mathrm{H}_2 \\mathrm{O}, \\mathrm{HF}, \\mathrm{NH}_3, \\mathrm{CO}_2$$ and $$\\mathrm{SO}_2$$ is ________.",
            "img_url": null
        },
        "options": {},
        "type": "numerical",
        "correct_answer": 3.0
    },
    {
        "qid": "jaoe38c1lsfphgly",
        "question_number": 22,
        "question_value": {
            "text": "Standard enthalpy of vapourisation for $$\\mathrm{CCl}_4$$ is $$30.5 \\mathrm{~kJ} \\mathrm{~mol}^{-1}$$. Heat required for vapourisation of $$284 \\mathrm{~g}$$ of $$\\mathrm{CCl}_4$$ at constant temperature is ________ $$\\mathrm{kJ}$$.(Given molar mass in $$\\mathrm{g} \\mathrm{mol}^{-1} ; \\mathrm{C}=12, \\mathrm{Cl}=35.5$$)",
            "img_url": null
        },
        "options": {},
        "type": "numerical",
        "correct_answer": 56.0
    },
    {
        "qid": "jaoe38c1lsfpilz3",
        "question_number": 23,
        "question_value": {
            "text": "If $$50 \\mathrm{~mL}$$ of $$0.5 \\mathrm{M}$$ oxalic acid is required to neutralise $$25 \\mathrm{~mL}$$ of $$\\mathrm{NaOH}$$ solution, the amount of $$\\mathrm{NaOH}$$ in $$50 \\mathrm{~mL}$$ of given $$\\mathrm{NaOH}$$ solution is ______ g.",
            "img_url": null
        },
        "options": {},
        "type": "numerical",
        "correct_answer": 4.0
    },
    {
        "qid": "jaoe38c1lsfpjmru",
        "question_number": 24,
        "question_value": {
            "text": "The following concentrations were observed at $$500 \\mathrm{~K}$$ for the formation of $$\\mathrm{NH}_3$$ from $$\\mathrm{N}_2$$ and $$\\mathrm{H}_2$$. At equilibrium ; $$\\left[\\mathrm{N}_2\\right]=2 \\times 10^{-2} \\mathrm{M},\\left[\\mathrm{H}_2\\right]=3 \\times 10^{-2} \\mathrm{M}$$ and $$\\left[\\mathrm{NH}_3\\right]=1.5 \\times 10^{-2} \\mathrm{M}$$. Equilibrium constant for the reaction is ________.",
            "img_url": null
        },
        "options": {},
        "type": "numerical",
        "correct_answer": 417.0
    },
    {
        "qid": "jaoe38c1lsfpkwk0",
        "question_number": 25,
        "question_value": {
            "text": "A constant current was passed through a solution of $$\\mathrm{AuCl}_4^{-}$$ ion between gold electrodes. After a period of 10.0 minutes, the increase in mass of cathode was $$1.314 \\mathrm{~g}$$. The total charge passed through the solution is _______ $$\\times 10^{-2} \\mathrm{~F}$$.(Given atomic mass of $$\\mathrm{Au}=197$$)",
            "img_url": null
        },
        "options": {},
        "type": "numerical",
        "correct_answer": 2.0
    },
    {
        "qid": "jaoe38c1lsfplid6",
        "question_number": 26,
        "question_value": {
            "text": "The total number of anti bonding molecular orbitals, formed from $$2 s$$ and $$2 p$$ atomic orbitals in a diatomic molecule is _______.",
            "img_url": null
        },
        "options": {},
        "type": "numerical",
        "correct_answer": 4.0
    },
    {
        "qid": "jaoe38c1lsfpmc1s",
        "question_number": 27,
        "question_value": {
            "text": "The half-life of radioisotope bromine - 82 is 36 hours. The fraction which remains after one day is ________ $$\\times 10^{-2}$$.(Given antilog $$0.2006=1.587$$)",
            "img_url": null
        },
        "options": {},
        "type": "numerical",
        "correct_answer": 63.0
    },
    {
        "qid": "jaoe38c1lsfpmwq9",
        "question_number": 28,
        "question_value": {
            "text": "The total number of 'Sigma' and 'Pi' bonds in 2-formylhex-4-enoic acid is _________.",
            "img_url": null
        },
        "options": {},
        "type": "numerical",
        "correct_answer": 22.0
    },
    {
        "qid": "jaoe38c1lsfpnil4",
        "question_number": 29,
        "question_value": {
            "text": "The oxidation number of iron in the compound formed during brown ring test for NO$$_3^-$$ iron is ________.",
            "img_url": null
        },
        "options": {},
        "type": "numerical",
        "correct_answer": 1.0
    },
    {
        "qid": "jaoe38c1lsfpoo1e",
        "question_number": 30,
        "question_value": {
            "text": "Molality of 0.8 M H$$_2$$SO$$_4$$ solution (density 1.06 g cm$$^{-3}$$) is ________ $$\\times10^{-3}$$ m.",
            "img_url": null
        },
        "options": {},
        "type": "numerical",
        "correct_answer": 815.0
    },
    {
        "qid": "jaoe38c1lsfk9w8g",
        "question_number": 31,
        "question_value": {
            "text": "Number of ways of arranging 8 identical books into 4 identical shelves where any number of shelves may remain empty is equal to",
            "img_url": null
        },
        "options": {
            "A": "18",
            "B": "16",
            "C": "12",
            "D": "15"
        },
        "type": "mcq",
        "correct_answer": 3.0
    },
    {
        "qid": "jaoe38c1lsfkb2im",
        "question_number": 32,
        "question_value": {
            "text": "Let $$\\mathrm{A}$$ be the point of intersection of the lines $$3 x+2 y=14,5 x-y=6$$ and $$\\mathrm{B}$$ be the point of intersection of the lines $$4 x+3 y=8,6 x+y=5$$. The distance of the point $$P(5,-2)$$ from the line $$\\mathrm{AB}$$ is",
            "img_url": null
        },
        "options": {
            "A": "$$\\frac{13}{2}$$",
            "B": "8",
            "C": "$$\\frac{5}{2}$$",
            "D": "6"
        },
        "type": "mcq",
        "correct_answer": 3.0
    },
    {
        "qid": "jaoe38c1lsfkcmax",
        "question_number": 33,
        "question_value": {
            "text": "If $$\\int \\frac{\\sin ^{\\frac{3}{2}} x+\\cos ^{\\frac{3}{2}} x}{\\sqrt{\\sin ^3 x \\cos ^3 x \\sin (x-\\theta)}} d x=A \\sqrt{\\cos \\theta \\tan x-\\sin \\theta}+B \\sqrt{\\cos \\theta-\\sin \\theta \\cot x}+C$$, where $$C$$ is the integration constant, then $$A B$$ is equal to",
            "img_url": null
        },
        "options": {
            "A": "$$2 \\sec \\theta$$",
            "B": "$$8 \\operatorname{cosec}(2 \\theta)$$",
            "C": "$$4 \\operatorname{cosec}(2 \\theta)$$",
            "D": "$$4 \\sec \\theta$$"
        },
        "type": "mcq",
        "correct_answer": 1.0
    },
    {
        "qid": "jaoe38c1lsfkdr4d",
        "question_number": 34,
        "question_value": {
            "text": "The distance of the point $$(2,3)$$ from the line $$2 x-3 y+28=0$$, measured parallel to the line $$\\sqrt{3} x-y+1=0$$, is equal to",
            "img_url": null
        },
        "options": {
            "A": "$$3+4 \\sqrt{2}$$",
            "B": "$$6 \\sqrt{3}$$",
            "C": "$$4+6 \\sqrt{3}$$",
            "D": "$$4 \\sqrt{2}$$"
        },
        "type": "mcq",
        "correct_answer": 2.0
    },
    {
        "qid": "jaoe38c1lsfkf8y5",
        "question_number": 35,
        "question_value": {
            "text": "Let a unit vector $$\\hat{u}=x \\hat{i}+y \\hat{j}+z \\hat{k}$$ make angles $$\\frac{\\pi}{2}, \\frac{\\pi}{3}$$ and $$\\frac{2 \\pi}{3}$$ with the vectors $$\\frac{1}{\\sqrt{2}} \\hat{i}+\\frac{1}{\\sqrt{2}} \\hat{k}, \\frac{1}{\\sqrt{2}} \\hat{j}+\\frac{1}{\\sqrt{2}} \\hat{k}$$ and $$\\frac{1}{\\sqrt{2}} \\hat{i}+\\frac{1}{\\sqrt{2}} \\hat{j}$$ respectively. If $$\\vec{v}=\\frac{1}{\\sqrt{2}} \\hat{i}+\\frac{1}{\\sqrt{2}} \\hat{j}+\\frac{1}{\\sqrt{2}} \\hat{k}$$ then $$|\\hat{u}-\\vec{v}|^2$$ is equal to",
            "img_url": null
        },
        "options": {
            "A": "$$\\frac{11}{2}$$",
            "B": "$$\\frac{5}{2}$$",
            "C": "7",
            "D": "9"
        },
        "type": "mcq",
        "correct_answer": 1.0
    },
    {
        "qid": "jaoe38c1lsfkgqg0",
        "question_number": 36,
        "question_value": {
            "text": "The function $$f(x)=\\frac{x}{x^2-6 x-16}, x \\in \\mathbb{R}-\\{-2,8\\}$$",
            "img_url": null
        },
        "options": {
            "A": "decreases in $$(-\\infty,-2) \\cup(-2,8) \\cup(8, \\infty)$$",
            "B": "increases in $$(-\\infty,-2) \\cup(-2,8) \\cup(8, \\infty)$$",
            "C": "decreases in $$(-2,8)$$ and increases in $$(-\\infty,-2) \\cup(8, \\infty)$$",
            "D": "decreases in $$(-\\infty,-2)$$ and increases in $$(8, \\infty)$$"
        },
        "type": "mcq",
        "correct_answer": 0.0
    },
    {
        "qid": "jaoe38c1lsfkhne6",
        "question_number": 37,
        "question_value": {
            "text": "If R is the smallest equivalence relation on the set $$\\{1,2,3,4\\}$$ such that $$\\{(1,2),(1,3)\\} \\subset \\mathrm{R}$$, then the number of elements in $$\\mathrm{R}$$ is __________.",
            "img_url": null
        },
        "options": {
            "A": "15",
            "B": "10",
            "C": "12",
            "D": "8"
        },
        "type": "mcq",
        "correct_answer": 1.0
    },
    {
        "qid": "jaoe38c1lsfkircs",
        "question_number": 38,
        "question_value": {
            "text": "If the mean and variance of five observations are $$\\frac{24}{5}$$ and $$\\frac{194}{25}$$ respectively and the mean of the first four observations is $$\\frac{7}{2}$$, then the variance of the first four observations in equal to",
            "img_url": null
        },
        "options": {
            "A": "$$\\frac{5}{4}$$",
            "B": "$$\\frac{4}{5}$$",
            "C": "$$\\frac{105}{4}$$",
            "D": "$$\\frac{77}{12}$$"
        },
        "type": "mcq",
        "correct_answer": 0.0
    },
    {
        "qid": "jaoe38c1lsfkjy12",
        "question_number": 39,
        "question_value": {
            "text": "Let $$\\mathrm{P}(3,2,3), \\mathrm{Q}(4,6,2)$$ and $$\\mathrm{R}(7,3,2)$$ be the vertices of $$\\triangle \\mathrm{PQR}$$. Then, the angle $$\\angle \\mathrm{QPR}$$ is",
            "img_url": null
        },
        "options": {
            "A": "$$\\cos ^{-1}\\left(\\frac{7}{18}\\right)$$",
            "B": "$$\\frac{\\pi}{6}$$",
            "C": "$$\\cos ^{-1}\\left(\\frac{1}{18}\\right)$$",
            "D": "$$\\frac{\\pi}{3}$$"
        },
        "type": "mcq",
        "correct_answer": 3.0
    },
    {
        "qid": "jaoe38c1lsfkl66w",
        "question_number": 40,
        "question_value": {
            "text": "$$\\text { Let } y=\\log _e\\left(\\frac{1-x^2}{1+x^2}\\right),-1 < x<1 \\text {. Then at } x=\\frac{1}{2} \\text {, the value of } 225\\left(y^{\\prime}-y^{\\prime \\prime}\\right) \\text { is equal to }$$",
            "img_url": null
        },
        "options": {
            "A": "732",
            "B": "736",
            "C": "742",
            "D": "746"
        },
        "type": "mcq",
        "correct_answer": 1.0
    },
    {
        "qid": "jaoe38c1lsfkmm1m",
        "question_number": 41,
        "question_value": {
            "text": "If $$\\log _e \\mathrm{a}, \\log _e \\mathrm{~b}, \\log _e \\mathrm{c}$$ are in an A.P. and $$\\log _e \\mathrm{a}-\\log _e 2 \\mathrm{~b}, \\log _e 2 \\mathrm{~b}-\\log _e 3 \\mathrm{c}, \\log _e 3 \\mathrm{c} -\\log _e$$ a are also in an A.P, then $$a: b: c$$ is equal to",
            "img_url": null
        },
        "options": {
            "A": "$$6: 3: 2$$",
            "B": "$$9: 6: 4$$",
            "C": "$$25: 10: 4$$",
            "D": "$$16: 4: 1$$"
        },
        "type": "mcq",
        "correct_answer": 1.0
    },
    {
        "qid": "jaoe38c1lsfknrcy",
        "question_number": 42,
        "question_value": {
            "text": "If $$\\sin \\left(\\frac{y}{x}\\right)=\\log _e|x|+\\frac{\\alpha}{2}$$ is the solution of the differential equation $$x \\cos \\left(\\frac{y}{x}\\right) \\frac{d y}{d x}=y \\cos \\left(\\frac{y}{x}\\right)+x$$ and $$y(1)=\\frac{\\pi}{3}$$, then $$\\alpha^2$$ is equal to",
            "img_url": null
        },
        "options": {
            "A": "12",
            "B": "9",
            "C": "4",
            "D": "3"
        },
        "type": "mcq",
        "correct_answer": 3.0
    },
    {
        "qid": "jaoe38c1lsfkotb7",
        "question_number": 43,
        "question_value": {
            "text": "An integer is chosen at random from the integers $$1,2,3, \\ldots, 50$$. The probability that the chosen integer is a multiple of atleast one of 4, 6 and 7 is",
            "img_url": null
        },
        "options": {
            "A": "$$\\frac{8}{25}$$",
            "B": "$$\\frac{9}{50}$$",
            "C": "$$\\frac{14}{25}$$",
            "D": "$$\\frac{21}{50}$$"
        },
        "type": "mcq",
        "correct_answer": 3.0
    },
    {
        "qid": "jaoe38c1lsfkro4t",
        "question_number": 44,
        "question_value": {
            "text": "Let $$\\overrightarrow{O A}=\\vec{a}, \\overrightarrow{O B}=12 \\vec{a}+4 \\vec{b} \\text { and } \\overrightarrow{O C}=\\vec{b}$$, where O is the origin. If S is the parallelogram with adjacent sides OA and OC, then $$\\mathrm{{{area\\,of\\,the\\,quadrilateral\\,OA\\,BC} \\over {area\\,of\\,S}}}$$ is equal to _________.",
            "img_url": null
        },
        "options": {
            "A": "7",
            "B": "6",
            "C": "8",
            "D": "10"
        },
        "type": "mcq",
        "correct_answer": 2.0
    },
    {
        "qid": "jaoe38c1lsfksmfv",
        "question_number": 45,
        "question_value": {
            "text": "The function $$f(x)=2 x+3(x)^{\\frac{2}{3}}, x \\in \\mathbb{R}$$, has",
            "img_url": null
        },
        "options": {
            "A": "exactly one point of local minima and no point of local maxima",
            "B": "exactly one point of local maxima and exactly one point of local minima",
            "C": "exactly two points of local maxima and exactly one point of local minima",
            "D": "exactly one point of local maxima and no point of local minima"
        },
        "type": "mcq",
        "correct_answer": 1.0
    },
    {
        "qid": "jaoe38c1lsfktybb",
        "question_number": 46,
        "question_value": {
            "text": "If each term of a geometric progression $$a_1, a_2, a_3, \\ldots$$ with $$a_1=\\frac{1}{8}$$ and $$a_2 \\neq a_1$$, is the arithmetic mean of the next two terms and $$S_n=a_1+a_2+\\ldots . .+a_n$$, then $$S_{20}-S_{18}$$ is equal to",
            "img_url": null
        },
        "options": {
            "A": "$$-2^{15}$$",
            "B": "$$2^{15}$$",
            "C": "$$-2^{18}$$",
            "D": "$$2^{18}$$"
        },
        "type": "mcq",
        "correct_answer": 0.0
    },
    {
        "qid": "jaoe38c1lsfkvcni",
        "question_number": 47,
        "question_value": {
            "text": "Let $$\\mathrm{r}$$ and $$\\theta$$ respectively be the modulus and amplitude of the complex number $$z=2-i\\left(2 \\tan \\frac{5 \\pi}{8}\\right)$$, then $$(\\mathrm{r}, \\theta)$$ is equal to",
            "img_url": null
        },
        "options": {
            "A": "$$\\left(2 \\sec \\frac{11 \\pi}{8}, \\frac{11 \\pi}{8}\\right)$$",
            "B": "$$\\left(2 \\sec \\frac{3 \\pi}{8}, \\frac{3 \\pi}{8}\\right)$$",
            "C": "$$\\left(2 \\sec \\frac{5 \\pi}{8}, \\frac{3 \\pi}{8}\\right)$$",
            "D": "$$\\left(2 \\sec \\frac{3 \\pi}{8}, \\frac{5 \\pi}{8}\\right)$$"
        },
        "type": "mcq",
        "correct_answer": 1.0
    },
    {
        "qid": "jaoe38c1lsfkwdj6",
        "question_number": 48,
        "question_value": {
            "text": "The sum of the solutions $$x \\in \\mathbb{R}$$ of the equation $$\\frac{3 \\cos 2 x+\\cos ^3 2 x}{\\cos ^6 x-\\sin ^6 x}=x^3-x^2+6$$ is",
            "img_url": null
        },
        "options": {
            "A": "3",
            "B": "1",
            "C": "0",
            "D": "$$-$$1"
        },
        "type": "mcq",
        "correct_answer": 3.0
    },
    {
        "qid": "jaoe38c1lsfkxule",
        "question_number": 49,
        "question_value": {
            "text": "Let $$x=\\frac{m}{n}$$ ($$m, n$$ are co-prime natural numbers) be a solution of the equation $$\\cos \\left(2 \\sin ^{-1} x\\right)=\\frac{1}{9}$$ and let $$\\alpha, \\beta(\\alpha >\\beta)$$ be the roots of the equation $$m x^2-n x-m+ n=0$$. Then the point $$(\\alpha, \\beta)$$ lies on the line",
            "img_url": null
        },
        "options": {
            "A": "$$3 x-2 y=-2$$",
            "B": "$$3 x+2 y=2$$",
            "C": "$$5 x+8 y=9$$",
            "D": "$$5 x-8 y=-9$$"
        },
        "type": "mcq",
        "correct_answer": 2.0
    },
    {
        "qid": "jaoe38c1lsfkynmn",
        "question_number": 50,
        "question_value": {
            "text": "Let $$A=\\left[\\begin{array}{ccc}2 & 1 & 2 \\\\ 6 & 2 & 11 \\\\ 3 & 3 & 2\\end{array}\\right]$$ and $$P=\\left[\\begin{array}{lll}1 & 2 & 0 \\\\ 5 & 0 & 2 \\\\ 7 & 1 & 5\\end{array}\\right]$$. The sum of the prime factors of $$\\left|P^{-1} A P-2 I\\right|$$ is equal to",
            "img_url": null
        },
        "options": {
            "A": "66",
            "B": "27",
            "C": "23",
            "D": "26"
        },
        "type": "mcq",
        "correct_answer": 3.0
    },
    {
        "qid": "jaoe38c1lsfkztkt",
        "question_number": 51,
        "question_value": {
            "text": "Let O be the origin, and M and $$\\mathrm{N}$$ be the points on the lines $$\\frac{x-5}{4}=\\frac{y-4}{1}=\\frac{z-5}{3}$$ and $$\\frac{x+8}{12}=\\frac{y+2}{5}=\\frac{z+11}{9}$$ respectively such that $$\\mathrm{MN}$$ is the shortest distance between the given lines. Then $$\\overrightarrow{O M} \\cdot \\overrightarrow{O N}$$ is equal to _________.",
            "img_url": null
        },
        "options": {},
        "type": "numerical",
        "correct_answer": 9.0
    },
    {
        "qid": "jaoe38c1lsfl0gg5",
        "question_number": 52,
        "question_value": {
            "text": "Let the area of the region $$\\left\\{(x, y): 0 \\leq x \\leq 3,0 \\leq y \\leq \\min \\left\\{x^2+2,2 x+2\\right\\}\\right\\}$$ be A. Then $$12 \\mathrm{~A}$$ is equal to __________.",
            "img_url": null
        },
        "options": {},
        "type": "numerical",
        "correct_answer": 164.0
    },
    {
        "qid": "jaoe38c1lsfl1j5e",
        "question_number": 53,
        "question_value": {
            "text": "Let the set $$C=\\left\\{(x, y) \\mid x^2-2^y=2023, x, y \\in \\mathbb{N}\\right\\}$$. Then $$\\sum_\\limits{(x, y) \\in C}(x+y)$$ is equal to _________.",
            "img_url": null
        },
        "options": {},
        "type": "numerical",
        "correct_answer": 46.0
    },
    {
        "qid": "jaoe38c1lsfl2jrf",
        "question_number": 54,
        "question_value": {
            "text": "Let the slope of the line $$45 x+5 y+3=0$$ be $$27 r_1+\\frac{9 r_2}{2}$$ for some $$r_1, r_2 \\in \\mathbb{R}$$. Then $$\\lim _\\limits{x \\rightarrow 3}\\left(\\int_3^x \\frac{8 t^2}{\\frac{3 r_2 x}{2}-r_2 x^2-r_1 x^3-3 x} d t\\right)$$ is equal to _________.",
            "img_url": null
        },
        "options": {},
        "type": "numerical",
        "correct_answer": 12.0
    },
    {
        "qid": "jaoe38c1lsfl3s5i",
        "question_number": 55,
        "question_value": {
            "text": "Let $$\\alpha, \\beta$$ be the roots of the equation $$x^2-\\sqrt{6} x+3=0$$ such that $$\\operatorname{Im}(\\alpha)>\\operatorname{Im}(\\beta)$$. Let $$a, b$$ be integers not divisible by 3 and $$n$$ be a natural number such that $$\\frac{\\alpha^{99}}{\\beta}+\\alpha^{98}=3^n(a+i b), i=\\sqrt{-1}$$. Then $$n+a+b$$ is equal to __________.",
            "img_url": null
        },
        "options": {},
        "type": "numerical",
        "correct_answer": 49.0
    },
    {
        "qid": "jaoe38c1lsfl56cy",
        "question_number": 56,
        "question_value": {
            "text": "Let for any three distinct consecutive terms $$a, b, c$$ of an A.P, the lines $$a x+b y+c=0$$ be concurrent at the point $$P$$ and $$Q(\\alpha, \\beta)$$ be a point such that the system of equations$$\\begin{aligned}\n& x+y+z=6, \\\\\n& 2 x+5 y+\\alpha z=\\beta \\text { and }\n\\end{aligned}$$$$x+2 y+3 z=4$$, has infinitely many solutions. Then $$(P Q)^2$$ is equal to _________.",
            "img_url": null
        },
        "options": {},
        "type": "numerical",
        "correct_answer": 113.0
    },
    {
        "qid": "jaoe38c1lsfl7tt9",
        "question_number": 57,
        "question_value": {
            "text": "Let $$P(\\alpha, \\beta)$$ be a point on the parabola $$y^2=4 x$$. If $$P$$ also lies on the chord of the parabola $$x^2=8 y$$ whose mid point is $$\\left(1, \\frac{5}{4}\\right)$$, then $$(\\alpha-28)(\\beta-8)$$ is equal to _________.",
            "img_url": null
        },
        "options": {},
        "type": "numerical",
        "correct_answer": 192.0
    },
    {
        "qid": "jaoe38c1lsfl8i9p",
        "question_number": 58,
        "question_value": {
            "text": "Remainder when $$64^{32^{32}}$$ is divided by 9 is equal to ________.",
            "img_url": null
        },
        "options": {},
        "type": "numerical",
        "correct_answer": 1.0
    },
    {
        "qid": "jaoe38c1lsflbgha",
        "question_number": 59,
        "question_value": {
            "text": "Let $$f(x)=\\sqrt{\\lim _\\limits{r \\rightarrow x}\\left\\{\\frac{2 r^2\\left[(f(r))^2-f(x) f(r)\\right]}{r^2-x^2}-r^3 e^{\\frac{f(r)}{r}}\\right\\}}$$ be differentiable in $$(-\\infty, 0) \\cup(0, \\infty)$$ and $$f(1)=1$$. Then the value of ea, such that $$f(a)=0$$, is equal to _________.",
            "img_url": null
        },
        "options": {},
        "type": "numerical",
        "correct_answer": 2.0
    },
    {
        "qid": "jaoe38c1lsflco0v",
        "question_number": 60,
        "question_value": {
            "text": "If $$\\int_\\limits{\\frac{\\pi}{6}}^{\\frac{\\pi}{3}} \\sqrt{1-\\sin 2 x} d x=\\alpha+\\beta \\sqrt{2}+\\gamma \\sqrt{3}$$, where $$\\alpha, \\beta$$ and $$\\gamma$$ are rational numbers, then\n$$3 \\alpha+4 \\beta-\\gamma$$ is equal to _________.",
            "img_url": null
        },
        "options": {},
        "type": "numerical",
        "correct_answer": 6.0
    },
    {
        "qid": "jaoe38c1lsflhccd",
        "question_number": 61,
        "question_value": {
            "text": "A small liquid drop of radius $$R$$ is divided into 27 identical liquid drops. If the surface tension is $$T$$, then the work done in the process will be:",
            "img_url": null
        },
        "options": {
            "A": "$$4 \\pi \\mathrm{R}^2 \\mathrm{~T}$$",
            "B": "$$8 \\pi R^2 \\mathrm{~T}$$",
            "C": "$$\\frac{1}{8} \\pi R^2 T$$",
            "D": "$$3 \\pi R^2 \\mathrm{~T}$$"
        },
        "type": "mcq",
        "correct_answer": 1.0
    },
    {
        "qid": "jaoe38c1lsfli46g",
        "question_number": 62,
        "question_value": {
            "text": "In the given circuit, the current in resistance R$$_3$$ is :",
            "img_url": "https://app-content.cdn.examgoal.net/fly/@width/image/6y3zli1lsg9gk3h/593e4af6-d446-4265-8896-66f68217dc55/35970fc0-c82d-11ee-8c6b-bfa4f1fff66a/file-6y3zli1lsg9gk3i.png?format=png"
        },
        "options": {
            "A": "2 A",
            "B": "1.5 A",
            "C": "1 A",
            "D": "2.5 A"
        },
        "type": "mcq",
        "correct_answer": 2.0
    },
    {
        "qid": "jaoe38c1lsfljjt0",
        "question_number": 63,
        "question_value": {
            "text": "A physical quantity $$Q$$ is found to depend on quantities $$a, b, c$$ by the relation $$Q=\\frac{a^4 b^3}{c^2}$$. The percentage error in $$a, b$$ and $$c$$ are $$3 \\%, 4 \\%$$ and $$5 \\%$$ respectively. Then, the percentage error in $$Q$$ is :",
            "img_url": null
        },
        "options": {
            "A": "43%",
            "B": "34%",
            "C": "66%",
            "D": "14%"
        },
        "type": "mcq",
        "correct_answer": 1.0
    },
    {
        "qid": "jaoe38c1lsfln4re",
        "question_number": 64,
        "question_value": {
            "text": "A stone of mass $$900 \\mathrm{~g}$$ is tied to a string and moved in a vertical circle of radius $$1 \\mathrm{~m}$$ making $$10 \\mathrm{~rpm}$$. The tension in the string, when the stone is at the lowest point is (if $$\\pi^2=9.8$$ and $$g=9.8 \\mathrm{~m} / \\mathrm{s}^2$$) :",
            "img_url": null
        },
        "options": {
            "A": "17.8 N",
            "B": "97 N",
            "C": "9.8 N",
            "D": "8.82 N"
        },
        "type": "mcq",
        "correct_answer": 2.0
    },
    {
        "qid": "jaoe38c1lsflnps5",
        "question_number": 65,
        "question_value": {
            "text": "The truth table for this given circuit is :",
            "img_url": "https://app-content.cdn.examgoal.net/fly/@width/image/6y3zli1lsg9lao2/fef87562-6a05-410b-8bad-afb5550489f0/b95a9930-c82d-11ee-8c6b-bfa4f1fff66a/file-6y3zli1lsg9lao3.png?format=png"
        },
        "options": {
            "A": {
                "text": null,
                "img_url": "https://app-content.cdn.examgoal.net/fly/@width/image/6y3zli1lsg9mo0u/da195833-96f9-45b0-b43d-77209b08fd69/df7a93e0-c82d-11ee-8c6b-bfa4f1fff66a/file-6y3zli1lsg9mo0v.png?format=png"
            },
            "B": {
                "text": null,
                "img_url": "https://app-content.cdn.examgoal.net/fly/@width/image/6y3zli1lsg9mh9n/dba7e9e4-491b-4f28-9552-81457c496499/da42abb0-c82d-11ee-8c6b-bfa4f1fff66a/file-6y3zli1lsg9mh9o.png?format=png"
            },
            "C": {
                "text": null,
                "img_url": "https://app-content.cdn.examgoal.net/fly/@width/image/6y3zli1lsg9o8nb/cdab7fe6-d18d-4f48-84a6-579a7967e519/0b383d70-c82e-11ee-8c6b-bfa4f1fff66a/file-6y3zli1lsg9o8nc.png?format=png"
            },
            "D": {
                "text": null,
                "img_url": "https://app-content.cdn.examgoal.net/fly/@width/image/6y3zli1lsg9of82/c7ee305f-1709-49df-82a4-107308f15eb7/104cbf20-c82e-11ee-8c6b-bfa4f1fff66a/file-6y3zli1lsg9of83.png?format=png"
            }
        },
        "type": "mcq",
        "correct_answer": 1.0
    },
    {
        "qid": "jaoe38c1lsflp1g7",
        "question_number": 66,
        "question_value": {
            "text": "A bob of mass '$$m$$' is suspended by a light string of length '$$L$$'. It is imparted a minimum horizontal velocity at the lowest point $$A$$ such that it just completes half circle reaching the top most position B. The ratio of kinetic energies $$\\frac{(K . E)_A}{(K . E)_B}$$ is :",
            "img_url": "https://app-content.cdn.examgoal.net/fly/@width/image/6y3zli1lsg9qpea/62f3b2e1-f2c4-419e-a727-6e93b7cd3116/4fc6bf20-c82e-11ee-8c6b-bfa4f1fff66a/file-6y3zli1lsg9qpeb.png?format=png"
        },
        "options": {
            "A": "5 : 1",
            "B": "3 : 2",
            "C": "1 : 5",
            "D": "2 : 5"
        },
        "type": "mcq",
        "correct_answer": 0.0
    },
    {
        "qid": "jaoe38c1lsflpssv",
        "question_number": 67,
        "question_value": {
            "text": "An electric field is given by $$(6 \\hat{i}+5 \\hat{j}+3 \\hat{k}) \\mathrm{N} / \\mathrm{C}$$. The electric flux through a surface area $$30 \\hat{i} \\mathrm{~m}^2$$ lying in YZ-plane (in SI unit) is :",
            "img_url": null
        },
        "options": {
            "A": "60",
            "B": "90",
            "C": "180",
            "D": "150"
        },
        "type": "mcq",
        "correct_answer": 2.0
    },
    {
        "qid": "jaoe38c1lsflq7rh",
        "question_number": 68,
        "question_value": {
            "text": "A planet takes 200 days to complete one revolution around the Sun. If the distance of the planet from Sun is reduced to one fourth of the original distance, how many days will it take to complete one revolution :",
            "img_url": null
        },
        "options": {
            "A": "20",
            "B": "50",
            "C": "100",
            "D": "25"
        },
        "type": "mcq",
        "correct_answer": 3.0
    },
    {
        "qid": "jaoe38c1lsflradt",
        "question_number": 69,
        "question_value": {
            "text": "A wire of length $$L$$ and radius $$r$$ is clamped at one end. If its other end is pulled by a force $$F$$, its length increases by $$l$$. If the radius of the wire and the applied force both are reduced to half of their original values keeping original length constant, the increase in length will become:",
            "img_url": null
        },
        "options": {
            "A": "2 times",
            "B": "4 times",
            "C": "3 times",
            "D": "$$\\frac{3}{2}$$ times"
        },
        "type": "mcq",
        "correct_answer": 0.0
    },
    {
        "qid": "jaoe38c1lsfls6eq",
        "question_number": 70,
        "question_value": {
            "text": "The temperature of a gas having $$2.0 \\times 10^{25}$$ molecules per cubic meter at $$1.38 \\mathrm{~atm}$$ (Given, $$\\mathrm{k}=1.38 \\times 10^{-23} \\mathrm{JK}^{-1}$$) is :",
            "img_url": null
        },
        "options": {
            "A": "500 K",
            "B": "300 K",
            "C": "200 K",
            "D": "100 K"
        },
        "type": "mcq",
        "correct_answer": 0.0
    },
    {
        "qid": "jaoe38c1lsflt02d",
        "question_number": 71,
        "question_value": {
            "text": "If the distance between object and its two times magnified virtual image produced by a curved mirror is $$15 \\mathrm{~cm}$$, the focal length of the mirror must be:",
            "img_url": null
        },
        "options": {
            "A": "$$-10$$ cm",
            "B": "$$-12$$ cm",
            "C": "15 cm",
            "D": "10/3 cm"
        },
        "type": "mcq",
        "correct_answer": 0.0
    },
    {
        "qid": "jaoe38c1lsflup2v",
        "question_number": 72,
        "question_value": {
            "text": "A plane electromagnetic wave of frequency $$35 \\mathrm{~MHz}$$ travels in free space along the $$X$$-direction. At a particular point (in space and time) $$\\vec{E}=9.6 \\hat{j} \\mathrm{~V} / \\mathrm{m}$$. The value of magnetic field at this point is :",
            "img_url": null
        },
        "options": {
            "A": "$$9.6 \\hat{j} T$$",
            "B": "$$3.2 \\times 10^{-8} \\hat{i} T$$",
            "C": "$$9.6 \\times 10^{-8} \\hat{k} T$$",
            "D": "$$3.2 \\times 10^{-8} \\hat{k} T$$"
        },
        "type": "mcq",
        "correct_answer": 3.0
    },
    {
        "qid": "jaoe38c1lsflwghv",
        "question_number": 74,
        "question_value": {
            "text": "A particle is moving in a straight line. The variation of position '$$x$$' as a function of time '$$t$$' is given as $$x=\\left(t^3-6 t^2+20 t+15\\right) m$$. The velocity of the body when its acceleration becomes zero is :",
            "img_url": null
        },
        "options": {
            "A": "6 m/s",
            "B": "10 m/s",
            "C": "8 m/s",
            "D": "4 m/s"
        },
        "type": "mcq",
        "correct_answer": 2.0
    },
    {
        "qid": "jaoe38c1lsflxsi0",
        "question_number": 75,
        "question_value": {
            "text": "The bob of a pendulum was released from a horizontal position. The length of the pendulum is $$10 \\mathrm{~m}$$. If it dissipates $$10 \\%$$ of its initial energy against air resistance, the speed with which the bob arrives at the lowest point is:[Use, $$\\mathrm{g}: 10 \\mathrm{~ms}^{-2}$$]",
            "img_url": null
        },
        "options": {
            "A": "$$5 \\sqrt{6} \\mathrm{~ms}^{-1}$$",
            "B": "$$5 \\sqrt{5} \\mathrm{~ms}^{-1}$$",
            "C": "$$2 \\sqrt{5} \\mathrm{~ms}^{-1}$$",
            "D": "$$6 \\sqrt{5} \\mathrm{~ms}^{-1}$$"
        },
        "type": "mcq",
        "correct_answer": 3.0
    },
    {
        "qid": "jaoe38c1lsflyhcu",
        "question_number": 76,
        "question_value": {
            "text": "$$N$$ moles of a polyatomic gas $$(f=6)$$ must be mixed with two moles of a monoatomic gas so that the mixture behaves as a diatomic gas. The value of $$N$$ is :",
            "img_url": null
        },
        "options": {
            "A": "6",
            "B": "2",
            "C": "4",
            "D": "3"
        },
        "type": "mcq",
        "correct_answer": 2.0
    },
    {
        "qid": "jaoe38c1lsflzlxu",
        "question_number": 77,
        "question_value": {
            "text": "In Young's double slit experiment, light from two identical sources are superimposing on a screen. The path difference between the two lights reaching at a point on the screen is $$7 \\lambda / 4$$. The ratio of intensity of fringe at this point with respect to the maximum intensity of the fringe is :",
            "img_url": null
        },
        "options": {
            "A": "$$\\frac{1}{2}$$",
            "B": "$$\\frac{3}{4}$$",
            "C": "$$\\frac{1}{3}$$",
            "D": "$$\\frac{1}{4}$$"
        },
        "type": "mcq",
        "correct_answer": 0.0
    },
    {
        "qid": "jaoe38c1lsfm1x4p",
        "question_number": 79,
        "question_value": {
            "text": "Two sources of light emit with a power of $$200 \\mathrm{~W}$$. The ratio of number of photons of visible light emitted by each source having wavelengths $$300 \\mathrm{~nm}$$ and $$500 \\mathrm{~nm}$$ respectively, will be :",
            "img_url": null
        },
        "options": {
            "A": "$$5: 3$$",
            "B": "$$3: 5$$",
            "C": "$$1: 5$$",
            "D": "$$1: 3$$"
        },
        "type": "mcq",
        "correct_answer": 1.0
    },
    {
        "qid": "jaoe38c1lsfm35m3",
        "question_number": 80,
        "question_value": {
            "text": "Two particles $$X$$ and $$Y$$ having equal charges are being accelerated through the sat potential difference. Thereafter they enter normally in a region of uniform magnetic field and describes circular paths of radii $$R_1$$ and $$R_2$$ respectively. The mass ratio of $$X$$ and $$Y$$ is :",
            "img_url": null
        },
        "options": {
            "A": "$$\\left(\\frac{R_1}{R_2}\\right)$$",
            "B": "$$\\left(\\frac{R_2}{R_1}\\right)$$",
            "C": "$$\\left(\\frac{R_2}{R_1}\\right)^2$$",
            "D": "$$\\left(\\frac{R_1}{R_2}\\right)^2$$"
        },
        "type": "mcq",
        "correct_answer": 3.0
    },
    {
        "qid": "jaoe38c1lsfm4cdp",
        "question_number": 81,
        "question_value": {
            "text": "In the given circuit, the current flowing through the resistance $$20 \\Omega$$ is $$0.3 \\mathrm{~A}$$, while the ammeter reads $$0.9 \\mathrm{~A}$$. The value of $$\\mathrm{R}_1$$ is _________ $$\\Omega$$.",
            "img_url": "https://app-content.cdn.examgoal.net/fly/@width/image/6y3zli1lsg9scb9/8c2933de-351f-44a8-a15a-3a53a2ae7c1f/7d499850-c82e-11ee-8c6b-bfa4f1fff66a/file-6y3zli1lsg9scba.png?format=png"
        },
        "options": {},
        "type": "numerical",
        "correct_answer": 30.0
    },
    {
        "qid": "jaoe38c1lsfm5bi3",
        "question_number": 82,
        "question_value": {
            "text": "In the given figure, the charge stored in $$6 \\mu F$$ capacitor, when points $$A$$ and $$B$$ are joined by a connecting wire is __________ $$\\mu C$$.",
            "img_url": "https://app-content.cdn.examgoal.net/fly/@width/image/6y3zli1lsg9tnou/02320d88-fb62-4438-b487-13d74fe76264/a1e2a4e0-c82e-11ee-8c6b-bfa4f1fff66a/file-6y3zli1lsg9tnov.png?format=png"
        },
        "options": {},
        "type": "numerical",
        "correct_answer": 36.0
    },
    {
        "qid": "jaoe38c1lsfm6l98",
        "question_number": 83,
        "question_value": {
            "text": "In a single slit diffraction pattern, a light of wavelength 6000$$\\mathop A\\limits^o$$ is used. The distance between the first and third minima in the diffraction pattern is found to be $$3 \\mathrm{~mm}$$ when the screen in placed $$50 \\mathrm{~cm}$$ away from slits. The width of the slit is _________ $$\\times 10^{-4} \\mathrm{~m}$$.",
            "img_url": null
        },
        "options": {},
        "type": "numerical",
        "correct_answer": 2.0
    },
    {
        "qid": "jaoe38c1lsfm7qam",
        "question_number": 84,
        "question_value": {
            "text": "A body of mass $$5 \\mathrm{~kg}$$ moving with a uniform speed $$3 \\sqrt{2} \\mathrm{~ms}^{-1}$$ in $$X-Y$$ plane along the line $$y=x+4$$. The angular momentum of the particle about the origin will be _________ $$\\mathrm{kg} \\mathrm{~m}^2 \\mathrm{~s}^{-1}$$.",
            "img_url": null
        },
        "options": {},
        "type": "numerical",
        "correct_answer": 60.0
    },
    {
        "qid": "jaoe38c1lsfm8k73",
        "question_number": 85,
        "question_value": {
            "text": "Hydrogen atom is bombarded with electrons accelerated through a potential difference of $$\\mathrm{V}$$, which causes excitation of hydrogen atoms. If the experiment is being performed at $$\\mathrm{T}=0 \\mathrm{~K}$$, the minimum potential difference needed to observe any Balmer series lines in the emission spectra will be $$\\frac{\\alpha}{10} \\mathrm{~V}$$, where $$\\alpha=$$ __________.",
            "img_url": null
        },
        "options": {},
        "type": "numerical",
        "correct_answer": 121.0
    },
    {
        "qid": "jaoe38c1lsfm9nix",
        "question_number": 86,
        "question_value": {
            "text": "A simple harmonic oscillator has an amplitude $$A$$ and time period $$6 \\pi$$ second. Assuming the oscillation starts from its mean position, the time required by it to travel from $$x=$$ A to $$x=\\frac{\\sqrt{3}}{2}$$ A will be $$\\frac{\\pi}{x} \\mathrm{~s}$$, where $$x=$$ _________.",
            "img_url": null
        },
        "options": {},
        "type": "numerical",
        "correct_answer": 2.0
    },
    {
        "qid": "jaoe38c1lsfmbbbf",
        "question_number": 87,
        "question_value": {
            "text": "Two metallic wires $$P$$ and $$Q$$ have same volume and are made up of same material. If their area of cross sections are in the ratio $$4: 1$$ and force $$F_1$$ is applied to $$P$$, an extension of $$\\Delta l$$ is produced. The force which is required to produce same extension in $$Q$$ is $$\\mathrm{F}_2$$.The value of $$\\frac{F_1}{F_2}$$ is _________.",
            "img_url": null
        },
        "options": {},
        "type": "numerical",
        "correct_answer": 16.0
    },
    {
        "qid": "jaoe38c1lsfmc9fh",
        "question_number": 88,
        "question_value": {
            "text": "A particle is moving in a circle of radius $$50 \\mathrm{~cm}$$ in such a way that at any instant the normal and tangential components of it's acceleration are equal. If its speed at $$\\mathrm{t}=0$$ is $$4 \\mathrm{~m} / \\mathrm{s}$$, the time taken to complete the first revolution will be $$\\frac{1}{\\alpha}\\left[1-e^{-2 \\pi}\\right] \\mathrm{s}$$, where $$\\alpha=$$ _________.",
            "img_url": null
        },
        "options": {},
        "type": "numerical",
        "correct_answer": 8.0
    },
    {
        "qid": "jaoe38c1lsfmddke",
        "question_number": 89,
        "question_value": {
            "text": "A charge of $$4.0 \\mu \\mathrm{C}$$ is moving with a velocity of $$4.0 \\times 10^6 \\mathrm{~ms}^{-1}$$ along the positive $$y$$ axis under a magnetic field $$\\vec{B}$$ of strength $$(2 \\hat{k}) \\mathrm{T}$$. The force acting on the charge is $$x \\hat{i} N$$. The value of $$x$$ is __________.",
            "img_url": null
        },
        "options": {},
        "type": "numerical",
        "correct_answer": 32.0
    },
    {
        "qid": "jaoe38c1lsfmego3",
        "question_number": 90,
        "question_value": {
            "text": "A horizontal straight wire $$5 \\mathrm{~m}$$ long extending from east to west falling freely at right angle to horizontal component of earths magnetic field $$0.60 \\times 10^{-4} \\mathrm{~Wbm}^{-2}$$. The instantaneous value of emf induced in the wire when its velocity is $$10 \\mathrm{~ms}^{-1}$$ is _________ $$\\times 10^{-3} \\mathrm{~V}$$.",
            "img_url": null
        },
        "options": {},
        "type": "numerical",
        "correct_answer": 3.0
    }
]