[
    {
        "qid": "1lsgxnho5",
        "question_number": 1,
        "question_value": {
            "text": "Aluminium chloride in acidified aqueous solution forms an ion having geometry",
            "img_url": null
        },
        "options": {
            "A": "Square planar",
            "B": "Octahedral",
            "C": "Trigonal bipyramidal",
            "D": "Tetrahedral"
        },
        "type": "mcq",
        "correct_answer": 1.0
    },
    {
        "qid": "1lsgxo04a",
        "question_number": 2,
        "question_value": {
            "text": "Example of vinylic halide is :",
            "img_url": null
        },
        "options": {
            "A": {
                "text": null,
                "img_url": "https://app-content.cdn.examgoal.net/fly/@width/image/6y3zli1lshfmqnj/65877ebb-ebbe-4ada-874e-9043a148f104/20ef5ff0-c8d2-11ee-adc8-974b9031006b/file-6y3zli1lshfmqnk.png?format=png"
            },
            "B": {
                "text": null,
                "img_url": "https://app-content.cdn.examgoal.net/fly/@width/image/6y3zli1lshfmmdf/aabaede1-8580-4878-b2c3-7ba76b607ec8/1da0d130-c8d2-11ee-adc8-974b9031006b/file-6y3zli1lshfmmdg.png?format=png"
            },
            "C": {
                "text": null,
                "img_url": "https://app-content.cdn.examgoal.net/fly/@width/image/6y3zli1lshfmih0/c3ca4fe4-b1d0-4575-b279-b6610183e621/1a9d7c40-c8d2-11ee-adc8-974b9031006b/file-6y3zli1lshfmih1.png?format=png"
            },
            "D": {
                "text": null,
                "img_url": "https://app-content.cdn.examgoal.net/fly/@width/image/6y3zli1lshfmel8/68432508-852e-4dee-a4a6-0578e5f622e3/179dd0d0-c8d2-11ee-adc8-974b9031006b/file-6y3zli1lshfmel9.png?format=png"
            }
        },
        "type": "mcq",
        "correct_answer": 3.0
    },
    {
        "qid": "1lsgxqdvu",
        "question_number": 4,
        "question_value": {
            "text": "The final product A, formed in the following multistep reaction sequence is :",
            "img_url": "https://app-content.cdn.examgoal.net/fly/@width/image/6y3zli1lshfsy7p/81d03dbc-a8ce-432d-9706-7583e91d4cd2/cda14650-c8d2-11ee-adc8-974b9031006b/file-6y3zli1lshfsy7q.png?format=png"
        },
        "options": {
            "A": {
                "text": null,
                "img_url": "https://app-content.cdn.examgoal.net/fly/@width/image/6y3zli1lshfsuek/a0b1b2cc-80ab-494a-af93-26e37648e627/caaff2c0-c8d2-11ee-adc8-974b9031006b/file-6y3zli1lshfsuel.png?format=png"
            },
            "B": {
                "text": null,
                "img_url": "https://app-content.cdn.examgoal.net/fly/@width/image/6y3zli1lshfsq7k/5e477f92-174a-4ce2-b9e8-bd73af54669d/c7727b00-c8d2-11ee-adc8-974b9031006b/file-6y3zli1lshfsq7l.png?format=png"
            },
            "C": {
                "text": null,
                "img_url": "https://app-content.cdn.examgoal.net/fly/@width/image/6y3zli1lshfslyw/c9107727-ffd0-44ea-8ade-17bc13fad908/c42bdb80-c8d2-11ee-adc8-974b9031006b/file-6y3zli1lshfslyx.png?format=png"
            },
            "D": {
                "text": null,
                "img_url": "https://app-content.cdn.examgoal.net/fly/@width/image/6y3zli1lshfsht4/5ad20ccc-14d2-4e2a-9308-7ad4c39e42a0/c0f51a80-c8d2-11ee-adc8-974b9031006b/file-6y3zli1lshfsht5.png?format=png"
            }
        },
        "type": "mcq",
        "correct_answer": 2.0
    },
    {
        "qid": "1lsgxre6u",
        "question_number": 5,
        "question_value": {
            "text": "This reduction reaction is known as:",
            "img_url": "https://app-content.cdn.examgoal.net/fly/@width/image/6y3zli1lshfuzrj/c6359fa8-aa5a-46d2-830a-62363d11bf83/067241f0-c8d3-11ee-adc8-974b9031006b/file-6y3zli1lshfuzrk.png?format=png"
        },
        "options": {
            "A": "Wolff-Kishner reduction",
            "B": "Etard reduction",
            "C": "Stephen reduction",
            "D": "Rosenmund reduction"
        },
        "type": "mcq",
        "correct_answer": 3.0
    },
    {
        "qid": "1lsgxurp8",
        "question_number": 6,
        "question_value": {
            "text": "Compound A formed in the following reaction reacts with B gives the product C. Find out A and B.",
            "img_url": "https://app-content.cdn.examgoal.net/fly/@width/image/6y3zli1lshfw7v3/5fd77613-38f9-4ee7-953a-b48b6736d078/2882f5f0-c8d3-11ee-adc8-974b9031006b/file-6y3zli1lshfw7v4.png?format=png"
        },
        "options": {
            "A": "$$\\mathrm{A}=\\mathrm{CH}_3-\\mathrm{C} \\equiv \\stackrel{-}{\\mathrm{C}} \\mathrm{Na}^{+}, \\mathrm{B}=\\mathrm{CH}_3-\\mathrm{CH}_2-\\mathrm{CH}_2-\\mathrm{Br}$$",
            "B": "$$\\mathrm{A}=\\mathrm{CH}_3-\\mathrm{CH}=\\mathrm{CH}_2, \\mathrm{~B}=\\mathrm{CH}_3-\\mathrm{CH}_2-\\mathrm{CH}_2-\\mathrm{Br}$$",
            "C": "$$\\mathrm{A}=\\mathrm{CH}_3-\\mathrm{C} \\equiv \\stackrel{-}{\\mathrm{C}} \\mathrm{Na}^{+}, \\mathrm{B}=\\mathrm{CH}_3-\\mathrm{CH}_2-\\mathrm{CH}_3$$",
            "D": "$$\\mathrm{A}=\\mathrm{CH}_3-\\mathrm{CH}_2-\\mathrm{CH}_3, \\mathrm{~B}=\\mathrm{CH}_3-\\mathrm{C} \\equiv \\mathrm{CH}$$"
        },
        "type": "mcq",
        "correct_answer": 0.0
    },
    {
        "qid": "1lsgxvdcg",
        "question_number": 7,
        "question_value": {
            "text": "Which of the following molecule/species is most stable?",
            "img_url": null
        },
        "options": {
            "A": {
                "text": null,
                "img_url": "https://app-content.cdn.examgoal.net/fly/@width/image/6y3zli1lshfyki2/0001db35-62fb-49c9-920d-dedd2ebbcef5/69e47aa0-c8d3-11ee-adc8-974b9031006b/file-6y3zli1lshfyki3.png?format=png"
            },
            "B": {
                "text": null,
                "img_url": "https://app-content.cdn.examgoal.net/fly/@width/image/6y3zli1lshfyftm/4b6a88a1-f9be-463f-bcad-1d5b734ef917/66472fa0-c8d3-11ee-adc8-974b9031006b/file-6y3zli1lshfyftn.png?format=png"
            },
            "C": {
                "text": null,
                "img_url": "https://app-content.cdn.examgoal.net/fly/@width/image/6y3zli1lshfyaog/263f3331-a5f3-454c-8450-1cf0802914f0/624e0900-c8d3-11ee-adc8-974b9031006b/file-6y3zli1lshfyaoh.png?format=png"
            },
            "D": {
                "text": null,
                "img_url": "https://app-content.cdn.examgoal.net/fly/@width/image/6y3zli1lshfy5uz/56671a0f-e323-4a47-a2d6-393200280cc6/5e951fb0-c8d3-11ee-adc8-974b9031006b/file-6y3zli1lshfy5v0.png?format=png"
            }
        },
        "type": "mcq",
        "correct_answer": 1.0
    },
    {
        "qid": "1lsgxwd5m",
        "question_number": 8,
        "question_value": {
            "text": "What happens to freezing point of benzene when small quantity of napthalene is added to benzene?",
            "img_url": null
        },
        "options": {
            "A": "Increases",
            "B": "Decreases",
            "C": "Remains unchanged",
            "D": "First decreases and then increases"
        },
        "type": "mcq",
        "correct_answer": 1.0
    },
    {
        "qid": "1lsgy6q5x",
        "question_number": 11,
        "question_value": {
            "text": "The Lassiagne's extract is boiled with dil $$\\mathrm{HNO}_3$$ before testing for halogens because,",
            "img_url": null
        },
        "options": {
            "A": "Silver halides are soluble in $$\\mathrm{HNO}_3$$.",
            "B": "$$\\mathrm{AgCN}$$ is soluble in $$\\mathrm{HNO}_3$$.",
            "C": "$$\\mathrm{Na}_2 \\mathrm{S}$$ and $$\\mathrm{NaCN}$$ are decomposed by $$\\mathrm{HNO}_3$$.",
            "D": "$$\\mathrm{Ag}_2 \\mathrm{S}$$ is soluble in $$\\mathrm{HNO}_3$$."
        },
        "type": "mcq",
        "correct_answer": 2.0
    },
    {
        "qid": "1lsgy8oql",
        "question_number": 13,
        "question_value": {
            "text": "Sugar which does not give reddish brown precipitate with Fehling's reagent, is :",
            "img_url": null
        },
        "options": {
            "A": "Glucose",
            "B": "Sucrose",
            "C": "Lactose",
            "D": "Maltose"
        },
        "type": "mcq",
        "correct_answer": 1.0
    },
    {
        "qid": "1lsgyasal",
        "question_number": 14,
        "question_value": {
            "text": "In the given reactions, identify the reagent A and reagent B.",
            "img_url": "https://app-content.cdn.examgoal.net/fly/@width/image/6y3zli1lshg01lk/192e3591-43ea-4a28-9b90-b9f2e3f6b6e0/92e8a980-c8d3-11ee-adc8-974b9031006b/file-6y3zli1lshg01ll.png?format=png"
        },
        "options": {
            "A": "$$\\mathrm{A}-\\mathrm{CrO}_3 \\quad \\mathrm{~B}-\\mathrm{CrO}_3$$",
            "B": "$$\\mathrm{A}-\\mathrm{CrO}_3 \\quad \\mathrm{~B}-\\mathrm{CrO}_2 \\mathrm{Cl}_2$$",
            "C": "A- $$\\mathrm{CrO}_2 \\mathrm{Cl}_2 \\quad \\mathrm{~B}-\\mathrm{CrO}_3$$",
            "D": "$$\\mathrm{A}-\\mathrm{CrO}_2 \\mathrm{Cl}_2 \\quad \\mathrm{~B}-\\mathrm{CrO}_2 \\mathrm{Cl}_2$$"
        },
        "type": "mcq",
        "correct_answer": 1.0
    },
    {
        "qid": "1lsgyc3vg",
        "question_number": 15,
        "question_value": {
            "text": "Diamagnetic Lanthanoid ions are :",
            "img_url": null
        },
        "options": {
            "A": "$$\\mathrm{La}^{3+} \\& \\mathrm{~Ce}^{4+}$$",
            "B": "$$\\mathrm{Nd}^{3+} \\& \\mathrm{~Ce}^{4+}$$",
            "C": "$$\\mathrm{Lu}^{3+} \\& \\mathrm{~Eu}^{3+}$$",
            "D": "$$\\mathrm{Nd}^{3+} \\& \\mathrm{~Eu}^{3+}$$"
        },
        "type": "mcq",
        "correct_answer": 0.0
    },
    {
        "qid": "1lsgyesoy",
        "question_number": 17,
        "question_value": {
            "text": "Following is a confirmatory test for aromatic primary amines. Identify reagent (A) and (B).",
            "img_url": "https://app-content.cdn.examgoal.net/fly/@width/image/6y3zli1lshg3laj/73c4a63f-07c3-4937-8540-d07c314b817f/f58c95b0-c8d3-11ee-adc8-974b9031006b/file-6y3zli1lshg3lak.png?format=png"
        },
        "options": {
            "A": {
                "text": null,
                "img_url": "https://app-content.cdn.examgoal.net/fly/@width/image/6y3zli1lshg3iib/a6153313-282e-4c11-920e-edf06bad9f2e/f3660c30-c8d3-11ee-adc8-974b9031006b/file-6y3zli1lshg3iic.png?format=png"
            },
            "B": {
                "text": null,
                "img_url": "https://app-content.cdn.examgoal.net/fly/@width/image/6y3zli1lshg3fe0/35108a76-afce-4d77-b1f1-10d3b581287f/f0fd2280-c8d3-11ee-adc8-974b9031006b/file-6y3zli1lshg3fe1.png?format=png"
            },
            "C": {
                "text": null,
                "img_url": "https://app-content.cdn.examgoal.net/fly/@width/image/6y3zli1lshg3c84/296f5a15-ef75-4f2b-9067-ebdff4036fc7/ee8b8640-c8d3-11ee-adc8-974b9031006b/file-6y3zli1lshg3c85.png?format=png"
            },
            "D": {
                "text": null,
                "img_url": "https://app-content.cdn.examgoal.net/fly/@width/image/6y3zli1lshg38lc/f5e29cfd-e1a1-4432-84da-374bc6991aa2/ebbd2400-c8d3-11ee-adc8-974b9031006b/file-6y3zli1lshg38ld.png?format=png"
            }
        },
        "type": "mcq",
        "correct_answer": 0.0
    },
    {
        "qid": "1lsgyjecm",
        "question_number": 20,
        "question_value": {
            "text": "Structure of 4-Methylpent-2-enal is :",
            "img_url": null
        },
        "options": {
            "A": {
                "text": null,
                "img_url": "https://app-content.cdn.examgoal.net/fly/@width/image/6y3zli1lshg75o6/13e3066f-9079-443a-b082-93100c854f49/58b80160-c8d4-11ee-adc8-974b9031006b/file-6y3zli1lshg75o7.png?format=png"
            },
            "B": {
                "text": null,
                "img_url": "https://app-content.cdn.examgoal.net/fly/@width/image/6y3zli1lshg72ez/d3b3f111-a2cb-4867-922b-2f906cbaa932/56343cb0-c8d4-11ee-adc8-974b9031006b/file-6y3zli1lshg72f0.png?format=png"
            },
            "C": {
                "text": null,
                "img_url": "https://app-content.cdn.examgoal.net/fly/@width/image/6y3zli1lshg6z4g/93d012bd-5939-46e7-a3ec-9ef4fdbd18b3/53a92500-c8d4-11ee-adc8-974b9031006b/file-6y3zli1lshg6z4h.png?format=png"
            },
            "D": {
                "text": null,
                "img_url": "https://app-content.cdn.examgoal.net/fly/@width/image/6y3zli1lshg6vo1/02e5e7cd-e450-4718-8d8c-eec922009e5c/50fdb410-c8d4-11ee-adc8-974b9031006b/file-6y3zli1lshg6vo2.png?format=png"
            }
        },
        "type": "mcq",
        "correct_answer": 2.0
    },
    {
        "qid": "1lsgyk5tt",
        "question_number": 21,
        "question_value": {
            "text": "The total number of molecular orbitals formed from $$2 \\mathrm{s}$$ and $$2 \\mathrm{p}$$ atomic orbitals of a diatomic molecule is __________.",
            "img_url": null
        },
        "options": {},
        "type": "numerical",
        "correct_answer": 8.0
    },
    {
        "qid": "1lsgyl9gy",
        "question_number": 22,
        "question_value": {
            "text": "The mass of sodium acetate $$\\left(\\mathrm{CH}_3 \\mathrm{COONa}\\right)$$ required to prepare $$250 \\mathrm{~mL}$$ of $$0.35 \\mathrm{~M}$$ aqueous solution is ________ g. (Molar mass of $$\\mathrm{CH}_3 \\mathrm{COONa}$$ is $$82.02 \\mathrm{~g} \\mathrm{~mol}^{-1}$$)",
            "img_url": null
        },
        "options": {},
        "type": "numerical",
        "correct_answer": 7.0
    },
    {
        "qid": "1lsgz0zjb",
        "question_number": 23,
        "question_value": {
            "text": "$$0.05 \\mathrm{~cm}$$ thick coating of silver is deposited on a plate of $$0.05 \\mathrm{~m}^2$$ area. The number of silver atoms deposited on plate are ________ $$\\times 10^{23}$$. (At mass $$\\mathrm{Ag}=108, \\mathrm{~d}=7.9 \\mathrm{~g} \\mathrm{~cm}^{-3}$$)",
            "img_url": null
        },
        "options": {},
        "type": "numerical",
        "correct_answer": 11.0
    },
    {
        "qid": "1lsgz1kr4",
        "question_number": 24,
        "question_value": {
            "text": "The compound formed by the reaction of ethanal with semicarbazide contains _________ number of nitrogen atoms.",
            "img_url": null
        },
        "options": {},
        "type": "numerical",
        "correct_answer": 3.0
    },
    {
        "qid": "1lsgz2sxr",
        "question_number": 25,
        "question_value": {
            "text": "The $$\\mathrm{pH}$$ at which $$\\mathrm{Mg}(\\mathrm{OH})_2\\left[\\mathrm{~K}_{\\mathrm{sp}}=1 \\times 10^{-11}\\right]$$ begins to precipitate from a solution containing $$0.10 \\mathrm{~M} \\mathrm{~Mg}^{2+}$$ ions is __________.",
            "img_url": null
        },
        "options": {},
        "type": "numerical",
        "correct_answer": 9.0
    },
    {
        "qid": "1lsgz3rvm",
        "question_number": 26,
        "question_value": {
            "text": "$$2 \\mathrm{MnO}_4^{-}+\\mathrm{bI}^{-}+\\mathrm{cH}_2 \\mathrm{O} \\rightarrow x \\mathrm{I}_2+y \\mathrm{MnO}_2+z \\overline{\\mathrm{O}} \\mathrm{H}$$If the above equation is balanced with integer coefficients, the value of $$z$$ is ________.",
            "img_url": null
        },
        "options": {},
        "type": "numerical",
        "correct_answer": 8.0
    },
    {
        "qid": "1lsgz55cl",
        "question_number": 27,
        "question_value": {
            "text": "An ideal gas undergoes a cyclic transformation starting from the point A and coming back to the same point by tracing the path $$\\mathrm{A} \\rightarrow \\mathrm{B} \\rightarrow \\mathrm{C} \\rightarrow \\mathrm{A}$$ as shown in the diagram above. The total work done in the process is __________ J.",
            "img_url": "https://app-content.cdn.examgoal.net/fly/@width/image/6y3zli1lshg9dp5/743e733d-759e-4cf0-bc58-d28a3415653d/9689a890-c8d4-11ee-adc8-974b9031006b/file-6y3zli1lshg9dp6.png?format=png"
        },
        "options": {},
        "type": "numerical",
        "correct_answer": 200.0
    },
    {
        "qid": "1lsgz859k",
        "question_number": 28,
        "question_value": {
            "text": "The rate of First order reaction is $$0.04 \\mathrm{~mol} \\mathrm{~L}^{-1} \\mathrm{~s}^{-1}$$ at 10 minutes and $$0.03 \\mathrm{~mol} \\mathrm{~L}^{-1} \\mathrm{~s}^{-1}$$ at 20 minutes after initiation. Half life of the reaction is _______ minutes. (Given $$\\log 2=0.3010, \\log 3=0.4771$$)",
            "img_url": null
        },
        "options": {},
        "type": "numerical",
        "correct_answer": 24.0
    },
    {
        "qid": "1lsgz9w97",
        "question_number": 29,
        "question_value": {
            "text": "On a thin layer chromatographic plate, an organic compound moved by $$3.5 \\mathrm{~cm}$$, while the solvent moved by $$5 \\mathrm{~cm}$$. The retardation factor of the organic compound is ________ $$\\times 10^{-1}$$.",
            "img_url": null
        },
        "options": {},
        "type": "numerical",
        "correct_answer": 7.0
    },
    {
        "qid": "1lsg8vyuz",
        "question_number": 31,
        "question_value": {
            "text": "Let $$g: \\mathbf{R} \\rightarrow \\mathbf{R}$$ be a non constant twice differentiable function such that $$\\mathrm{g}^{\\prime}\\left(\\frac{1}{2}\\right)=\\mathrm{g}^{\\prime}\\left(\\frac{3}{2}\\right)$$. If a real valued function $$f$$ is defined as $$f(x)=\\frac{1}{2}[g(x)+g(2-x)]$$, then",
            "img_url": null
        },
        "options": {
            "A": "$$f^{\\prime \\prime}(x)=0$$ for atleast two $$x$$ in $$(0,2)$$",
            "B": "$$f^{\\prime}\\left(\\frac{3}{2}\\right)+f^{\\prime}\\left(\\frac{1}{2}\\right)=1$$",
            "C": "$$f^{\\prime \\prime}(x)=0$$ for no $$x$$ in $$(0,1)$$",
            "D": "$$f^{\\prime \\prime}(x)=0$$ for exactly one $$x$$ in $$(0,1)$$"
        },
        "type": "mcq",
        "correct_answer": 0.0
    },
    {
        "qid": "1lsg8xaqg",
        "question_number": 32,
        "question_value": {
            "text": "The value of $$\\lim _\\limits{n \\rightarrow \\infty} \\sum_\\limits{k=1}^n \\frac{n^3}{\\left(n^2+k^2\\right)\\left(n^2+3 k^2\\right)}$$ is :",
            "img_url": null
        },
        "options": {
            "A": "$$\\frac{\\pi}{8(2 \\sqrt{3}+3)}$$",
            "B": "$$\\frac{(2 \\sqrt{3}+3) \\pi}{24}$$",
            "C": "$$\\frac{13 \\pi}{8(4 \\sqrt{3}+3)}$$",
            "D": "$$\\frac{13(2 \\sqrt{3}-3) \\pi}{8}$$"
        },
        "type": "mcq",
        "correct_answer": 2.0
    },
    {
        "qid": "1lsg8yeao",
        "question_number": 33,
        "question_value": {
            "text": "If the circles $$(x+1)^2+(y+2)^2=r^2$$ and $$x^2+y^2-4 x-4 y+4=0$$ intersect at exactly two distinct points, then",
            "img_url": null
        },
        "options": {
            "A": "$$\\frac{1}{2}<\\mathrm{r}<7$$",
            "B": "$$3<\\mathrm{r}<7$$",
            "C": "$$5<\\mathrm{r}<9$$",
            "D": "$$0<\\mathrm{r}<7$$"
        },
        "type": "mcq",
        "correct_answer": 1.0
    },
    {
        "qid": "1lsg90h1z",
        "question_number": 34,
        "question_value": {
            "text": "Let $$\\overrightarrow{\\mathrm{a}}=\\mathrm{a}_1 \\hat{i}+\\mathrm{a}_2 \\hat{j}+\\mathrm{a}_3 \\hat{k}$$ and $$\\overrightarrow{\\mathrm{b}}=\\mathrm{b}_1 \\hat{i}+\\mathrm{b}_2 \\hat{j}+\\mathrm{b}_3 \\hat{k}$$ be two vectors such that $$|\\overrightarrow{\\mathrm{a}}|=1, \\vec{a} \\cdot \\vec{b}=2$$ and $$|\\vec{b}|=4$$. If $$\\vec{c}=2(\\vec{a} \\times \\vec{b})-3 \\vec{b}$$, then the angle between $$\\vec{b}$$ and $$\\vec{c}$$ is equal to:",
            "img_url": null
        },
        "options": {
            "A": "$$\\cos ^{-1}\\left(-\\frac{1}{\\sqrt{3}}\\right)$$",
            "B": "$$\\cos ^{-1}\\left(\\frac{2}{3}\\right)$$",
            "C": "$$\\cos ^{-1}\\left(\\frac{2}{\\sqrt{3}}\\right)$$",
            "D": "$$\\cos ^{-1}\\left(-\\frac{\\sqrt{3}}{2}\\right)$$"
        },
        "type": "mcq",
        "correct_answer": 3.0
    },
    {
        "qid": "1lsg91cac",
        "question_number": 35,
        "question_value": {
            "text": "The maximum area of a triangle whose one vertex is at $$(0,0)$$ and the other two vertices lie on the curve $$y=-2 x^2+54$$ at points $$(x, y)$$ and $$(-x, y)$$, where $$y>0$$, is :",
            "img_url": null
        },
        "options": {
            "A": "108",
            "B": "122",
            "C": "88",
            "D": "92"
        },
        "type": "mcq",
        "correct_answer": 0.0
    },
    {
        "qid": "1lsg94q54",
        "question_number": 36,
        "question_value": {
            "text": "If $$f(x)=\\left|\\begin{array}{ccc}\n2 \\cos ^4 x & 2 \\sin ^4 x & 3+\\sin ^2 2 x \\\\\n3+2 \\cos ^4 x & 2 \\sin ^4 x & \\sin ^2 2 x \\\\\n2 \\cos ^4 x & 3+2 \\sin ^4 x & \\sin ^2 2 x\n\\end{array}\\right|,$$ then $$\\frac{1}{5} f^{\\prime}(0)=$$ is equal to :",
            "img_url": null
        },
        "options": {
            "A": "2",
            "B": "1",
            "C": "0",
            "D": "6"
        },
        "type": "mcq",
        "correct_answer": 2.0
    },
    {
        "qid": "1lsg95okx",
        "question_number": 37,
        "question_value": {
            "text": "Let $$(\\alpha, \\beta, \\gamma)$$ be the foot of perpendicular from the point $$(1,2,3)$$ on the line $$\\frac{x+3}{5}=\\frac{y-1}{2}=\\frac{z+4}{3}$$. Then $$19(\\alpha+\\beta+\\gamma)$$ is equal to :",
            "img_url": null
        },
        "options": {
            "A": "99",
            "B": "102",
            "C": "101",
            "D": "100"
        },
        "type": "mcq",
        "correct_answer": 2.0
    },
    {
        "qid": "1lsg96zxo",
        "question_number": 38,
        "question_value": {
            "text": "A line passing through the point $$\\mathrm{A}(9,0)$$ makes an angle of $$30^{\\circ}$$ with the positive direction of $$x$$-axis. If this line is rotated about A through an angle of $$15^{\\circ}$$ in the clockwise direction, then its equation in the new position is :",
            "img_url": null
        },
        "options": {
            "A": "$$\\frac{y}{\\sqrt{3}+2}+x=9$$",
            "B": "$$\\frac{x}{\\sqrt{3}+2}+y=9$$",
            "C": "$$\\frac{x}{\\sqrt{3}-2}+y=9$$",
            "D": "$$\\frac{y}{\\sqrt{3}-2}+x=9$$"
        },
        "type": "mcq",
        "correct_answer": 3.0
    },
    {
        "qid": "1lsga8e3h",
        "question_number": 39,
        "question_value": {
            "text": "Consider the system of linear equations $$x+y+z=4 \\mu, x+2 y+2 \\lambda z=10 \\mu, x+3 y+4 \\lambda^2 z=\\mu^2+15$$ where $$\\lambda, \\mu \\in \\mathbf{R}$$. Which one of the following statements is NOT correct ?",
            "img_url": null
        },
        "options": {
            "A": "The system has unique solution if $$\\lambda \\neq \\frac{1}{2}$$ and $$\\mu \\neq 1,15$$",
            "B": "The system has infinite number of solutions if $$\\lambda=\\frac{1}{2}$$ and $$\\mu=15$$",
            "C": "The system is consistent if $$\\lambda \\neq \\frac{1}{2}$$",
            "D": "The system is inconsistent if $$\\lambda=\\frac{1}{2}$$ and $$\\mu \\neq 1$$"
        },
        "type": "mcq",
        "correct_answer": 3.0
    },
    {
        "qid": "1lsga9myw",
        "question_number": 40,
        "question_value": {
            "text": "Let $$f:\\left[-\\frac{\\pi}{2}, \\frac{\\pi}{2}\\right] \\rightarrow \\mathbf{R}$$ be a differentiable function such that $$f(0)=\\frac{1}{2}$$. If the $$\\lim _\\limits{x \\rightarrow 0} \\frac{x \\int_0^x f(\\mathrm{t}) \\mathrm{dt}}{\\mathrm{e}^{x^2}-1}=\\alpha$$, then $$8 \\alpha^2$$ is equal to :",
            "img_url": null
        },
        "options": {
            "A": "4",
            "B": "2",
            "C": "1",
            "D": "16"
        },
        "type": "mcq",
        "correct_answer": 1.0
    },
    {
        "qid": "1lsgaam1v",
        "question_number": 41,
        "question_value": {
            "text": "If the length of the minor axis of an ellipse is equal to half of the distance between the foci, then the eccentricity of the ellipse is :",
            "img_url": null
        },
        "options": {
            "A": "$$\\frac{1}{\\sqrt{3}}$$",
            "B": "$$\\frac{2}{\\sqrt{5}}$$",
            "C": "$$\\frac{\\sqrt{3}}{2}$$",
            "D": "$$\\frac{\\sqrt{5}}{3}$$"
        },
        "type": "mcq",
        "correct_answer": 1.0
    },
    {
        "qid": "1lsgadxd6",
        "question_number": 43,
        "question_value": {
            "text": "Two integers $$x$$ and $$y$$ are chosen with replacement from the set $$\\{0,1,2,3, \\ldots, 10\\}$$. Then the probability that $$|x-y|>5$$, is :",
            "img_url": null
        },
        "options": {
            "A": "$$\\frac{31}{121}$$",
            "B": "$$\\frac{60}{121}$$",
            "C": "$$\\frac{62}{121}$$",
            "D": "$$\\frac{30}{121}$$"
        },
        "type": "mcq",
        "correct_answer": 3.0
    },
    {
        "qid": "1lsgafa13",
        "question_number": 44,
        "question_value": {
            "text": "Let $$A(2,3,5)$$ and $$C(-3,4,-2)$$ be opposite vertices of a parallelogram $$A B C D$$. If the diagonal $$\\overrightarrow{\\mathrm{BD}}=\\hat{i}+2 \\hat{j}+3 \\hat{k}$$, then the area of the parallelogram is equal to :",
            "img_url": null
        },
        "options": {
            "A": "$$\\frac{1}{2} \\sqrt{410}$$",
            "B": "$$\\frac{1}{2} \\sqrt{306}$$",
            "C": "$$\\frac{1}{2} \\sqrt{586}$$",
            "D": "$$\\frac{1}{2} \\sqrt{474}$$"
        },
        "type": "mcq",
        "correct_answer": 3.0
    },
    {
        "qid": "1lsgaiiyb",
        "question_number": 45,
        "question_value": {
            "text": "Let $$y=y(x)$$ be the solution of the differential equation $$\\sec x \\mathrm{~d} y+\\{2(1-x) \\tan x+x(2-x)\\} \\mathrm{d} x=0$$ such that $$y(0)=2$$. Then $$y(2)$$ is equal to:",
            "img_url": null
        },
        "options": {
            "A": "$$2\\{\\sin (2)+1\\}$$",
            "B": "2",
            "C": "1",
            "D": "$$2\\{1-\\sin (2)\\}$$"
        },
        "type": "mcq",
        "correct_answer": 1.0
    },
    {
        "qid": "1lsgajjz4",
        "question_number": 46,
        "question_value": {
            "text": "If $$z=x+i y, x y \\neq 0$$, satisfies the equation $$z^2+i \\bar{z}=0$$, then $$\\left|z^2\\right|$$ is equal to :",
            "img_url": null
        },
        "options": {
            "A": "9",
            "B": "$$\\frac{1}{4}$$",
            "C": "4",
            "D": "1"
        },
        "type": "mcq",
        "correct_answer": 3.0
    },
    {
        "qid": "1lsgaqmf3",
        "question_number": 47,
        "question_value": {
            "text": "If $$2 \\sin ^3 x+\\sin 2 x \\cos x+4 \\sin x-4=0$$ has exactly 3 solutions in the interval $$\\left[0, \\frac{\\mathrm{n} \\pi}{2}\\right], \\mathrm{n} \\in \\mathrm{N}$$, then the roots of the equation $$x^2+\\mathrm{n} x+(\\mathrm{n}-3)=0$$ belong to :",
            "img_url": null
        },
        "options": {
            "A": "$$(0, \\infty)$$",
            "B": "Z",
            "C": "$$\\left(-\\frac{\\sqrt{17}}{2}, \\frac{\\sqrt{17}}{2}\\right)$$",
            "D": "$$(-\\infty, 0)$$"
        },
        "type": "mcq",
        "correct_answer": 3.0
    },
    {
        "qid": "1lsgb11sw",
        "question_number": 48,
        "question_value": {
            "text": "If the domain of the function $$f(x)=\\cos ^{-1}\\left(\\frac{2-|x|}{4}\\right)+\\left\\{\\log _e(3-x)\\right\\}^{-1}$$ is $$[-\\alpha, \\beta)-\\{\\gamma\\}$$, then $$\\alpha+\\beta+\\gamma$$ is equal to :",
            "img_url": null
        },
        "options": {
            "A": "11",
            "B": "12",
            "C": "9",
            "D": "8"
        },
        "type": "mcq",
        "correct_answer": 0.0
    },
    {
        "qid": "1lsgb2052",
        "question_number": 49,
        "question_value": {
            "text": "Let $$S_n$$ denote the sum of first $$n$$ terms of an arithmetic progression. If $$S_{20}=790$$ and $$S_{10}=145$$, then $$\\mathrm{S}_{15}-\\mathrm{S}_5$$ is :",
            "img_url": null
        },
        "options": {
            "A": "405",
            "B": "390",
            "C": "410",
            "D": "395"
        },
        "type": "mcq",
        "correct_answer": 3.0
    },
    {
        "qid": "1lsgb2phy",
        "question_number": 50,
        "question_value": {
            "text": "The area (in square units) of the region bounded by the parabola $$y^2=4(x-2)$$ and the line $$y=2 x-8$$, is :",
            "img_url": null
        },
        "options": {
            "A": "7",
            "B": "8",
            "C": "9",
            "D": "6"
        },
        "type": "mcq",
        "correct_answer": 2.0
    },
    {
        "qid": "1lsgb3d4o",
        "question_number": 51,
        "question_value": {
            "text": "A group of 40 students appeared in an examination of 3 subjects - Mathematics, Physics and Chemistry. It was found that all students passed in atleast one of the subjects, 20 students passed in Mathematics, 25 students passed in Physics, 16 students passed in Chemistry, atmost 11 students passed in both Mathematics and Physics, atmost 15 students passed in both Physics and Chemistry, atmost 15 students passed in both Mathematics and Chemistry. The maximum number of students passed in all the three subjects is _________.",
            "img_url": null
        },
        "options": {},
        "type": "numerical",
        "correct_answer": 10.0
    },
    {
        "qid": "1lsgb4t6h",
        "question_number": 52,
        "question_value": {
            "text": "Let $$y=y(x)$$ be the solution of the differential equation $$\\left(1-x^2\\right) \\mathrm{d} y=\\left[x y+\\left(x^3+2\\right) \\sqrt{3\\left(1-x^2\\right)}\\right] \\mathrm{d} x, -1< x<1, y(0)=0$$. If $$y\\left(\\frac{1}{2}\\right)=\\frac{\\mathrm{m}}{\\mathrm{n}}, \\mathrm{m}$$ and $$\\mathrm{n}$$ are co-prime numbers, then $$\\mathrm{m}+\\mathrm{n}$$ is equal to __________.",
            "img_url": null
        },
        "options": {},
        "type": "numerical",
        "correct_answer": 97.0
    },
    {
        "qid": "1lsgchdrl",
        "question_number": 53,
        "question_value": {
            "text": "The value of $$9 \\int_\\limits0^9\\left[\\sqrt{\\frac{10 x}{x+1}}\\right] \\mathrm{d} x$$, where $$[t]$$ denotes the greatest integer less than or equal to $$t$$, is",
            "img_url": null
        },
        "options": {},
        "type": "numerical",
        "correct_answer": 155.0
    },
    {
        "qid": "1lsgcitu2",
        "question_number": 54,
        "question_value": {
            "text": "Let $$\\alpha, \\beta \\in \\mathbf{N}$$ be roots of the equation $$x^2-70 x+\\lambda=0$$, where $$\\frac{\\lambda}{2}, \\frac{\\lambda}{3} \\notin \\mathbf{N}$$. If $$\\lambda$$ assumes the minimum possible value, then $$\\frac{(\\sqrt{\\alpha-1}+\\sqrt{\\beta-1})(\\lambda+35)}{|\\alpha-\\beta|}$$ is equal to :",
            "img_url": null
        },
        "options": {},
        "type": "numerical",
        "correct_answer": 60.0
    },
    {
        "qid": "1lsgcji8h",
        "question_number": 55,
        "question_value": {
            "text": "$$\\text { Number of integral terms in the expansion of }\\left\\{7^{\\left(\\frac{1}{2}\\right)}+11^{\\left(\\frac{1}{6}\\right)}\\right\\}^{824} \\text { is equal to _________. }$$",
            "img_url": null
        },
        "options": {},
        "type": "numerical",
        "correct_answer": 138.0
    },
    {
        "qid": "1lsgckxsg",
        "question_number": 56,
        "question_value": {
            "text": "Let the latus rectum of the hyperbola $$\\frac{x^2}{9}-\\frac{y^2}{b^2}=1$$ subtend an angle of $$\\frac{\\pi}{3}$$ at the centre of the hyperbola. If $$\\mathrm{b}^2$$ is equal to $$\\frac{l}{\\mathrm{~m}}(1+\\sqrt{\\mathrm{n}})$$, where $$l$$ and $$\\mathrm{m}$$ are co-prime numbers, then $$\\mathrm{l}^2+\\mathrm{m}^2+\\mathrm{n}^2$$ is equal to ________.",
            "img_url": null
        },
        "options": {},
        "type": "numerical",
        "correct_answer": 182.0
    },
    {
        "qid": "1lsgclxib",
        "question_number": 57,
        "question_value": {
            "text": "If $$\\mathrm{d}_1$$ is the shortest distance between the lines $$x+1=2 y=-12 z, x=y+2=6 z-6$$ and $$\\mathrm{d}_2$$ is the shortest distance between the lines $$\\frac{x-1}{2}=\\frac{y+8}{-7}=\\frac{z-4}{5}, \\frac{x-1}{2}=\\frac{y-2}{1}=\\frac{z-6}{-3}$$, then the value of $$\\frac{32 \\sqrt{3} \\mathrm{~d}_1}{\\mathrm{~d}_2}$$ is :",
            "img_url": null
        },
        "options": {},
        "type": "numerical",
        "correct_answer": 16.0
    },
    {
        "qid": "1lsgcmznt",
        "question_number": 58,
        "question_value": {
            "text": "Let $$\\alpha=1^2+4^2+8^2+13^2+19^2+26^2+\\ldots$$ upto 10 terms and $$\\beta=\\sum_\\limits{n=1}^{10} n^4$$. If $$4 \\alpha-\\beta=55 k+40$$, then $$\\mathrm{k}$$ is equal to __________.",
            "img_url": null
        },
        "options": {},
        "type": "numerical",
        "correct_answer": 353.0
    },
    {
        "qid": "1lsgcodrp",
        "question_number": 59,
        "question_value": {
            "text": "Let $$\\mathrm{A}=\\{1,2,3, \\ldots, 7\\}$$ and let $$\\mathrm{P}(\\mathrm{A})$$ denote the power set of $$\\mathrm{A}$$. If the number of functions $$f: \\mathrm{A} \\rightarrow \\mathrm{P}(\\mathrm{A})$$ such that $$\\mathrm{a} \\in f(\\mathrm{a}), \\forall \\mathrm{a} \\in \\mathrm{A}$$ is $$\\mathrm{m}^{\\mathrm{n}}, \\mathrm{m}$$ and $$\\mathrm{n} \\in \\mathrm{N}$$ and $$\\mathrm{m}$$ is least, then $$\\mathrm{m}+\\mathrm{n}$$ is equal to _________.",
            "img_url": null
        },
        "options": {},
        "type": "numerical",
        "correct_answer": 44.0
    },
    {
        "qid": "1lsgcxy3n",
        "question_number": 62,
        "question_value": {
            "text": "The work function of a substance is $$3.0 \\mathrm{~eV}$$. The longest wavelength of light that can cause the emission of photoelectrons from this substance is approximately;",
            "img_url": null
        },
        "options": {
            "A": "215 nm",
            "B": "400 nm",
            "C": "414 nm",
            "D": "200 nm"
        },
        "type": "mcq",
        "correct_answer": 2.0
    },
    {
        "qid": "1lsgcytzp",
        "question_number": 63,
        "question_value": {
            "text": "Primary coil of a transformer is connected to $$220 \\mathrm{~V}$$ ac. Primary and secondary turns of the transforms are 100 and 10 respectively. Secondary coil of transformer is connected to two series resistances shown in figure. The output voltage $$\\left(V_0\\right)$$ is :",
            "img_url": "https://app-content.cdn.examgoal.net/fly/@width/image/6y3zli1lshf5zyi/dbd77c9a-b579-4f70-846a-6dad1c3db4b8/4f5e0aa0-c8d0-11ee-adc8-974b9031006b/file-6y3zli1lshf5zyj.png?format=png"
        },
        "options": {
            "A": "7 V",
            "B": "44 V",
            "C": "22 V",
            "D": "15 V"
        },
        "type": "mcq",
        "correct_answer": 0.0
    },
    {
        "qid": "1lsgd0f2p",
        "question_number": 64,
        "question_value": {
            "text": "A particle of mass $$\\mathrm{m}$$ is projected with a velocity '$$\\mathrm{u}$$' making an angle of $$30^{\\circ}$$ with the horizontal. The magnitude of angular momentum of the projectile about the point of projection when the particle is at its maximum height $$\\mathrm{h}$$ is :",
            "img_url": null
        },
        "options": {
            "A": "$$\\frac{\\mathrm{mu}^3}{\\sqrt{2} \\mathrm{~g}}$$",
            "B": "zero",
            "C": "$$\\frac{\\sqrt{3}}{2} \\frac{\\mathrm{mu}^2}{\\mathrm{~g}}$$",
            "D": "$$\\frac{\\sqrt{3}}{16} \\frac{\\mathrm{mu}^3}{\\mathrm{~g}}$$"
        },
        "type": "mcq",
        "correct_answer": 3.0
    },
    {
        "qid": "1lsgd1frq",
        "question_number": 65,
        "question_value": {
            "text": "The diffraction pattern of a light of wavelength $$400 \\mathrm{~nm}$$ diffracting from a slit of width $$0.2 \\mathrm{~mm}$$ is focused on the focal plane of a convex lens of focal length $$100 \\mathrm{~cm}$$. The width of the $$1^{\\text {st }}$$ secondary maxima will be :",
            "img_url": null
        },
        "options": {
            "A": "2 mm",
            "B": "0.2 mm",
            "C": "0.02 mm",
            "D": "2 cm"
        },
        "type": "mcq",
        "correct_answer": 0.0
    },
    {
        "qid": "1lsgd2r5a",
        "question_number": 66,
        "question_value": {
            "text": "A series L.R circuit connected with an ac source $$E=(25 \\sin 1000 t) V$$ has a power factor of $$\\frac{1}{\\sqrt{2}}$$. If the source of emf is changed to $$\\mathrm{E}=(20 \\sin 2000 \\mathrm{t}) \\mathrm{V}$$, the new power factor of the circuit will be :",
            "img_url": null
        },
        "options": {
            "A": "$$\\frac{1}{\\sqrt{3}}$$",
            "B": "$$\\frac{1}{\\sqrt{2}}$$",
            "C": "$$\\frac{1}{\\sqrt{5}}$$",
            "D": "$$\\frac{1}{\\sqrt{7}}$$"
        },
        "type": "mcq",
        "correct_answer": 2.0
    },
    {
        "qid": "1lsgd3mbl",
        "question_number": 67,
        "question_value": {
            "text": "The electrostatic potential due to an electric dipole at a distance '$$r$$' varies as :",
            "img_url": null
        },
        "options": {
            "A": "$$\\frac{1}{r^3}$$",
            "B": "$$\\frac{1}{\\mathrm{r}}$$",
            "C": "$$\\frac{1}{r^2}$$",
            "D": "r"
        },
        "type": "mcq",
        "correct_answer": 2.0
    },
    {
        "qid": "1lsgd50wc",
        "question_number": 68,
        "question_value": {
            "text": "A particle is placed at the point $$A$$ of a frictionless track $$A B C$$ as shown in figure. It is gently pushed towards right. The speed of the particle when it reaches the point B is :(Take $$g=10 \\mathrm{~m} / \\mathrm{s}^2$$).",
            "img_url": "https://app-content.cdn.examgoal.net/fly/@width/image/6y3zli1lshf7eat/c49bad60-625b-4970-9888-000b55d32837/76415550-c8d0-11ee-adc8-974b9031006b/file-6y3zli1lshf7eau.png?format=png"
        },
        "options": {
            "A": "$$2 \\sqrt{10} \\mathrm{~m} / \\mathrm{s}$$",
            "B": "$$10 \\mathrm{~m} / \\mathrm{s}$$",
            "C": "$$\\sqrt{10} \\mathrm{~m} / \\mathrm{s}$$",
            "D": "$$20 \\mathrm{~m} / \\mathrm{s}$$"
        },
        "type": "mcq",
        "correct_answer": 2.0
    },
    {
        "qid": "1lsgd7jbd",
        "question_number": 69,
        "question_value": {
            "text": "Two thermodynamical processes are shown in the figure. The molar heat capacity for process A and B are $$\\mathrm{C}_{\\mathrm{A}}$$ and $$\\mathrm{C}_{\\mathrm{B}}$$. The molar heat capacity at constant pressure and constant volume are represented by $$\\mathrm{C_P}$$ and $$\\mathrm{C_V}$$, respectively. Choose the correct statement.",
            "img_url": "https://app-content.cdn.examgoal.net/fly/@width/image/6y3zli1lshf8iqh/398d93d3-8776-4157-99a7-e5031859eea7/957d8c90-c8d0-11ee-adc8-974b9031006b/file-6y3zli1lshf8iqi.png?format=png"
        },
        "options": {
            "A": "$$\\mathrm{C_P>C_B>C_A>C_V}$$",
            "B": "$$\\mathrm{C}_{\\mathrm{P}}>\\mathrm{C}_{\\mathrm{V}}>\\mathrm{C}_{\\mathrm{A}}=\\mathrm{C}_{\\mathrm{B}}$$",
            "C": "$$\\mathrm{C}_{\\mathrm{A}}=0$$ and $$\\mathrm{C}_{\\mathrm{B}}=\\infty$$",
            "D": "$$\\mathrm{C_A=\\infty, C_B=0}$$"
        },
        "type": "mcq",
        "correct_answer": 0.0
    },
    {
        "qid": "1lsgdfsz5",
        "question_number": 70,
        "question_value": {
            "text": "The electric field of an electromagnetic wave in free space is represented as $$\\overrightarrow{\\mathrm{E}}=\\mathrm{E}_0 \\cos (\\omega \\mathrm{t}-\\mathrm{kz}) \\hat{i}$$. The corresponding magnetic induction vector will be :",
            "img_url": null
        },
        "options": {
            "A": "$$\\overrightarrow{\\mathrm{B}}=\\mathrm{E}_0 \\mathrm{C} \\cos (\\omega \\mathrm{t}+\\mathrm{k} z) \\hat{j}$$",
            "B": "$$\\overrightarrow{\\mathrm{B}}=\\frac{\\mathrm{E}_0}{\\mathrm{C}} \\cos (\\omega \\mathrm{t}-\\mathrm{kz}) \\hat{j}$$",
            "C": "$$\\overrightarrow{\\mathrm{B}}=\\mathrm{E}_0 \\mathrm{C} \\cos (\\omega \\mathrm{t}-\\mathrm{k} z) \\hat{j}$$",
            "D": "$$\\overrightarrow{\\mathrm{B}}=\\frac{\\mathrm{E}_0}{\\mathrm{C}} \\cos (\\omega \\mathrm{t}+\\mathrm{kz}) \\hat{j}$$"
        },
        "type": "mcq",
        "correct_answer": 1.0
    },
    {
        "qid": "1lsgdgm07",
        "question_number": 71,
        "question_value": {
            "text": "At which temperature the r.m.s. velocity of a hydrogen molecule equal to that of an oxygen molecule at $$47^{\\circ} \\mathrm{C}$$ ?",
            "img_url": null
        },
        "options": {
            "A": "20 K",
            "B": "80 K",
            "C": "4 K",
            "D": "$$-73$$ K"
        },
        "type": "mcq",
        "correct_answer": 0.0
    },
    {
        "qid": "1lsgdlwra",
        "question_number": 73,
        "question_value": {
            "text": "A potential divider circuit is shown in figure. The output voltage V$$_0$$ is :",
            "img_url": "https://app-content.cdn.examgoal.net/fly/@width/image/6y3zli1lshfa5m9/913268d2-af18-4a50-8d68-1bc56ced5158/c2f9d610-c8d0-11ee-adc8-974b9031006b/file-6y3zli1lshfa5ma.png?format=png"
        },
        "options": {
            "A": "2 mV",
            "B": "4 V",
            "C": "0.5 V",
            "D": "12 mV"
        },
        "type": "mcq",
        "correct_answer": 2.0
    },
    {
        "qid": "1lsgdmrpl",
        "question_number": 74,
        "question_value": {
            "text": "A Zener diode of breakdown voltage $$10 \\mathrm{~V}$$ is used as a voltage regulator as shown in the figure. The current through the Zener diode is :",
            "img_url": "https://app-content.cdn.examgoal.net/fly/@width/image/6y3zli1lshgb5of/570dcf28-8b8a-437f-8f8b-8bcac6cb4adf/c7f5f0f0-c8d4-11ee-adc8-974b9031006b/file-6y3zli1lshgb5og.png?format=png"
        },
        "options": {
            "A": "0",
            "B": "30 mA",
            "C": "20 mA",
            "D": "50 mA"
        },
        "type": "mcq",
        "correct_answer": 1.0
    },
    {
        "qid": "1lsgdo9b3",
        "question_number": 75,
        "question_value": {
            "text": "Two insulated circular loop A and B of radius '$$a$$' carrying a current of '$$\\mathrm{I}$$' in the anti clockwise direction as shown in the figure. The magnitude of the magnetic induction at the centre will be :",
            "img_url": "https://app-content.cdn.examgoal.net/fly/@width/image/6y3zli1lshfd936/bf5b961c-aeea-4f3e-8e37-ed9ffce46f01/19159930-c8d1-11ee-adc8-974b9031006b/file-6y3zli1lshfd937.png?format=png"
        },
        "options": {
            "A": "$$\\frac{\\sqrt{2} \\mu_0 I}{a}$$",
            "B": "$$\\frac{\\mu_0 I}{\\sqrt{2} a}$$",
            "C": "$$\\frac{\\mu_0 \\mathrm{I}}{2 \\mathrm{a}}$$",
            "D": "$$\\frac{2 \\mu_0 I}{a}$$"
        },
        "type": "mcq",
        "correct_answer": 1.0
    },
    {
        "qid": "1lsgwz89q",
        "question_number": 76,
        "question_value": {
            "text": "All surfaces shown in figure are assumed to be frictionless and the pulleys and the string are light. The acceleration of the block of mass $$2 \\mathrm{~kg}$$ is :",
            "img_url": "https://app-content.cdn.examgoal.net/fly/@width/image/6y3zli1lshfe4i3/5c7622f4-9684-4975-b99d-6b1f7816a284/3159c1b0-c8d1-11ee-adc8-974b9031006b/file-6y3zli1lshfe4i4.png?format=png"
        },
        "options": {
            "A": "$$\\mathrm{\\frac{g}{2}}$$",
            "B": "$$\\mathrm{\\frac{g}{4}}$$",
            "C": "$$\\mathrm{g}$$",
            "D": "$$\\mathrm{\\frac{g}{3}}$$"
        },
        "type": "mcq",
        "correct_answer": 3.0
    },
    {
        "qid": "1lsgx2n14",
        "question_number": 77,
        "question_value": {
            "text": "An electric toaster has resistance of $$60 \\Omega$$ at room temperature $$\\left(27^{\\circ} \\mathrm{C}\\right)$$. The toaster is connected to a $$220 \\mathrm{~V}$$ supply. If the current flowing through it reaches $$2.75 \\mathrm{~A}$$, the temperature attained by toaster is around : ( if $$\\alpha=2 \\times 10^{-4}$$/$$^\\circ  \\mathrm{C}$$)",
            "img_url": null
        },
        "options": {
            "A": "1235 $$^\\circ$$C",
            "B": "1667 $$^\\circ$$C",
            "C": "694 $$^\\circ$$C",
            "D": "1694 $$^\\circ$$C"
        },
        "type": "mcq",
        "correct_answer": 3.0
    },
    {
        "qid": "1lsgx468k",
        "question_number": 78,
        "question_value": {
            "text": "A spherical body of mass $$100 \\mathrm{~g}$$ is dropped from a height of $$10 \\mathrm{~m}$$ from the ground. After hitting the ground, the body rebounds to a height of $$5 \\mathrm{~m}$$. The impulse of force imparted by the ground to the body is given by : (given, $$\\mathrm{g}=9.8 \\mathrm{~m} / \\mathrm{s}^2$$)",
            "img_url": null
        },
        "options": {
            "A": "$$43.2 \\mathrm{~kg} \\mathrm{~ms}^{-1}$$",
            "B": "$$2.39 \\mathrm{~kg} \\mathrm{~ms}^{-1}$$",
            "C": "$$4.32 \\mathrm{~kg} \\mathrm{~ms}^{-1}$$",
            "D": "$$23.9 \\mathrm{~kg} \\mathrm{~ms}^{-1}$$"
        },
        "type": "mcq",
        "correct_answer": 1.0
    },
    {
        "qid": "1lsgx5dwc",
        "question_number": 79,
        "question_value": {
            "text": "Young's modules of material of a wire of length '$$L$$' and cross-sectional area $$A$$ is $$Y$$. If the length of the wire is doubled and cross-sectional area is halved then Young's modules will be :",
            "img_url": null
        },
        "options": {
            "A": "4 Y",
            "B": "2 Y",
            "C": "$$\\mathrm{\\frac{Y}{4}}$$",
            "D": "Y"
        },
        "type": "mcq",
        "correct_answer": 3.0
    },
    {
        "qid": "1lsgx6elh",
        "question_number": 80,
        "question_value": {
            "text": "The gravitational potential at a point above the surface of earth is $$-5.12 \\times 10^7 \\mathrm{~J} / \\mathrm{kg}$$ and the acceleration due to gravity at that point is $$6.4 \\mathrm{~m} / \\mathrm{s}^2$$. Assume that the mean radius of earth to be $$6400 \\mathrm{~km}$$. The height of this point above the earth's surface is :",
            "img_url": null
        },
        "options": {
            "A": "1600 km",
            "B": "1200 km",
            "C": "540 km",
            "D": "1000 km"
        },
        "type": "mcq",
        "correct_answer": 0.0
    },
    {
        "qid": "1lsgx7j5t",
        "question_number": 81,
        "question_value": {
            "text": "The horizontal component of earth's magnetic field at a place is $$3.5 \\times 10^{-5} \\mathrm{~T}$$. A very long straight conductor carrying current of $$\\sqrt{2} \\mathrm{~A}$$ in the direction from South east to North West is placed. The force per unit length experienced by the conductor is __________ $$\\times 10^{-6} \\mathrm{~N} / \\mathrm{m}$$.",
            "img_url": null
        },
        "options": {},
        "type": "numerical",
        "correct_answer": 35.0
    },
    {
        "qid": "1lsgx8rwq",
        "question_number": 82,
        "question_value": {
            "text": "Two cells are connected in opposition as shown. Cell $$\\mathrm{E}_1$$ is of $$8 \\mathrm{~V}$$ emf and $$2 \\Omega$$ internal resistance; the cell $$\\mathrm{E}_2$$ is of $$2 \\mathrm{~V}$$ emf and $$4 \\Omega$$ internal resistance. The terminal potential difference of cell $$\\mathrm{E}_2$$ is __________ V.",
            "img_url": "https://app-content.cdn.examgoal.net/fly/@width/image/6y3zli1lshff3wu/2bdf6ade-33a7-4494-8b45-69b98213be1b/4cb42ae0-c8d1-11ee-adc8-974b9031006b/file-6y3zli1lshff3wv.png?format=png"
        },
        "options": {},
        "type": "numerical",
        "correct_answer": 6.0
    },
    {
        "qid": "1lsgx9b3x",
        "question_number": 83,
        "question_value": {
            "text": "A electron of hydrogen atom on an excited state is having energy $$\\mathrm{E}_{\\mathrm{n}}=-0.85 \\mathrm{~eV}$$. The maximum number of allowed transitions to lower energy level is _________.",
            "img_url": null
        },
        "options": {},
        "type": "numerical",
        "correct_answer": 6.0
    },
    {
        "qid": "1lsgxeosz",
        "question_number": 84,
        "question_value": {
            "text": "A capacitor of capacitance $$\\mathrm{C}$$ and potential $$\\mathrm{V}$$ has energy $$\\mathrm{E}$$. It is connected to another capacitor of capacitance $$2 \\mathrm{C}$$ and potential $$2 \\mathrm{~V}$$. Then the loss of energy is $$\\frac{x}{3} \\mathrm{E}$$, where $$x$$ is _______.",
            "img_url": null
        },
        "options": {},
        "type": "numerical",
        "correct_answer": 2.0
    },
    {
        "qid": "1lsgxfrmn",
        "question_number": 85,
        "question_value": {
            "text": "The distance between object and its two times magnified real image as produced by a convex lens is $$45 \\mathrm{~cm}$$. The focal length of the lens used is _______ cm.",
            "img_url": null
        },
        "options": {},
        "type": "numerical",
        "correct_answer": 10.0
    },
    {
        "qid": "1lsgxgqv0",
        "question_number": 86,
        "question_value": {
            "text": "In a closed organ pipe, the frequency of fundamental note is $$30 \\mathrm{~Hz}$$. A certain amount of water is now poured in the organ pipe so that the fundamental frequency is increased to $$110 \\mathrm{~Hz}$$. If the organ pipe has a cross-sectional area of $$2 \\mathrm{~cm}^2$$, the amount of water poured in the organ tube is __________ g. (Take speed of sound in air is $$330 \\mathrm{~m} / \\mathrm{s}$$)",
            "img_url": null
        },
        "options": {},
        "type": "numerical",
        "correct_answer": 400.0
    },
    {
        "qid": "1lsgxhq5u",
        "question_number": 87,
        "question_value": {
            "text": "Consider a Disc of mass $$5 \\mathrm{~kg}$$, radius $$2 \\mathrm{~m}$$, rotating with angular velocity of $$10 \\mathrm{~rad} / \\mathrm{s}$$ about an axis perpendicular to the plane of rotation. An identical disc is kept gently over the rotating disc along the same axis. The energy dissipated so that both the discs continue to rotate together without slipping is ________ J.",
            "img_url": "https://app-content.cdn.examgoal.net/fly/@width/image/6y3zli1lshfgdbx/e90eede2-ac6a-491d-b517-ec8746d68027/6fc9f2d0-c8d1-11ee-adc8-974b9031006b/file-6y3zli1lshfgdby.png?format=png"
        },
        "options": {},
        "type": "numerical",
        "correct_answer": 250.0
    },
    {
        "qid": "1lsgxiwe5",
        "question_number": 88,
        "question_value": {
            "text": "The displacement and the increase in the velocity of a moving particle in the time interval of $$t$$ to $$(t+1) \\mathrm{s}$$ are $$125 \\mathrm{~m}$$ and $$50 \\mathrm{~m} / \\mathrm{s}$$, respectively. The distance travelled by the particle in $$(\\mathrm{t}+2)^{\\mathrm{th}} \\mathrm{s}$$ is _________ m.",
            "img_url": null
        },
        "options": {},
        "type": "numerical",
        "correct_answer": 175.0
    },
    {
        "qid": "1lsgxkprt",
        "question_number": 89,
        "question_value": {
            "text": "Each of three blocks $$\\mathrm{P}, \\mathrm{Q}$$ and $$\\mathrm{R}$$ shown in figure has a mass of $$3 \\mathrm{~kg}$$. Each of the wires $$\\mathrm{A}$$ and $$\\mathrm{B}$$ has cross-sectional area $$0.005 \\mathrm{~cm}^2$$ and Young's modulus $$2 \\times 10^{11} \\mathrm{~N} \\mathrm{~m}^{-2}$$. Neglecting friction, the longitudinal strain on wire $$B$$ is ________ $$\\times 10^{-4}$$. (Take $$\\mathrm{g}=10 \\mathrm{~m} / \\mathrm{s}^2$$)",
            "img_url": "https://app-content.cdn.examgoal.net/fly/@width/image/6y3zli1lshfk7bl/1746db77-3371-44d4-ab6d-5cad78f2ee32/da622810-c8d1-11ee-adc8-974b9031006b/file-6y3zli1lshfk7bm.png?format=png"
        },
        "options": {},
        "type": "numerical",
        "correct_answer": 2.0
    },
    {
        "qid": "1lsgxlz5q",
        "question_number": 90,
        "question_value": {
            "text": "A ceiling fan having 3 blades of length $$80 \\mathrm{~cm}$$ each is rotating with an angular velocity of 1200 $$\\mathrm{rpm}$$. The magnetic field of earth in that region is $$0.5 \\mathrm{G}$$ and angle of dip is $$30^{\\circ}$$. The emf induced across the blades is $$\\mathrm{N} \\pi \\times 10^{-5} \\mathrm{~V}$$. The value of $$\\mathrm{N}$$ is _________.",
            "img_url": null
        },
        "options": {},
        "type": "numerical",
        "correct_answer": 32.0
    }
]