[
    {
        "qid": "1lsg78qd5",
        "question_number": 1,
        "question_value": {
            "text": "The products A and B formed in the following reaction scheme are respectively",
            "img_url": "https://app-content.cdn.examgoal.net/fly/@width/image/6y3zli1lshjm9vy/baa63603-5f93-4fb2-8935-cfd94a188bf1/b8800ae0-c8e1-11ee-8501-bb04786aa212/file-6y3zli1lshjm9vz.png?format=png"
        },
        "options": {
            "A": {
                "text": null,
                "img_url": "https://app-content.cdn.examgoal.net/fly/@width/image/6y3zli1lshjm72q/b8b8904e-f926-405e-8c4d-179d99bc824c/b6540320-c8e1-11ee-8501-bb04786aa212/file-6y3zli1lshjm72r.png?format=png"
            },
            "B": {
                "text": null,
                "img_url": "https://app-content.cdn.examgoal.net/fly/@width/image/6y3zli1lshjm43z/55d27a51-914e-4042-8b3f-b1e196c8d6b8/b409c500-c8e1-11ee-8501-bb04786aa212/file-6y3zli1lshjm440.png?format=png"
            },
            "C": {
                "text": null,
                "img_url": "https://app-content.cdn.examgoal.net/fly/@width/image/6y3zli1lshjm0vh/f9ab2596-1631-49ad-b0d5-e9bde5841476/b189a9d0-c8e1-11ee-8501-bb04786aa212/file-6y3zli1lshjm0vi.png?format=png"
            },
            "D": {
                "text": null,
                "img_url": "https://app-content.cdn.examgoal.net/fly/@width/image/6y3zli1lshjlx6f/88085b02-e27b-4d46-8a87-495036cb2a31/aeaec470-c8e1-11ee-8501-bb04786aa212/file-6y3zli1lshjlx6g.png?format=png"
            }
        },
        "type": "mcq",
        "correct_answer": 1.0
    },
    {
        "qid": "1lsg7aykh",
        "question_number": 2,
        "question_value": {
            "text": "The correct stability order of carbocations is",
            "img_url": null
        },
        "options": {
            "A": "$$\\left(\\mathrm{CH}_3\\right)_3 \\mathrm{C}^{+}>\\mathrm{CH}_3-\\stackrel{+}{\\mathrm{C}} \\mathrm{H}_2>\\left(\\mathrm{CH}_3\\right)_2 \\stackrel{+}{\\mathrm{C}} \\mathrm{H}>\\stackrel{+}{\\mathrm{C}} \\mathrm{H}_3$$",
            "B": "$$\\left(\\mathrm{CH}_3\\right)_3 \\stackrel{+}{\\mathrm{C}}>\\left(\\mathrm{CH}_3\\right)_2 \\stackrel{+}{\\mathrm{C}} \\mathrm{H}>\\mathrm{CH}_3-\\stackrel{+}{\\mathrm{C}} \\mathrm{H}_2>\\stackrel{+}{\\mathrm{C}} \\mathrm{H}_3$$",
            "C": {
                "text": null,
                "img_url": "https://app-content.cdn.examgoal.net/fly/@width/image/6y3zli1lshjogrd/77382cda-3454-41b8-9f58-dcc3a06d0898/f56d93a0-c8e1-11ee-8501-bb04786aa212/file-6y3zli1lshjogre.png?format=png"
            },
            "D": "$$\\stackrel{+}{\\mathrm{C}} \\mathrm{H}_3>\\left(\\mathrm{CH}_3\\right)_2 \\stackrel{+}{\\mathrm{C}} \\mathrm{H}>\\mathrm{CH}_3-\\stackrel{+}{\\mathrm{C}} \\mathrm{H}_2>\\left(\\mathrm{CH}_3\\right)_3 \\stackrel{+}{\\mathrm{C}}$$"
        },
        "type": "mcq",
        "correct_answer": 1.0
    },
    {
        "qid": "1lsg7bpxi",
        "question_number": 3,
        "question_value": {
            "text": "Which among the following purification methods is based on the principle of \"Solubility\" in two different solvents?",
            "img_url": null
        },
        "options": {
            "A": "Distillation",
            "B": "Sublimation",
            "C": "Column Chromatography",
            "D": "Differential Extraction"
        },
        "type": "mcq",
        "correct_answer": 3.0
    },
    {
        "qid": "1lsg7cpqp",
        "question_number": 4,
        "question_value": {
            "text": "IUPAC name of following compound is :",
            "img_url": "https://app-content.cdn.examgoal.net/fly/@width/image/6y3zli1lshjplgv/f905c75e-cdd6-48c8-8d77-cec912a5c430/14dfa7f0-c8e2-11ee-8501-bb04786aa212/file-6y3zli1lshjplgw.png?format=png"
        },
        "options": {
            "A": "2-Aminobutanenitrile",
            "B": "3-Aminopropanenitrile",
            "C": "2-Aminopentanenitrile",
            "D": "3-Aminobutanenitrile"
        },
        "type": "mcq",
        "correct_answer": 3.0
    },
    {
        "qid": "1lsg7dshs",
        "question_number": 5,
        "question_value": {
            "text": "The solution from the following with highest depression in freezing point/lowest freezing point is",
            "img_url": null
        },
        "options": {
            "A": "$$180 \\mathrm{~g}$$ of acetic acid dissolved in benzene",
            "B": "$$180 \\mathrm{~g}$$ of acetic acid dissolved in water",
            "C": "$$180 \\mathrm{~g}$$ of benzoic acid dissolved in benzene",
            "D": "$$180 \\mathrm{~g}$$ of glucose dissolved in water"
        },
        "type": "mcq",
        "correct_answer": 1.0
    },
    {
        "qid": "1lsg7jd5s",
        "question_number": 8,
        "question_value": {
            "text": "If a substance '$$A$$' dissolves in solution of a mixture of '$$B$$' and '$$C$$' with their respective number of moles as $$\\mathrm{n}_{\\mathrm{A}}, \\mathrm{n}_{\\mathrm{B}}$$ and $$\\mathrm{n}_{\\mathrm{C}_3}$$. Mole fraction of $$\\mathrm{C}$$ in the solution is",
            "img_url": null
        },
        "options": {
            "A": "$$\\frac{n_C}{n_A \\times n_B \\times n_C}$$",
            "B": "$$\\frac{n_B}{n_A+n_B}$$",
            "C": "$$\\frac{n_C}{n_A+n_B+n_C}$$",
            "D": "$$\\frac{n_C}{n_A-n_B-n_C}$$"
        },
        "type": "mcq",
        "correct_answer": 2.0
    },
    {
        "qid": "1lsg7kbq3",
        "question_number": 9,
        "question_value": {
            "text": "The molecule / ion with square pyramidal shape is",
            "img_url": null
        },
        "options": {
            "A": "$$\\mathrm{PCl}_5$$",
            "B": "$$\\left[\\mathrm{Ni}(\\mathrm{CN})_4\\right]^{2-}$$",
            "C": "$$\\mathrm{PF}_5$$",
            "D": "$$\\mathrm{BrF}_5$$"
        },
        "type": "mcq",
        "correct_answer": 3.0
    },
    {
        "qid": "1lsg7uyu7",
        "question_number": 13,
        "question_value": {
            "text": "Alkaline oxidative fusion of $$\\mathrm{MnO}_2$$ gives \"A\" which on electrolytic oxidation in alkaline solution produces B. A and B respectively are",
            "img_url": null
        },
        "options": {
            "A": "$$\\mathrm{Mn}_2 \\mathrm{O}_3$$ and $$\\mathrm{MnO}_4^{2-}$$",
            "B": "$$\\mathrm{Mn}_2 \\mathrm{O}_7$$ and $$\\mathrm{MnO}_4^{-}$$",
            "C": "$$\\mathrm{MnO}_4^{2-}$$ and $$\\mathrm{MnO}_4^{-}$$",
            "D": "$$\\mathrm{MnO}_4^{2-}$$ and $$\\mathrm{Mn}_2 \\mathrm{O}_7$$"
        },
        "type": "mcq",
        "correct_answer": 2.0
    },
    {
        "qid": "1lsg7vwub",
        "question_number": 14,
        "question_value": {
            "text": "Salicylaldehyde is synthesized from phenol, when reacted with",
            "img_url": null
        },
        "options": {
            "A": "$$\\mathrm{HCCl}_3, \\mathrm{NaOH}$$",
            "B": "$$\\mathrm{CO}_2, \\mathrm{NaOH}$$",
            "C": {
                "text": null,
                "img_url": "https://app-content.cdn.examgoal.net/fly/@width/image/6y3zli1lshjqq70/18049711-83de-492a-a25b-40725a4e769b/345565c0-c8e2-11ee-8501-bb04786aa212/file-6y3zli1lshjqq71.png?format=png"
            },
            "D": "CCl$$_4$$, NaOH"
        },
        "type": "mcq",
        "correct_answer": 0.0
    },
    {
        "qid": "1lsg7wptd",
        "question_number": 15,
        "question_value": {
            "text": "m-chlorobenzaldehyde on treatment with 50% KOH solution yields",
            "img_url": null
        },
        "options": {
            "A": {
                "text": null,
                "img_url": "https://app-content.cdn.examgoal.net/fly/@width/image/6y3zli1lshjtn72/1b7684b6-6615-4d50-b05a-6e15f7d41694/8571dce0-c8e2-11ee-8501-bb04786aa212/file-6y3zli1lshjtn73.png?format=png"
            },
            "B": {
                "text": null,
                "img_url": "https://app-content.cdn.examgoal.net/fly/@width/image/6y3zli1lshjtjor/0362b93c-7575-495d-9ea7-1c3465ac1cdb/82bc0bb0-c8e2-11ee-8501-bb04786aa212/file-6y3zli1lshjtjos.png?format=png"
            },
            "C": {
                "text": null,
                "img_url": "https://app-content.cdn.examgoal.net/fly/@width/image/6y3zli1lshjtfs5/b6a84c08-8acb-4edb-a292-a0daaa5b1a50/7fb7a550-c8e2-11ee-8501-bb04786aa212/file-6y3zli1lshjtfs6.png?format=png"
            },
            "D": {
                "text": null,
                "img_url": "https://app-content.cdn.examgoal.net/fly/@width/image/6y3zli1lshjtbuq/7ea24c58-bf11-4141-8da0-3c315cdedd1e/7caed220-c8e2-11ee-8501-bb04786aa212/file-6y3zli1lshjtbur.png?format=png"
            }
        },
        "type": "mcq",
        "correct_answer": 0.0
    },
    {
        "qid": "1lsg7xgnj",
        "question_number": 16,
        "question_value": {
            "text": "Products A and B formed in the following set of reactions are",
            "img_url": "https://app-content.cdn.examgoal.net/fly/@width/image/6y3zli1lshjxrz3/a407a498-3f3e-45c9-a0e2-a0fbf05a0ae7/f85f66f0-c8e2-11ee-8501-bb04786aa212/file-6y3zli1lshjxrz4.png?format=png"
        },
        "options": {
            "A": {
                "text": null,
                "img_url": "https://app-content.cdn.examgoal.net/fly/@width/image/6y3zli1lshjxp9v/382889ce-3795-4d1d-9867-a26b411f6df8/f6495830-c8e2-11ee-8501-bb04786aa212/file-6y3zli1lshjxp9w.png?format=png"
            },
            "B": {
                "text": null,
                "img_url": "https://app-content.cdn.examgoal.net/fly/@width/image/6y3zli1lshjxgh7/621aca2f-0959-45f9-9719-c86fe4e38481/ef7dd7b0-c8e2-11ee-8501-bb04786aa212/file-6y3zli1lshjxgh8.png?format=png"
            },
            "C": {
                "text": null,
                "img_url": "https://app-content.cdn.examgoal.net/fly/@width/image/6y3zli1lshjxjdi/8ff585cf-5c28-44c3-8f04-ecec9c37557c/f1bacf60-c8e2-11ee-8501-bb04786aa212/file-6y3zli1lshjxjdj.png?format=png"
            },
            "D": {
                "text": null,
                "img_url": "https://app-content.cdn.examgoal.net/fly/@width/image/6y3zli1lshjxmds/1626465b-83f9-4a83-bf33-20c9dd56f1dc/f40d9900-c8e2-11ee-8501-bb04786aa212/file-6y3zli1lshjxmdt.png?format=png"
            }
        },
        "type": "mcq",
        "correct_answer": 3.0
    },
    {
        "qid": "1lsg7zp1o",
        "question_number": 17,
        "question_value": {
            "text": "The orange colour of $$\\mathrm{K}_2 \\mathrm{Cr}_2 \\mathrm{O}_7$$ and purple colour of $$\\mathrm{KMnO}_4$$ is due to",
            "img_url": null
        },
        "options": {
            "A": "Charge transfer transition in both.",
            "B": "$$\\mathrm{d} \\rightarrow \\mathrm{d}$$ transitions in $$\\mathrm{KMnO}_4$$ and charge transfer transitions in $$\\mathrm{K}_2 \\mathrm{Cr}_2 \\mathrm{O}_7$$.",
            "C": "$$\\mathrm{d} \\rightarrow \\mathrm{d}$$ transitions in both",
            "D": "$$\\mathrm{d} \\rightarrow \\mathrm{d}$$ transitions in $$\\mathrm{K}_2 \\mathrm{Cr}_2 \\mathrm{O}_7$$ and charge transfer transitions in $$\\mathrm{KMnO}_4$$."
        },
        "type": "mcq",
        "correct_answer": 0.0
    },
    {
        "qid": "1lsg80hy9",
        "question_number": 18,
        "question_value": {
            "text": "The coordination geometry around the manganese in decacarbonyldimanganese $$(0)$$ is",
            "img_url": null
        },
        "options": {
            "A": "Trigonal bipyramidal",
            "B": "Square pyramidal",
            "C": "Square planar",
            "D": "Octahedral"
        },
        "type": "mcq",
        "correct_answer": 3.0
    },
    {
        "qid": "1lsg85c7e",
        "question_number": 23,
        "question_value": {
            "text": "Number of spectral lines obtained in $$\\mathrm{He}^{+}$$ spectra, when an electron makes transition from fifth excited state to first excited state will be",
            "img_url": null
        },
        "options": {},
        "type": "numerical",
        "correct_answer": 10.0
    },
    {
        "qid": "1lsg86sv4",
        "question_number": 25,
        "question_value": {
            "text": "Number of geometrical isomers possible for the given structure is/are _________.",
            "img_url": "https://app-content.cdn.examgoal.net/fly/@width/image/6y3zli1lshjzxmq/827f5d99-9d51-4d70-92ef-0164d74c44cd/345c4e20-c8e3-11ee-8501-bb04786aa212/file-6y3zli1lshjzxmr.png?format=png"
        },
        "options": {},
        "type": "numerical",
        "correct_answer": 4.0
    },
    {
        "qid": "1lsg889tg",
        "question_number": 26,
        "question_value": {
            "text": "The $$\\mathrm{pH}$$ of an aqueous solution containing $$1 \\mathrm{M}$$ benzoic acid $$\\left(\\mathrm{pK}_{\\mathrm{a}}=4.20\\right)$$ and $$1 \\mathrm{M}$$ sodium benzoate is 4.5. The volume of benzoic acid solution in $$300 \\mathrm{~mL}$$ of this buffer solution is _________ $$\\mathrm{mL}$$. (given : $$\\log 2=0.3$$)",
            "img_url": null
        },
        "options": {},
        "type": "numerical",
        "correct_answer": 100.0
    },
    {
        "qid": "1lsg8mpo4",
        "question_number": 27,
        "question_value": {
            "text": "$$\\mathrm{NO}_2$$ required for a reaction is produced by decomposition of $$\\mathrm{N}_2 \\mathrm{O}_5$$ in $$\\mathrm{CCl}_4$$ as by equation$$2 \\mathrm{~N}_2 \\mathrm{O}_{5(\\mathrm{~g})} \\rightarrow 4 \\mathrm{NO}_{2(\\mathrm{~g})}+\\mathrm{O}_{2(\\mathrm{~g})}$$The initial concentration of $$\\mathrm{N}_2 \\mathrm{O}_5$$ is $$3 \\mathrm{~mol} \\mathrm{~L}^{-1}$$ and it is $$2.75 \\mathrm{~mol} \\mathrm{~L}^{-1}$$ after 30 minutes.The rate of formation of $$\\mathrm{NO}_2$$ is $$\\mathrm{x} \\times 10^{-3} \\mathrm{~mol} \\mathrm{~L}^{-1} \\mathrm{~min}^{-1}$$, value of $$\\mathrm{x}$$ is _________. (nearest integer)",
            "img_url": null
        },
        "options": {},
        "type": "numerical",
        "correct_answer": 17.0
    },
    {
        "qid": "1lsg3nvgv",
        "question_number": 31,
        "question_value": {
            "text": "Let $$f: \\mathbb{R} \\rightarrow \\mathbb{R}$$ be a function defined by $$f(x)=\\frac{x}{\\left(1+x^4\\right)^{1 / 4}}$$, and $$g(x)=f(f(f(f(x))))$$. Then, $$18 \\int_0^{\\sqrt{2 \\sqrt{5}}} x^2 g(x) d x$$ is equal to",
            "img_url": null
        },
        "options": {
            "A": "36",
            "B": "33",
            "C": "39",
            "D": "42"
        },
        "type": "mcq",
        "correct_answer": 2.0
    },
    {
        "qid": "1lsg3p684",
        "question_number": 32,
        "question_value": {
            "text": "Let $$a$$ and $$b$$ be be two distinct positive real numbers. Let $$11^{\\text {th }}$$ term of a GP, whose first term is $$a$$ and third term is $$b$$, is equal to $$p^{\\text {th }}$$ term of another GP, whose first term is $$a$$ and fifth term is $$b$$. Then $$p$$ is equal to",
            "img_url": null
        },
        "options": {
            "A": "20",
            "B": "24",
            "C": "21",
            "D": "25"
        },
        "type": "mcq",
        "correct_answer": 2.0
    },
    {
        "qid": "1lsg3stoy",
        "question_number": 33,
        "question_value": {
            "text": "Let $$y=f(x)$$ be a thrice differentiable function in $$(-5,5)$$. Let the tangents to the curve $$y=f(x)$$ at $$(1, f(1))$$ and $$(3, f(3))$$ make angles $$\\pi / 6$$ and $$\\pi / 4$$, respectively with positive $$x$$-axis. If $$27 \\int_\\limits1^3\\left(\\left(f^{\\prime}(t)\\right)^2+1\\right) f^{\\prime \\prime}(t) d t=\\alpha+\\beta \\sqrt{3}$$ where $$\\alpha, \\beta$$ are integers, then the value of $$\\alpha+\\beta$$ equals",
            "img_url": null
        },
        "options": {
            "A": "26",
            "B": "$$-$$16",
            "C": "36",
            "D": "$$-$$14"
        },
        "type": "mcq",
        "correct_answer": 0.0
    },
    {
        "qid": "1lsg3vc3r",
        "question_number": 34,
        "question_value": {
            "text": "For $$\\alpha, \\beta \\in(0, \\pi / 2)$$, let $$3 \\sin (\\alpha+\\beta)=2 \\sin (\\alpha-\\beta)$$ and a real number $$k$$ be such that $$\\tan \\alpha=k \\tan \\beta$$. Then, the value of $$k$$ is equal to",
            "img_url": null
        },
        "options": {
            "A": "5",
            "B": "$$-$$2/3",
            "C": "$$-$$5",
            "D": "2/3"
        },
        "type": "mcq",
        "correct_answer": 2.0
    },
    {
        "qid": "1lsg3wb0w",
        "question_number": 35,
        "question_value": {
            "text": "If $$z$$ is a complex number, then the number of common roots of the equations $$z^{1985}+z^{100}+1=0$$ and $$z^3+2 z^2+2 z+1=0$$, is equal to",
            "img_url": null
        },
        "options": {
            "A": "0",
            "B": "2",
            "C": "1",
            "D": "3"
        },
        "type": "mcq",
        "correct_answer": 1.0
    },
    {
        "qid": "1lsg3xnzo",
        "question_number": 36,
        "question_value": {
            "text": "Let $$f: \\mathbb{R}-\\{0\\} \\rightarrow \\mathbb{R}$$ be a function satisfying $$f\\left(\\frac{x}{y}\\right)=\\frac{f(x)}{f(y)}$$ for all $$x, y, f(y) \\neq 0$$. If $$f^{\\prime}(1)=2024$$, then",
            "img_url": null
        },
        "options": {
            "A": "$$x f^{\\prime}(x)+2024 f(x)=0$$",
            "B": "$$x f^{\\prime}(x)-2023 f(x)=0$$",
            "C": "$$x f^{\\prime}(x)-2024 f(x)=0$$",
            "D": "$$x f^{\\prime}(x)+f(x)=2024$$"
        },
        "type": "mcq",
        "correct_answer": 2.0
    },
    {
        "qid": "1lsg3zn8d",
        "question_number": 37,
        "question_value": {
            "text": "Let $$R=\\left(\\begin{array}{ccc}x & 0 & 0 \\\\ 0 & y & 0 \\\\ 0 & 0 & z\\end{array}\\right)$$ be a non-zero $$3 \\times 3$$ matrix, where $$x \\sin \\theta=y \\sin \\left(\\theta+\\frac{2 \\pi}{3}\\right)=z \\sin \\left(\\theta+\\frac{4 \\pi}{3}\\right) \\neq 0, \\theta \\in(0,2 \\pi)$$. For a square matrix $$M$$, let trace $$(M)$$ denote the sum of all the diagonal entries of $$M$$. Then, among the statements:(I) Trace $$(R)=0$$(II) If trace $$(\\operatorname{adj}(\\operatorname{adj}(R))=0$$, then $$R$$ has exactly one non-zero entry.",
            "img_url": null
        },
        "options": {
            "A": "Only (I) is true",
            "B": "Only (II) is true",
            "C": "Both (I) and (II) are true",
            "D": "Neither (I) nor (II) is true"
        },
        "type": "mcq",
        "correct_answer": 3.0
    },
    {
        "qid": "1lsg40lwf",
        "question_number": 38,
        "question_value": {
            "text": "If $$x^2-y^2+2 h x y+2 g x+2 f y+c=0$$ is the locus of a point, which moves such that it is always equidistant from the lines $$x+2 y+7=0$$ and $$2 x-y+8=0$$, then the value of $$g+c+h-f$$ equals",
            "img_url": null
        },
        "options": {
            "A": "8",
            "B": "14",
            "C": "29",
            "D": "6"
        },
        "type": "mcq",
        "correct_answer": 1.0
    },
    {
        "qid": "1lsg420oq",
        "question_number": 39,
        "question_value": {
            "text": "Let $$a$$ and $$b$$ be real constants such that the function $$f$$ defined by $$f(x)=\\left\\{\\begin{array}{ll}x^2+3 x+a & , x \\leq 1 \\\\ b x+2 & , x>1\\end{array}\\right.$$ be differentiable on $$\\mathbb{R}$$. Then, the value of $$\\int_\\limits{-2}^2 f(x) d x$$ equals",
            "img_url": null
        },
        "options": {
            "A": "21",
            "B": "19/6",
            "C": "17",
            "D": "15/6"
        },
        "type": "mcq",
        "correct_answer": 2.0
    },
    {
        "qid": "1lsg47bl6",
        "question_number": 40,
        "question_value": {
            "text": "Let $$\\mathrm{f}: \\mathbb{R} \\rightarrow \\mathbb{R}$$ be defined as $$f(x)=a e^{2 x}+b e^x+c x$$. If $$f(0)=-1, f^{\\prime}\\left(\\log _e 2\\right)=21$$ and $$\\int_0^{\\log _e 4}(f(x)-c x) d x=\\frac{39}{2}$$, then the value of $$|a+b+c|$$ equals",
            "img_url": null
        },
        "options": {
            "A": "16",
            "B": "12",
            "C": "8",
            "D": "10"
        },
        "type": "mcq",
        "correct_answer": 2.0
    },
    {
        "qid": "1lsg4dytc",
        "question_number": 42,
        "question_value": {
            "text": "Let $$\\vec{a}=\\hat{i}+\\alpha \\hat{j}+\\beta \\hat{k}, \\alpha, \\beta \\in \\mathbb{R}$$. Let a vector $$\\vec{b}$$ be such that the angle between $$\\vec{a}$$ and $$\\vec{b}$$ is $$\\frac{\\pi}{4}$$ and $$|\\vec{b}|^2=6$$. If $$\\vec{a} \\cdot \\vec{b}=3 \\sqrt{2}$$, then the value of $$\\left(\\alpha^2+\\beta^2\\right)|\\vec{a} \\times \\vec{b}|^2$$ is equal to",
            "img_url": null
        },
        "options": {
            "A": "85",
            "B": "90",
            "C": "75",
            "D": "95"
        },
        "type": "mcq",
        "correct_answer": 1.0
    },
    {
        "qid": "1lsg4ewgx",
        "question_number": 43,
        "question_value": {
            "text": "Let $$P$$ be a point on the hyperbola $$H: \\frac{x^2}{9}-\\frac{y^2}{4}=1$$, in the first quadrant such that the area of triangle formed by $$P$$ and the two foci of $$H$$ is $$2 \\sqrt{13}$$. Then, the square of the distance of $$P$$ from the origin is",
            "img_url": null
        },
        "options": {
            "A": "26",
            "B": "22",
            "C": "20",
            "D": "18"
        },
        "type": "mcq",
        "correct_answer": 1.0
    },
    {
        "qid": "1lsg4fvwc",
        "question_number": 44,
        "question_value": {
            "text": "Let $$f(x)=(x+3)^2(x-2)^3, x \\in[-4,4]$$. If $$M$$ and $$m$$ are the maximum and minimum values of $$f$$, respectively in $$[-4,4]$$, then the value of $$M-m$$ is",
            "img_url": null
        },
        "options": {
            "A": "108",
            "B": "392",
            "C": "608",
            "D": "600"
        },
        "type": "mcq",
        "correct_answer": 2.0
    },
    {
        "qid": "1lsg4gw8t",
        "question_number": 45,
        "question_value": {
            "text": "Suppose $$2-p, p, 2-\\alpha, \\alpha$$ are the coefficients of four consecutive terms in the expansion of $$(1+x)^n$$. Then the value of $$p^2-\\alpha^2+6 \\alpha+2 p$$ equals",
            "img_url": null
        },
        "options": {
            "A": "8",
            "B": "4",
            "C": "6",
            "D": "10"
        }
    },
    {
        "qid": "1lsg4izdm",
        "question_number": 46,
        "question_value": {
            "text": "Consider the system of linear equations $$x+y+z=5, x+2 y+\\lambda^2 z=9, x+3 y+\\lambda z=\\mu$$, where $$\\lambda, \\mu \\in \\mathbb{R}$$. Then, which of the following statement is NOT correct?",
            "img_url": null
        },
        "options": {
            "A": "System is consistent if $$\\lambda \\neq 1$$ and $$\\mu=13$$",
            "B": "System is inconsistent if $$\\lambda=1$$ and $$\\mu \\neq 13$$",
            "C": "System has unique solution if $$\\lambda \\neq 1$$ and $$\\mu \\neq 13$$",
            "D": "System has infinite number of solutions if $$\\lambda=1$$ and $$\\mu=13$$"
        },
        "type": "mcq",
        "correct_answer": 2.0
    },
    {
        "qid": "1lsg4jz4o",
        "question_number": 47,
        "question_value": {
            "text": "Let $$\\vec{a}$$ and $$\\vec{b}$$ be two vectors such that $$|\\vec{b}|=1$$ and $$|\\vec{b} \\times \\vec{a}|=2$$. Then $$|(\\vec{b} \\times \\vec{a})-\\vec{b}|^2$$ is equal to",
            "img_url": null
        },
        "options": {
            "A": "1",
            "B": "3",
            "C": "5",
            "D": "4"
        },
        "type": "mcq",
        "correct_answer": 2.0
    },
    {
        "qid": "1lsg4mhuk",
        "question_number": 48,
        "question_value": {
            "text": "If the domain of the function $$f(x)=\\log _e\\left(\\frac{2 x+3}{4 x^2+x-3}\\right)+\\cos ^{-1}\\left(\\frac{2 x-1}{x+2}\\right)$$ is $$(\\alpha, \\beta]$$, then the value of $$5 \\beta-4 \\alpha$$ is equal to",
            "img_url": null
        },
        "options": {
            "A": "9",
            "B": "12",
            "C": "11",
            "D": "10"
        },
        "type": "mcq",
        "correct_answer": 1.0
    },
    {
        "qid": "1lsg4n319",
        "question_number": 49,
        "question_value": {
            "text": "Bag A contains 3 white, 7 red balls and Bag B contains 3 white, 2 red balls. One bag is selected at random and a ball is drawn from it. The probability of drawing the ball from the bag A, if the ball drawn is white, is",
            "img_url": null
        },
        "options": {
            "A": "1/4",
            "B": "1/3",
            "C": "3/10",
            "D": "1/9"
        },
        "type": "mcq",
        "correct_answer": 1.0
    },
    {
        "qid": "1lsg4p9ak",
        "question_number": 50,
        "question_value": {
            "text": "Let $$A(\\alpha, 0)$$ and $$B(0, \\beta)$$ be the points on the line $$5 x+7 y=50$$. Let the point $$P$$ divide the line segment $$A B$$ internally in the ratio $$7:3$$. Let $$3 x-25=0$$ be a directrix of the ellipse $$E: \\frac{x^2}{a^2}+\\frac{y^2}{b^2}=1$$ and the corresponding focus be $$S$$. If from $$S$$, the perpendicular on the $$x$$-axis passes through $$P$$, then the length of the latus rectum of $$E$$ is equal to,",
            "img_url": null
        },
        "options": {
            "A": "$$\\frac{25}{3}$$",
            "B": "$$\\frac{25}{9}$$",
            "C": "$$\\frac{32}{5}$$",
            "D": "$$\\frac{32}{9}$$"
        },
        "type": "mcq",
        "correct_answer": 2.0
    },
    {
        "qid": "1lsg4z01p",
        "question_number": 51,
        "question_value": {
            "text": "In an examination of Mathematics paper, there are 20 questions of equal marks and the question paper is divided into three sections : $$A, B$$ and $$C$$. A student is required to attempt total 15 questions taking at least 4 questions from each section. If section $$A$$ has 8 questions, section $$B$$ has 6 questions and section $$C$$ has 6 questions, then the total number of ways a student can select 15 questions is __________.",
            "img_url": null
        },
        "options": {},
        "type": "numerical",
        "correct_answer": 11376.0
    },
    {
        "qid": "1lsg51qnf",
        "question_number": 52,
        "question_value": {
            "text": "Let $$Y=Y(X)$$ be a curve lying in the first quadrant such that the area enclosed by the line $$Y-y=Y^{\\prime}(x)(X-x)$$ and the co-ordinate axes, where $$(x, y)$$ is any point on the curve, is always $$\\frac{-y^2}{2 Y^{\\prime}(x)}+1, Y^{\\prime}(x) \\neq 0$$. If $$Y(1)=1$$, then $$12 Y(2)$$ equals __________.",
            "img_url": null
        },
        "options": {},
        "type": "numerical",
        "correct_answer": 20.0
    },
    {
        "qid": "1lsg52jkv",
        "question_number": 53,
        "question_value": {
            "text": "The number of real solutions of the equation $$x\\left(x^2+3|x|+5|x-1|+6|x-2|\\right)=0$$ is _________.",
            "img_url": null
        },
        "options": {},
        "type": "numerical",
        "correct_answer": 1.0
    },
    {
        "qid": "1lsg53zah",
        "question_number": 54,
        "question_value": {
            "text": "Consider two circles $$C_1: x^2+y^2=25$$ and $$C_2:(x-\\alpha)^2+y^2=16$$, where $$\\alpha \\in(5,9)$$. Let the angle between the two radii (one to each circle) drawn from one of the intersection points of $$C_1$$ and $$C_2$$ be $$\\sin ^{-1}\\left(\\frac{\\sqrt{63}}{8}\\right)$$. If the length of common chord of $$C_1$$ and $$C_2$$ is $$\\beta$$, then the value of $$(\\alpha \\beta)^2$$ equals _______.",
            "img_url": null
        },
        "options": {},
        "type": "numerical",
        "correct_answer": 1575.0
    },
    {
        "qid": "1lsg550xe",
        "question_number": 55,
        "question_value": {
            "text": "Let a line passing through the point $$(-1,2,3)$$ intersect the lines $$L_1: \\frac{x-1}{3}=\\frac{y-2}{2}=\\frac{z+1}{-2}$$ at $$M(\\alpha, \\beta, \\gamma)$$ and $$L_2: \\frac{x+2}{-3}=\\frac{y-2}{-2}=\\frac{z-1}{4}$$ at $$N(a, b, c)$$. Then, the value of $$\\frac{(\\alpha+\\beta+\\gamma)^2}{(a+b+c)^2}$$ equals __________.",
            "img_url": null
        },
        "options": {},
        "type": "numerical",
        "correct_answer": 196.0
    },
    {
        "qid": "1lsg57scj",
        "question_number": 57,
        "question_value": {
            "text": "The area of the region enclosed by the parabola $$(y-2)^2=x-1$$, the line $$x-2 y+4=0$$ and the positive coordinate axes is _________.",
            "img_url": null
        },
        "options": {},
        "type": "numerical",
        "correct_answer": 5.0
    },
    {
        "qid": "1lsg59rbo",
        "question_number": 58,
        "question_value": {
            "text": "The number of symmetric relations defined on the set $$\\{1,2,3,4\\}$$ which are not reflexive is _________.",
            "img_url": null
        },
        "options": {},
        "type": "numerical",
        "correct_answer": 960.0
    },
    {
        "qid": "1lsg5bloa",
        "question_number": 59,
        "question_value": {
            "text": "Let $$\\alpha=\\sum_\\limits{k=0}^n\\left(\\frac{\\left({ }^n C_k\\right)^2}{k+1}\\right)$$ and $$\\beta=\\sum_\\limits{k=0}^{n-1}\\left(\\frac{{ }^n C_k{ }^n C_{k+1}}{k+2}\\right)$$ If $$5 \\alpha=6 \\beta$$, then $$n$$ equals _______.",
            "img_url": null
        },
        "options": {},
        "type": "numerical",
        "correct_answer": 10.0
    },
    {
        "qid": "1lsg5cobe",
        "question_number": 60,
        "question_value": {
            "text": "Let $$S_n$$ be the sum to $$n$$-terms of an arithmetic progression $$3,7,11$$,\nIf $$40<\\left(\\frac{6}{n(n+1)} \\sum_\\limits{k=1}^n S_k\\right)<42$$, then $$n$$ equals ________.",
            "img_url": null
        },
        "options": {},
        "type": "numerical",
        "correct_answer": 9.0
    },
    {
        "qid": "1lsg5fkiq",
        "question_number": 61,
        "question_value": {
            "text": "If 50 Vernier divisions are equal to 49 main scale divisions of a traveling microscope and one smallest reading of main scale is $$0.5 \\mathrm{~mm}$$, the Vernier constant of traveling microscope is",
            "img_url": null
        },
        "options": {
            "A": "0.01 mm",
            "B": "0.01 cm",
            "C": "0.1 mm",
            "D": "0.1 cm"
        },
        "type": "mcq",
        "correct_answer": 0.0
    },
    {
        "qid": "1lsg5gkdv",
        "question_number": 62,
        "question_value": {
            "text": "An electron revolving in $$n^{\\text {th }}$$ Bohr orbit has magnetic moment $$\\mu_n$$. If $$\\mu_n \\alpha \\cdot n^x$$, the value of $$x$$ is",
            "img_url": null
        },
        "options": {
            "A": "2",
            "B": "0",
            "C": "3",
            "D": "1"
        },
        "type": "mcq",
        "correct_answer": 3.0
    },
    {
        "qid": "1lsg5hmsr",
        "question_number": 63,
        "question_value": {
            "text": "In the given circuit, the voltage across load resistance (R$$_L$$) is :",
            "img_url": "https://app-content.cdn.examgoal.net/fly/@width/image/6y3zli1lshj2zw0/effadbc7-0d62-48ae-bbd6-6f0968044976/a0672300-c8df-11ee-8501-bb04786aa212/file-6y3zli1lshj2zw1.png?format=png"
        },
        "options": {
            "A": "8.75 V",
            "B": "9.00 V",
            "C": "8.50 V",
            "D": "14.00 V"
        },
        "type": "mcq",
        "correct_answer": 0.0
    },
    {
        "qid": "1lsg5jie1",
        "question_number": 64,
        "question_value": {
            "text": "An alternating voltage $$V(t)=220 \\sin 100 \\pi t$$ volt is applied to a purely resistive load of $$50 \\Omega$$. The time taken for the current to rise from half of the peak value to the peak value is:",
            "img_url": null
        },
        "options": {
            "A": "7.2 ms",
            "B": "3.3 ms",
            "C": "5 ms",
            "D": "2.2 ms"
        },
        "type": "mcq",
        "correct_answer": 1.0
    },
    {
        "qid": "1lsg5qj2q",
        "question_number": 66,
        "question_value": {
            "text": "A block of mass $$m$$ is placed on a surface having vertical crossection given by $$y=x^2 / 4$$. If coefficient of friction is 0.5, the maximum height above the ground at which block can be placed without slipping is:",
            "img_url": null
        },
        "options": {
            "A": "1/2 m",
            "B": "1/3 m",
            "C": "1/6 m",
            "D": "1/4 m"
        },
        "type": "mcq",
        "correct_answer": 3.0
    },
    {
        "qid": "1lsg5s187",
        "question_number": 67,
        "question_value": {
            "text": "A block of ice at $$-10^{\\circ} \\mathrm{C}$$ is slowly heated and converted to steam at $$100^{\\circ} \\mathrm{C}$$. Which of the following curves represent the phenomenon qualitatively:",
            "img_url": null
        },
        "options": {
            "A": {
                "text": null,
                "img_url": "https://app-content.cdn.examgoal.net/fly/@width/image/6y3zli1lshj8dut/4e8a7ee4-3db7-464c-a053-7074b1ea2c1b/363cd550-c8e0-11ee-8501-bb04786aa212/file-6y3zli1lshj8duu.png?format=png"
            },
            "B": {
                "text": null,
                "img_url": "https://app-content.cdn.examgoal.net/fly/@width/image/6y3zli1lshjg4po/eb9a24f2-c578-46ae-ab70-5102ad2bab1b/0da5f1c0-c8e1-11ee-8501-bb04786aa212/file-6y3zli1lshjg4pp.png?format=png"
            },
            "C": {
                "text": null,
                "img_url": "https://app-content.cdn.examgoal.net/fly/@width/image/6y3zli1lshj88rn/00e9edef-861f-466c-8f4d-e0f7aa3c828c/324eab30-c8e0-11ee-8501-bb04786aa212/file-6y3zli1lshj88ro.png?format=png"
            },
            "D": {
                "text": null,
                "img_url": "https://app-content.cdn.examgoal.net/fly/@width/image/6y3zli1lshj844r/88f782ca-40fe-4b5f-a66a-c1a15dd76f0e/2eb9ebb0-c8e0-11ee-8501-bb04786aa212/file-6y3zli1lshj844s.png?format=png"
            }
        },
        "type": "mcq",
        "correct_answer": 0.0
    },
    {
        "qid": "1lsg5t1zl",
        "question_number": 68,
        "question_value": {
            "text": "When a potential difference $$V$$ is applied across a wire of resistance $$R$$, it dissipates energy at a rate $$W$$. If the wire is cut into two halves and these halves are connected mutually parallel across the same supply, the energy dissipation rate will become:",
            "img_url": null
        },
        "options": {
            "A": "1/2W",
            "B": "4W",
            "C": "1/4W",
            "D": "2W"
        },
        "type": "mcq",
        "correct_answer": 1.0
    },
    {
        "qid": "1lsg5y8yo",
        "question_number": 70,
        "question_value": {
            "text": "In a nuclear fission reaction of an isotope of mass $$M$$, three similar daughter nuclei of same mass are formed. The speed of a daughter nuclei in terms of mass defect $$\\Delta M$$ will be :",
            "img_url": null
        },
        "options": {
            "A": "$$c \\sqrt{\\frac{3 \\Delta M}{M}}$$",
            "B": "$$\\frac{\\Delta M c^2}{3}$$",
            "C": "$$c \\sqrt{\\frac{2 \\Delta M}{M}}$$",
            "D": "$$\\sqrt{\\frac{2 c \\Delta M}{M}}$$"
        },
        "type": "mcq",
        "correct_answer": 2.0
    },
    {
        "qid": "1lsg5znx1",
        "question_number": 71,
        "question_value": {
            "text": "For the photoelectric effect, the maximum kinetic energy $$\\left(E_k\\right)$$ of the photoelectrons is plotted against the frequency $$(v)$$ of the incident photons as shown in figure. The slope of the graph gives",
            "img_url": "https://app-content.cdn.examgoal.net/fly/@width/image/6y3zli1lshjabvk/2d77ec72-63a4-4c1e-aa9a-f5aa96f454f6/6c53ba00-c8e0-11ee-8501-bb04786aa212/file-6y3zli1lshjabvl.png?format=png"
        },
        "options": {
            "A": "Planck's constant",
            "B": "Work function of the metal",
            "C": "Charge of electron",
            "D": "Ratio of Planck's constant to electric charge"
        },
        "type": "mcq",
        "correct_answer": 0.0
    },
    {
        "qid": "1lsg61008",
        "question_number": 72,
        "question_value": {
            "text": "A beam of unpolarised light of intensity $$I_0$$ is passed through a polaroid $$A$$ and then through another polaroid $$B$$ which is oriented so that its principal plane makes an angle of $$45^{\\circ}$$ relative to that of $$A$$. The intensity of emergent light is:",
            "img_url": null
        },
        "options": {
            "A": "$$I_0 / 2$$",
            "B": "$$I_0 / 8$$",
            "C": "$$I_0 / 4$$",
            "D": "$$I_0$$"
        },
        "type": "mcq",
        "correct_answer": 2.0
    },
    {
        "qid": "1lsg6302e",
        "question_number": 73,
        "question_value": {
            "text": "If three moles of monoatomic gas $$\\left(\\gamma=\\frac{5}{3}\\right)$$ is mixed with two moles of a diatomic gas $$\\left(\\gamma=\\frac{7}{5}\\right)$$, the value of adiabatic exponent $$\\gamma$$ for the mixture is",
            "img_url": null
        },
        "options": {
            "A": "1.35",
            "B": "1.52",
            "C": "1.40",
            "D": "1.75"
        },
        "type": "mcq",
        "correct_answer": 1.0
    },
    {
        "qid": "1lsg64fp3",
        "question_number": 74,
        "question_value": {
            "text": "Three blocks $$A, B$$ and $$C$$ are pulled on a horizontal smooth surface by a force of $$80 \\mathrm{~N}$$ as shown in figureThe tensions T$$_1$$ and T$$_2$$ in the string are respectively :",
            "img_url": "https://app-content.cdn.examgoal.net/fly/@width/image/6y3zli1lshjch7s/7590b147-1224-42e5-bef6-4bd85914789c/a811ea80-c8e0-11ee-8501-bb04786aa212/file-6y3zli1lshjch7t.png?format=png"
        },
        "options": {
            "A": "40N, 64N",
            "B": "60N, 80N",
            "C": "80N, 100N",
            "D": "88N, 96N"
        },
        "type": "mcq",
        "correct_answer": 0.0
    },
    {
        "qid": "1lsg6ka1a",
        "question_number": 75,
        "question_value": {
            "text": "A particle of charge '$$-q$$' and mass '$$m$$' moves in a circle of radius '$$r$$' around an infinitely long line charge of linear charge density '$$+\\lambda$$'. Then time period will be given as :(Consider $$k$$ as Coulomb's constant)",
            "img_url": null
        },
        "options": {
            "A": "$$T^2=\\frac{4 \\pi^2 m}{2 k \\lambda q} r^3$$",
            "B": "$$T=\\frac{1}{2 \\pi r} \\sqrt{\\frac{m}{2 k \\lambda q}}$$",
            "C": "$$T=\\frac{1}{2 \\pi} \\sqrt{\\frac{2 k \\lambda q}{m}}$$",
            "D": "$$T=2 \\pi r \\sqrt{\\frac{m}{2 k \\lambda q}}$$"
        },
        "type": "mcq",
        "correct_answer": 3.0
    },
    {
        "qid": "1lsg6odx4",
        "question_number": 76,
        "question_value": {
            "text": "Escape velocity of a body from earth is $$11.2 \\mathrm{~km} / \\mathrm{s}$$. If the radius of a planet be onethird the radius of earth and mass be one-sixth that of earth, the escape velocity from the planet is :",
            "img_url": null
        },
        "options": {
            "A": "7.9 km/s",
            "B": "8.4 km/s",
            "C": "4.2 km/s",
            "D": "11.2 km/s"
        },
        "type": "mcq",
        "correct_answer": 0.0
    },
    {
        "qid": "1lsg6q118",
        "question_number": 77,
        "question_value": {
            "text": "Projectiles A and B are thrown at angles of $$45^{\\circ}$$ and $$60^{\\circ}$$ with vertical respectively from top of a $$400 \\mathrm{~m}$$ high tower. If their ranges and times of flight are same, the ratio of their speeds of projection $$v_A: v_B$$ is :[Take $$g=10 \\mathrm{~ms}^{-2}$$]",
            "img_url": null
        },
        "options": {
            "A": "$$1: 2$$",
            "B": "$$\\sqrt{2}: 1$$",
            "C": "$$1: \\sqrt{2}$$",
            "D": "$$1: \\sqrt{3}$$"
        }
    },
    {
        "qid": "1lsg6tja7",
        "question_number": 78,
        "question_value": {
            "text": "If the total energy transferred to a surface in time $$\\mathrm{t}$$ is $$6.48 \\times 10^5 \\mathrm{~J}$$, then the magnitude of the total momentum delivered to this surface for complete absorption will be:",
            "img_url": null
        },
        "options": {
            "A": "$$2.16 \\times 10^{-3} \\mathrm{~kg} \\mathrm{~m} / \\mathrm{s}$$",
            "B": "$$2.46 \\times 10^{-3} \\mathrm{~kg} \\mathrm{~m} / \\mathrm{s}$$",
            "C": "$$1.58 \\times 10^{-3} \\mathrm{~kg} \\mathrm{~m} / \\mathrm{s}$$",
            "D": "$$4.32 \\times 10^{-3} \\mathrm{~kg} \\mathrm{~m} / \\mathrm{s}$$"
        },
        "type": "mcq",
        "correct_answer": 0.0
    },
    {
        "qid": "1lsg6udgl",
        "question_number": 79,
        "question_value": {
            "text": "If mass is written as $$m=k \\mathrm{c}^{\\mathrm{P}} G^{-1 / 2} h^{1 / 2}$$ then the value of $$P$$ will be : (Constants have their usual meaning with $k a$ dimensionless constant)",
            "img_url": null
        },
        "options": {
            "A": "1/3",
            "B": "$$-$$1/3",
            "C": "1/2",
            "D": "2"
        },
        "type": "mcq",
        "correct_answer": 2.0
    },
    {
        "qid": "1lsg6vtn3",
        "question_number": 80,
        "question_value": {
            "text": "A block of mass $$1 \\mathrm{~kg}$$ is pushed up a surface inclined to horizontal at an angle of $$60^{\\circ}$$ by a force of $$10 \\mathrm{~N}$$ parallel to the inclined surface as shown in figure. When the block is pushed up by $$10 \\mathrm{~m}$$ along inclined surface, the work done against frictional force is :$$\\left[g=10 \\mathrm{~m} / \\mathrm{s}^2\\right]$$",
            "img_url": "https://app-content.cdn.examgoal.net/fly/@width/image/6y3zli1lshjdmzd/46c7c25e-94d3-4fda-9d65-ab6b8678cc66/c8555890-c8e0-11ee-8501-bb04786aa212/file-6y3zli1lshjdmze.png?format=png"
        },
        "options": {
            "A": "5$$\\sqrt3$$ J",
            "B": "5 J",
            "C": "$$5\\times10^3$$ J",
            "D": "10 J"
        },
        "type": "mcq",
        "correct_answer": 1.0
    },
    {
        "qid": "1lsg6x2hg",
        "question_number": 81,
        "question_value": {
            "text": "A big drop is formed by coalescing 1000 small identical drops of water. If $$E_1$$ be the total surface energy of 1000 small drops of water and $$E_2$$ be the surface energy of single big drop of water, then $$E_1: E_2$$ is $$x: 1$$ where $$x=$$ ________.",
            "img_url": null
        },
        "options": {},
        "type": "numerical",
        "correct_answer": 10.0
    },
    {
        "qid": "1lsg6y28g",
        "question_number": 82,
        "question_value": {
            "text": "A power transmission line feeds input power at $$2.3 \\mathrm{~kV}$$ to a step down transformer with its primary winding having 3000 turns. The output power is delivered at $$230 \\mathrm{~V}$$ by the transformer. The current in the primary of the transformer is $$5 \\mathrm{~A}$$ and its efficiency is $$90 \\%$$. The winding of transformer is made of copper. The output current of transformer is _________ $$A$$.",
            "img_url": null
        },
        "options": {},
        "type": "numerical",
        "correct_answer": 45.0
    },
    {
        "qid": "1lsg6z8kk",
        "question_number": 83,
        "question_value": {
            "text": "The current of $$5 \\mathrm{~A}$$ flows in a square loop of sides $$1 \\mathrm{~m}$$ is placed in air. The magnetic field at the centre of the loop is $$X \\sqrt{2} \\times 10^{-7} T$$. The value of $$X$$ is _________.",
            "img_url": null
        },
        "options": {},
        "type": "numerical",
        "correct_answer": 40.0
    },
    {
        "qid": "1lsg70wif",
        "question_number": 84,
        "question_value": {
            "text": "Two discs of moment of inertia $$I_1=4 \\mathrm{~kg} \\mathrm{~m}^2$$ and $$I_2=2 \\mathrm{~kg} \\mathrm{~m}^2$$, about their central axes & normal to their planes, rotating with angular speeds $$10 \\mathrm{~rad} / \\mathrm{s}$$ & $$4 \\mathrm{~rad} / \\mathrm{s}$$ respectively are brought into contact face to face with their axes of rotation coincident. The loss in kinetic energy of the system in the process is _________ J.",
            "img_url": null
        },
        "options": {},
        "type": "numerical",
        "correct_answer": 24.0
    },
    {
        "qid": "1lsg71zjn",
        "question_number": 85,
        "question_value": {
            "text": "A point source is emitting sound waves of intensity $$16 \\times 10^{-8} \\mathrm{~Wm}^{-2}$$ at the origin. The difference in intensity (magnitude only) at two points located at a distances of $$2 m$$ and $$4 m$$ from the origin respectively will be _________ $$\\times 10^{-8} \\mathrm{~Wm}^{-2}$$.",
            "img_url": null
        },
        "options": {},
        "type": "numerical",
        "correct_answer": 3.0
    },
    {
        "qid": "1lsg7359d",
        "question_number": 86,
        "question_value": {
            "text": "Two resistance of $$100 \\Omega$$ and $$200 \\Omega$$ are connected in series with a battery of $$4 \\mathrm{~V}$$ and negligible internal resistance. A voltmeter is used to measure voltage across $$100 \\Omega$$ resistance, which gives reading as $$1 \\mathrm{~V}$$. The resistance of voltmeter must be _______ $$\\Omega$$.",
            "img_url": null
        },
        "options": {},
        "type": "numerical",
        "correct_answer": 200.0
    },
    {
        "qid": "1lsg74bfk",
        "question_number": 87,
        "question_value": {
            "text": "Two identical charged spheres are suspended by strings of equal lengths. The strings make an angle of $$37^{\\circ}$$ with each other. When suspended in a liquid of density $$0.7 \\mathrm{~g} / \\mathrm{cm}^3$$, the angle remains same. If density of material of the sphere is $$1.4 \\mathrm{~g} / \\mathrm{cm}^3$$, the dielectric constant of the liquid is _______ $$\\left(\\tan 37^{\\circ}=\\frac{3}{4}\\right)$$",
            "img_url": null
        },
        "options": {},
        "type": "numerical",
        "correct_answer": 2.0
    },
    {
        "qid": "1lsg75mte",
        "question_number": 88,
        "question_value": {
            "text": "A simple pendulum is placed at a place where its distance from the earth's surface is equal to the radius of the earth. If the length of the string is $$4 m$$, then the time period of small oscillations will be __________ s. [take $$g=\\pi^2 m s^{-2}$$]",
            "img_url": null
        },
        "options": {},
        "type": "numerical",
        "correct_answer": 8.0
    },
    {
        "qid": "1lsg76up1",
        "question_number": 89,
        "question_value": {
            "text": "In an experiment to measure the focal length $$(f)$$ of a convex lens, the magnitude of object distance $$(x)$$ and the image distance $$(y)$$ are measured with reference to the focal point of the lens. The $$y$$-$$x$$ plot is shown in figure.The focal length of the lens is ________ $$\\mathrm{cm}$$.",
            "img_url": "https://app-content.cdn.examgoal.net/fly/@width/image/6y3zli1lshjencp/4982d267-a4fc-43a9-b0fb-bc873869ba7e/e46dba90-c8e0-11ee-8501-bb04786aa212/file-6y3zli1lshjencq.png?format=png"
        },
        "options": {},
        "type": "numerical",
        "correct_answer": 20.0
    },
    {
        "qid": "1lsg77p5k",
        "question_number": 90,
        "question_value": {
            "text": "A vector has magnitude same as that of $$\\vec{A}=3 \\hat{i}+4 \\hat{j}$$ and is parallel to $$\\vec{B}=4 \\hat{i}+3 \\hat{j}$$. The $$x$$ and $$y$$ components of this vector in first quadrant are $$x$$ and 3 respectively where $$x=$$ _________.",
            "img_url": null
        },
        "options": {},
        "type": "numerical",
        "correct_answer": 4.0
    }
]