[
    {
        "qid": "jaoe38c1lsd8qgsn",
        "question_number": 1,
        "question_value": {
            "text": "Major product of the following reaction is -",
            "img_url": "https://app-content.cdn.examgoal.net/fly/@width/image/6y3zli1lse480tv/8c4272fc-60b8-4eb9-a690-8738407d6e8b/294a2830-c6ff-11ee-be30-496b1c29fc5a/file-6y3zli1lse480tw.png?format=png"
        },
        "options": {
            "A": {
                "text": null,
                "img_url": "https://app-content.cdn.examgoal.net/fly/@width/image/6y3zli1lse4atug/e68ae74d-529f-466d-afad-3e765711f529/77528180-c6ff-11ee-be30-496b1c29fc5a/file-6y3zli1lse4atuh.png?format=png"
            },
            "B": {
                "text": null,
                "img_url": "https://app-content.cdn.examgoal.net/fly/@width/image/6y3zli1lse4aotd/a0b7b63b-0fe8-45f1-ac48-f6447c5acfa8/736ff020-c6ff-11ee-be30-496b1c29fc5a/file-6y3zli1lse4aote.png?format=png"
            },
            "C": {
                "text": null,
                "img_url": "https://app-content.cdn.examgoal.net/fly/@width/image/6y3zli1lse4ajhe/69375aef-a5bd-497b-9303-f105b5141bb8/6f514020-c6ff-11ee-be30-496b1c29fc5a/file-6y3zli1lse4ajhf.png?format=png"
            },
            "D": {
                "text": null,
                "img_url": "https://app-content.cdn.examgoal.net/fly/@width/image/6y3zli1lse4ae0k/991a9e0c-ca6a-4c3d-bf8f-acfeb3abfaaa/6b180340-c6ff-11ee-be30-496b1c29fc5a/file-6y3zli1lse4ae0l.png?format=png"
            }
        },
        "type": "mcq",
        "correct_answer": 3.0
    },
    {
        "qid": "jaoe38c1lsd8scgy",
        "question_number": 2,
        "question_value": {
            "text": "$$\\mathrm{A}_{(\\mathrm{g})} \\rightleftharpoons \\mathrm{B}_{(\\mathrm{g})}+\\frac{\\mathrm{C}}{2}(\\mathrm{g})$$ The correct relationship between $$\\mathrm{K}_{\\mathrm{P}}, \\alpha$$ and equilibrium pressure $$\\mathrm{P}$$ is",
            "img_url": null
        },
        "options": {
            "A": "$$K_P=\\frac{\\alpha^{1 / 2} P^{3 / 2}}{(2+\\alpha)^{3 / 2}}$$",
            "B": "$$K_P=\\frac{\\alpha^{3 / 2} P^{1 / 2}}{(2+\\alpha)^{1 / 2}(1-\\alpha)}$$",
            "C": "$$K_P=\\frac{\\alpha^{1 / 2} P^{1 / 2}}{(2+\\alpha)^{3 / 2}}$$",
            "D": "$$K_P=\\frac{\\alpha^{1 / 2} P^{1 / 2}}{(2+\\alpha)^{1 / 2}}$$"
        },
        "type": "mcq",
        "correct_answer": 1.0
    },
    {
        "qid": "jaoe38c1lsd8t5ji",
        "question_number": 3,
        "question_value": {
            "text": "Identify major product 'P' formed in the following reaction.",
            "img_url": "https://app-content.cdn.examgoal.net/fly/@width/image/6y3zli1lse4hroi/0f5e9b91-1cf0-4eef-af59-b70b34948ab1/38505420-c700-11ee-be30-496b1c29fc5a/file-6y3zli1lse4hroj.png?format=png"
        },
        "options": {
            "A": {
                "text": null,
                "img_url": "https://app-content.cdn.examgoal.net/fly/@width/image/6y3zli1lse4honu/13c9c96e-e455-4b6a-b90a-b781717f620b/35fb67a0-c700-11ee-be30-496b1c29fc5a/file-6y3zli1lse4honv.png?format=png"
            },
            "B": {
                "text": null,
                "img_url": "https://app-content.cdn.examgoal.net/fly/@width/image/6y3zli1lse4hl1d/22497c0a-708c-4c68-9cf6-c443c20b5cfb/332eb310-c700-11ee-be30-496b1c29fc5a/file-6y3zli1lse4hl1e.png?format=png"
            },
            "C": {
                "text": null,
                "img_url": "https://app-content.cdn.examgoal.net/fly/@width/image/6y3zli1lse4hhb8/af0d52cc-875a-4a62-b26f-0a5bda1f4a97/304dda40-c700-11ee-be30-496b1c29fc5a/file-6y3zli1lse4hhb9.png?format=png"
            },
            "D": {
                "text": null,
                "img_url": "https://app-content.cdn.examgoal.net/fly/@width/image/6y3zli1lse4hdrc/7cbd8d04-6381-44a4-951a-4c442edf6559/2d8f5680-c700-11ee-be30-496b1c29fc5a/file-6y3zli1lse4hdrd.png?format=png"
            }
        },
        "type": "mcq",
        "correct_answer": 2.0
    },
    {
        "qid": "jaoe38c1lsd9191e",
        "question_number": 7,
        "question_value": {
            "text": "Identify structure of 2,3-dibromo-1-phenylpentane.",
            "img_url": null
        },
        "options": {
            "A": {
                "text": null,
                "img_url": "https://app-content.cdn.examgoal.net/fly/@width/image/6y3zli1lse4pgin/77cd2526-7cad-40dc-b27f-48628f927653/0e29f6f0-c701-11ee-be30-496b1c29fc5a/file-6y3zli1lse4pgio.png?format=png"
            },
            "B": {
                "text": null,
                "img_url": "https://app-content.cdn.examgoal.net/fly/@width/image/6y3zli1lse4pcui/df35164f-add5-4013-b4dd-2bd967670543/0b541aa0-c701-11ee-be30-496b1c29fc5a/file-6y3zli1lse4pcuj.png?format=png"
            },
            "C": {
                "text": null,
                "img_url": "https://app-content.cdn.examgoal.net/fly/@width/image/6y3zli1lse4p993/446b4e6b-edde-4470-8f96-c92b5bcd44e7/088d3270-c701-11ee-be30-496b1c29fc5a/file-6y3zli1lse4p994.png?format=png"
            },
            "D": {
                "text": null,
                "img_url": "https://app-content.cdn.examgoal.net/fly/@width/image/6y3zli1lse4p5ge/dc1700e2-6d19-4b66-a1ca-317cfd11f4ab/059e4fe0-c701-11ee-be30-496b1c29fc5a/file-6y3zli1lse4p5gf.png?format=png"
            }
        },
        "type": "mcq",
        "correct_answer": 2.0
    },
    {
        "qid": "jaoe38c1lsd94eth",
        "question_number": 9,
        "question_value": {
            "text": "The correct order of reactivity in electrophilic substitution reaction of the following compounds is :",
            "img_url": "https://app-content.cdn.examgoal.net/fly/@width/image/6y3zli1lse4t284/69192e92-8387-4880-ba07-2aaeedc7ef27/725c4b50-c701-11ee-be30-496b1c29fc5a/file-6y3zli1lse4t285.png?format=png"
        },
        "options": {
            "A": "B > C > A > D",
            "B": "B > A > C > D",
            "C": "D > C > B > A",
            "D": "A > B > C > D"
        },
        "type": "mcq",
        "correct_answer": 1.0
    },
    {
        "qid": "jaoe38c1lsd98of1",
        "question_number": 11,
        "question_value": {
            "text": "Select the option with correct property -",
            "img_url": null
        },
        "options": {
            "A": "$$\\left[\\mathrm{Ni}(\\mathrm{CO})_4\\right]$$ and $$\\left[\\mathrm{NiCl}_4\\right]^{2-}$$ both Paramagnetic",
            "B": "$$\\left[\\mathrm{Ni}(\\mathrm{CO})_4\\right]$$ and $$\\left[\\mathrm{NiCl}_4\\right]^{2-}$$ both Diamagnetic",
            "C": "$$\\left[\\mathrm{NiCl}_4\\right]^{2-}$$ Diamagnetic, $$\\left[\\mathrm{Ni}(\\mathrm{CO})_4\\right]$$ Paramagnetic",
            "D": "$$\\left[\\mathrm{Ni}(\\mathrm{CO})_4\\right]$$ Diamagnetic, $$\\left[\\mathrm{NiCl}_4\\right]^{2-}$$ Paramagnetic"
        },
        "type": "mcq",
        "correct_answer": 3.0
    },
    {
        "qid": "jaoe38c1lsd99hn2",
        "question_number": 12,
        "question_value": {
            "text": "Which of the following is least ionic?",
            "img_url": null
        },
        "options": {
            "A": "CoCl$$_2$$",
            "B": "KCl",
            "C": "BaCl$$_2$$",
            "D": "AgCl"
        },
        "type": "mcq",
        "correct_answer": 3.0
    },
    {
        "qid": "jaoe38c1lsd9bc2m",
        "question_number": 13,
        "question_value": {
            "text": "The four quantum numbers for the electron in the outer most orbital of potassium (atomic no. 19) are",
            "img_url": null
        },
        "options": {
            "A": "$$\\mathrm{n}=3, l=0, \\mathrm{~m}=1, \\mathrm{~s}=+\\frac{1}{2}$$",
            "B": "$$\\mathrm{n}=4, l=0, \\mathrm{~m}=0, s=+\\frac{1}{2}$$",
            "C": "$$\\mathrm{n}=2, l=0, \\mathrm{~m}=0, s=+\\frac{1}{2}$$",
            "D": "$$\\mathrm{n}=4, l=2, \\mathrm{~m}=-1, s=+\\frac{1}{2}$$"
        },
        "type": "mcq",
        "correct_answer": 1.0
    },
    {
        "qid": "jaoe38c1lsd9h3k8",
        "question_number": 14,
        "question_value": {
            "text": "Identify the name reaction.",
            "img_url": "https://app-content.cdn.examgoal.net/fly/@width/image/6y3zli1lse4uqka/1f1b1284-69ab-4b04-bc0f-e64d02ae7faf/a0f835a0-c701-11ee-be30-496b1c29fc5a/file-6y3zli1lse4uqkb.png?format=png"
        },
        "options": {
            "A": "Stephen Reaction",
            "B": "Etard Reaction",
            "C": "Gatterman - Koch Reaction",
            "D": "Rosenmund Reduction"
        },
        "type": "mcq",
        "correct_answer": 2.0
    },
    {
        "qid": "jaoe38c1lsd9lkhd",
        "question_number": 16,
        "question_value": {
            "text": "The fragrance of flowers is due to the presence of some steam volatile organic compounds called essential oils. These are generally insoluble in water at room temperature but are miscible with water vapour in vapour phase. A suitable method for the extraction of these oils from the flowers is -",
            "img_url": null
        },
        "options": {
            "A": "distillation",
            "B": "steam distillation",
            "C": "distillation under reduced pressure",
            "D": "crystallisation"
        },
        "type": "mcq",
        "correct_answer": 1.0
    },
    {
        "qid": "jaoe38c1lsd9mdgj",
        "question_number": 17,
        "question_value": {
            "text": "Identify A and B in the following reaction sequence.",
            "img_url": "https://app-content.cdn.examgoal.net/fly/@width/image/6y3zli1lse4zp9m/4f3cdcb5-b369-4533-83f6-ffe8138de4b2/2b0390a0-c702-11ee-be30-496b1c29fc5a/file-6y3zli1lse4zp9n.png?format=png"
        },
        "options": {
            "A": {
                "text": null,
                "img_url": "https://app-content.cdn.examgoal.net/fly/@width/image/6y3zli1lse4zm3a/a5ac03a7-0f6d-4f79-a226-f1b497f41cd0/288f8360-c702-11ee-be30-496b1c29fc5a/file-6y3zli1lse4zm3b.png?format=png"
            },
            "B": {
                "text": null,
                "img_url": "https://app-content.cdn.examgoal.net/fly/@width/image/6y3zli1lse4zilc/5ae25c3e-fcc3-479b-bfaf-eafe7c5151e7/25dbae00-c702-11ee-be30-496b1c29fc5a/file-6y3zli1lse4zild.png?format=png"
            },
            "C": {
                "text": null,
                "img_url": "https://app-content.cdn.examgoal.net/fly/@width/image/6y3zli1lse4zf6l/09d53896-9813-4713-b512-6e49d8fc44eb/233964d0-c702-11ee-be30-496b1c29fc5a/file-6y3zli1lse4zf6m.png?format=png"
            },
            "D": {
                "text": null,
                "img_url": "https://app-content.cdn.examgoal.net/fly/@width/image/6y3zli1lse4zbn9/911f5954-a828-4277-bcad-cae0bf0cf353/207dee50-c702-11ee-be30-496b1c29fc5a/file-6y3zli1lse4zbna.png?format=png"
            }
        },
        "type": "mcq",
        "correct_answer": 2.0
    },
    {
        "qid": "jaoe38c1lsd9xf75",
        "question_number": 20,
        "question_value": {
            "text": "A sample of $$\\mathrm{CaCO}_3$$ and $$\\mathrm{MgCO}_3$$ weighed $$2.21 \\mathrm{~g}$$ is ignited to constant weight of $$1.152 \\mathrm{~g}$$. The composition of mixture is :(Given molar mass in $$\\mathrm{g} \\mathrm{~mol}^{-1} \\mathrm{CaCO}_3: 100, \\mathrm{MgCO}_3: 84$$)",
            "img_url": null
        },
        "options": {
            "A": "$$1.187 \\mathrm{~g} \\mathrm{~CaCO}_3+1.187 \\mathrm{~g} \\mathrm{~MgCO}_3$$",
            "B": "$$1.187 \\mathrm{~g} \\mathrm{~CaCO}_3+1.023 \\mathrm{~g} \\mathrm{~MgCO}_3$$",
            "C": "$$1.023 \\mathrm{~g} \\mathrm{~CaCO}_3+1.187 \\mathrm{~g} \\mathrm{~MgCO}_3$$",
            "D": "$$1.023 \\mathrm{~g} \\mathrm{~CaCO}_3+1.023 \\mathrm{~g} \\mathrm{~MgCO}_3$$"
        },
        "type": "mcq",
        "correct_answer": 1.0
    },
    {
        "qid": "jaoe38c1lsd9yf4l",
        "question_number": 21,
        "question_value": {
            "text": "From the vitamins $$\\mathrm{A}, \\mathrm{B}_1, \\mathrm{~B}_6, \\mathrm{~B}_{12}, \\mathrm{C}, \\mathrm{D}, \\mathrm{E}$$ and $$\\mathrm{K}$$, the number of vitamins that can be stored in our body is _________.",
            "img_url": null
        },
        "options": {},
        "type": "numerical",
        "correct_answer": 5.0
    },
    {
        "qid": "jaoe38c1lsda0qxg",
        "question_number": 22,
        "question_value": {
            "text": "A diatomic molecule has a dipole moment of $$1.2 \\mathrm{~D}$$. If the bond distance is $$1 \\mathrm{~A}^{\\circ}$$, then fractional charge on each atom is _________ $$\\times 10^{-1}$$ esu.(Given $$1 \\mathrm{~D}=10^{-18}$$ esucm)",
            "img_url": null
        },
        "options": {},
        "type": "numerical",
        "correct_answer": 0.0
    },
    {
        "qid": "jaoe38c1lsda1na4",
        "question_number": 23,
        "question_value": {
            "text": "Number of isomeric products formed by monochlorination of 2-methylbutane in presence of sunlight is ________.",
            "img_url": null
        },
        "options": {},
        "type": "numerical",
        "correct_answer": 6.0
    },
    {
        "qid": "jaoe38c1lsda2rjf",
        "question_number": 24,
        "question_value": {
            "text": "In the reaction of potassium dichromate, potassium chloride and sulfuric acid (conc.), the oxidation state of the chromium in the product is $$(+)$$ _________.",
            "img_url": null
        },
        "options": {},
        "type": "numerical",
        "correct_answer": 6.0
    },
    {
        "qid": "jaoe38c1lsda3o5g",
        "question_number": 25,
        "question_value": {
            "text": "The values of conductivity of some materials at $298.15 \\mathrm{~K}^{-1} ~\\text{in} ~\\mathrm{Sm}^{-1}$ are $2.1 \\times 10^3$,$1.0 \\times 10^{-16}, 1.2 \\times 10,3.91,1.5 \\times 10^{-2}, 1 \\times 10^{-7}, 1.0 \\times 10^3$.The number of conductors among the materials is _____________.",
            "img_url": null
        },
        "options": {},
        "type": "numerical",
        "correct_answer": 4.0
    },
    {
        "qid": "jaoe38c1lsda4ppj",
        "question_number": 26,
        "question_value": {
            "text": "A compound $$(x)$$ with molar mass $$108 \\mathrm{~g} \\mathrm{~mol}^{-1}$$ undergoes acetylation to give product with molar mass $$192 \\mathrm{~g} \\mathrm{~mol}^{-1}$$. The number of amino groups in the compound $$(x)$$ is ___________.",
            "img_url": null
        },
        "options": {},
        "type": "numerical",
        "correct_answer": 2.0
    },
    {
        "qid": "jaoe38c1lsda6dnv",
        "question_number": 27,
        "question_value": {
            "text": "Number of moles of $$\\mathrm{H}^{+}$$ ions required by $$1 \\mathrm{~mole}$$ of  $$\\mathrm{MnO}_4^{-}$$ to oxidise oxalate ion to $$\\mathrm{CO}_2$$ is _________.",
            "img_url": null
        },
        "options": {},
        "type": "numerical",
        "correct_answer": 8.0
    },
    {
        "qid": "jaoe38c1lsdabhe3",
        "question_number": 28,
        "question_value": {
            "text": "If 5 moles of an ideal gas expands from $$10 \\mathrm{~L}$$ to a volume of $$100 \\mathrm{~L}$$ at $$300 \\mathrm{~K}$$ under isothermal and reversible condition then work, $$\\mathrm{w}$$, is $$-x \\mathrm{~J}$$. The value of $$x$$ is __________.(Given R = 8.314 J K$$^{-1}$$ mol$$^{-1}$$)",
            "img_url": null
        },
        "options": {},
        "type": "numerical",
        "correct_answer": 28721.0
    },
    {
        "qid": "jaoe38c1lsdaf22k",
        "question_number": 29,
        "question_value": {
            "text": "The molarity of $$1 \\mathrm{~L}$$ orthophosphoric acid $$\\left(\\mathrm{H}_3 \\mathrm{PO}_4\\right)$$ having $$70 \\%$$ purity by weight (specific gravity $$1.54 \\mathrm{~g} \\mathrm{~cm}^{-3}$$) is __________ $$\\mathrm{M}$$.(Molar mass of $$\\mathrm{H}_3 \\mathrm{PO}_4=98 \\mathrm{~g} \\mathrm{~mol}^{-1}$$)",
            "img_url": null
        },
        "options": {},
        "type": "numerical",
        "correct_answer": 11.0
    },
    {
        "qid": "jaoe38c1lsdagmj2",
        "question_number": 30,
        "question_value": {
            "text": "$$\\mathrm{r}=\\mathrm{k}[\\mathrm{A}]$$ for a reaction, $$50 \\%$$ of $$\\mathrm{A}$$ is decomposed in 120 minutes. The time taken for $$90 \\%$$ decomposition of $$\\mathrm{A}$$ is _________ minutes.",
            "img_url": null
        },
        "options": {},
        "type": "numerical",
        "correct_answer": 399.0
    },
    {
        "qid": "jaoe38c1lsd39r8j",
        "question_number": 31,
        "question_value": {
            "text": "The number of ways in which 21 identical apples can be distributed among three children such that each child gets at least 2 apples, is",
            "img_url": null
        },
        "options": {
            "A": "130",
            "B": "136",
            "C": "142",
            "D": "406"
        },
        "type": "mcq",
        "correct_answer": 1.0
    },
    {
        "qid": "jaoe38c1lsd3atnw",
        "question_number": 32,
        "question_value": {
            "text": "A coin is biased so that a head is twice as likely to occur as a tail. If the coin is tossed 3 times, then the probability of getting two tails and one head is",
            "img_url": null
        },
        "options": {
            "A": "$$\\frac{1}{9}$$",
            "B": "$$\\frac{2}{9}$$",
            "C": "$$\\frac{1}{27}$$",
            "D": "$$\\frac{2}{27}$$"
        },
        "type": "mcq",
        "correct_answer": 1.0
    },
    {
        "qid": "jaoe38c1lsd3h061",
        "question_number": 34,
        "question_value": {
            "text": "Let $$(\\alpha, \\beta, \\gamma)$$ be the mirror image of the point $$(2,3,5)$$ in the line $$\\frac{x-1}{2}=\\frac{y-2}{3}=\\frac{z-3}{4}$$. Then, $$2 \\alpha+3 \\beta+4 \\gamma$$ is equal to",
            "img_url": null
        },
        "options": {
            "A": "32",
            "B": "31",
            "C": "33",
            "D": "34"
        },
        "type": "mcq",
        "correct_answer": 2.0
    },
    {
        "qid": "jaoe38c1lsd4basi",
        "question_number": 35,
        "question_value": {
            "text": "If $$a=\\sin ^{-1}(\\sin (5))$$ and $$b=\\cos ^{-1}(\\cos (5))$$, then $$a^2+b^2$$ is equal to",
            "img_url": null
        },
        "options": {
            "A": "25",
            "B": "$$4 \\pi^2+25$$",
            "C": "$$8 \\pi^2-40 \\pi+50$$",
            "D": "$$4 \\pi^2-20 \\pi+50$$"
        },
        "type": "mcq",
        "correct_answer": 2.0
    },
    {
        "qid": "jaoe38c1lsd4d0vp",
        "question_number": 36,
        "question_value": {
            "text": "Let $$P$$ be a parabola with vertex $$(2,3)$$ and directrix $$2 x+y=6$$. Let an ellipse $$E: \\frac{x^2}{a^2}+\\frac{y^2}{b^2}=1, a>b$$, of eccentricity $$\\frac{1}{\\sqrt{2}}$$ pass through the focus of the parabola $$P$$. Then, the square of the length of the latus rectum of $$E$$, is",
            "img_url": null
        },
        "options": {
            "A": "$$\\frac{512}{25}$$",
            "B": "$$\\frac{656}{25}$$",
            "C": "$$\\frac{385}{8}$$",
            "D": "$$\\frac{347}{8}$$"
        },
        "type": "mcq",
        "correct_answer": 1.0
    },
    {
        "qid": "jaoe38c1lsd4e0v7",
        "question_number": 37,
        "question_value": {
            "text": "The number of solutions, of the equation $$e^{\\sin x}-2 e^{-\\sin x}=2$$, is :",
            "img_url": null
        },
        "options": {
            "A": "0",
            "B": "1",
            "C": "2",
            "D": "more than 2"
        },
        "type": "mcq",
        "correct_answer": 0.0
    },
    {
        "qid": "jaoe38c1lsd4flem",
        "question_number": 38,
        "question_value": {
            "text": "The shortest distance, between lines $$L_1$$ and $$L_2$$, where $$L_1: \\frac{x-1}{2}=\\frac{y+1}{-3}=\\frac{z+4}{2}$$ and $$L_2$$ is the line, passing through the points $$\\mathrm{A}(-4,4,3), \\mathrm{B}(-1,6,3)$$ and perpendicular to the line $$\\frac{x-3}{-2}=\\frac{y}{3}=\\frac{z-1}{1}$$, is",
            "img_url": null
        },
        "options": {
            "A": "$$\\frac{141}{\\sqrt{221}}$$",
            "B": "$$\\frac{24}{\\sqrt{117}}$$",
            "C": "$$\\frac{42}{\\sqrt{117}}$$",
            "D": "$$\\frac{121}{\\sqrt{221}}$$"
        },
        "type": "mcq",
        "correct_answer": 0.0
    },
    {
        "qid": "jaoe38c1lsd4h6fi",
        "question_number": 39,
        "question_value": {
            "text": "The area of the region enclosed by the parabolas $$y=4 x-x^2$$ and $$3 y=(x-4)^2$$ is equal to :",
            "img_url": null
        },
        "options": {
            "A": "$$\\frac{32}{9}$$",
            "B": "$$\\frac{14}{3}$$",
            "C": "4",
            "D": "6"
        },
        "type": "mcq",
        "correct_answer": 3.0
    },
    {
        "qid": "jaoe38c1lsd4i9ml",
        "question_number": 40,
        "question_value": {
            "text": "Let $$f, g:(0, \\infty) \\rightarrow \\mathbb{R}$$ be two functions defined by $$f(x)=\\int\\limits_{-x}^x\\left(|t|-t^2\\right) e^{-t^2} d t$$ and $$g(x)=\\int\\limits_0^{x^2} t^{1 / 2} e^{-t} d t$$. Then, the value of $$9\\left(f\\left(\\sqrt{\\log _e 9}\\right)+g\\left(\\sqrt{\\log _e 9}\\right)\\right)$$ is equal to :",
            "img_url": null
        },
        "options": {
            "A": "10",
            "B": "9",
            "C": "8",
            "D": "6"
        },
        "type": "mcq",
        "correct_answer": 2.0
    },
    {
        "qid": "jaoe38c1lsd4jja0",
        "question_number": 41,
        "question_value": {
            "text": "Let $$f: \\rightarrow \\mathbb{R} \\rightarrow(0, \\infty)$$ be strictly increasing function such that $$\\lim _\\limits{x \\rightarrow \\infty} \\frac{f(7 x)}{f(x)}=1$$. Then, the value of $$\\lim _\\limits{x \\rightarrow \\infty}\\left[\\frac{f(5 x)}{f(x)}-1\\right]$$ is equal to",
            "img_url": null
        },
        "options": {
            "A": "0",
            "B": "4",
            "C": "1",
            "D": "7/5"
        },
        "type": "mcq",
        "correct_answer": 0.0
    },
    {
        "qid": "jaoe38c1lsd4l5na",
        "question_number": 42,
        "question_value": {
            "text": "The temperature $$T(t)$$ of a body at time $$t=0$$ is $$160^{\\circ} \\mathrm{F}$$ and it decreases continuously as per the differential equation $$\\frac{d T}{d t}=-K(T-80)$$, where $$K$$ is a positive constant. If $$T(15)=120^{\\circ} \\mathrm{F}$$, then $$T(45)$$ is equal to",
            "img_url": null
        },
        "options": {
            "A": "90$$^\\circ$$ F",
            "B": "85$$^\\circ$$ F",
            "C": "80$$^\\circ$$ F",
            "D": "95$$^\\circ$$ F"
        },
        "type": "mcq",
        "correct_answer": 0.0
    },
    {
        "qid": "jaoe38c1lsd4mvvi",
        "question_number": 43,
        "question_value": {
            "text": "If the function $$f:(-\\infty,-1] \\rightarrow(a, b]$$ defined by $$f(x)=e^{x^3-3 x+1}$$ is one - one and onto, then the distance of the point $$P(2 b+4, a+2)$$ from the line $$x+e^{-3} y=4$$ is :",
            "img_url": null
        },
        "options": {
            "A": "$$2 \\sqrt{1+e^6}$$",
            "B": "$$\\sqrt{1+e^6}$$",
            "C": "$$3 \\sqrt{1+e^6}$$",
            "D": "$$4 \\sqrt{1+e^6}$$"
        },
        "type": "mcq",
        "correct_answer": 0.0
    },
    {
        "qid": "jaoe38c1lsd4o6jt",
        "question_number": 44,
        "question_value": {
            "text": "Let $$2^{\\text {nd }}, 8^{\\text {th }}$$ and $$44^{\\text {th }}$$ terms of a non-constant A. P. be respectively the $$1^{\\text {st }}, 2^{\\text {nd }}$$ and $$3^{\\text {rd }}$$ terms of a G. P. If the first term of the A. P. is 1, then the sum of its first 20 terms is equal to -",
            "img_url": null
        },
        "options": {
            "A": "990",
            "B": "980",
            "C": "960",
            "D": "970"
        },
        "type": "mcq",
        "correct_answer": 3.0
    },
    {
        "qid": "jaoe38c1lsd4pjmu",
        "question_number": 45,
        "question_value": {
            "text": "Let $$z_1$$ and $$z_2$$ be two complex numbers such that $$z_1+z_2=5$$ and $$z_1^3+z_2^3=20+15 i$$ Then, $$\\left|z_1^4+z_2^4\\right|$$ equals -",
            "img_url": null
        },
        "options": {
            "A": "$$15 \\sqrt{15}$$",
            "B": "$$30 \\sqrt{3}$$",
            "C": "$$25 \\sqrt{3}$$",
            "D": "75"
        },
        "type": "mcq",
        "correct_answer": 3.0
    },
    {
        "qid": "jaoe38c1lsd4qjvk",
        "question_number": 46,
        "question_value": {
            "text": "If for some $$m, n ;{ }^6 C_m+2\\left({ }^6 C_{m+1}\\right)+{ }^6 C_{m+2}>{ }^8 C_3$$ and $${ }^{n-1} P_3:{ }^n P_4=1: 8$$, then $${ }^n P_{m+1}+{ }^{\\mathrm{n}+1} C_m$$ is equal to",
            "img_url": null
        },
        "options": {
            "A": "380",
            "B": "376",
            "C": "372",
            "D": "384"
        },
        "type": "mcq",
        "correct_answer": 2.0
    },
    {
        "qid": "jaoe38c1lsd4ro0j",
        "question_number": 47,
        "question_value": {
            "text": "Consider the function $$f:(0, \\infty) \\rightarrow \\mathbb{R}$$ defined by $$f(x)=e^{-\\left|\\log _e x\\right|}$$. If $$m$$ and $$n$$ be respectively the number of points at which $$f$$ is not continuous and $$f$$ is not differentiable, then $$m+n$$ is",
            "img_url": null
        },
        "options": {
            "A": "0",
            "B": "1",
            "C": "2",
            "D": "3"
        },
        "type": "mcq",
        "correct_answer": 1.0
    },
    {
        "qid": "jaoe38c1lsd4sm2c",
        "question_number": 48,
        "question_value": {
            "text": "Let a variable line passing through the centre of the circle $$x^2+y^2-16 x-4 y=0$$, meet the positive co-ordinate axes at the points $$A$$ and $$B$$. Then the minimum value of $$O A+O B$$, where $$O$$ is the origin, is equal to",
            "img_url": null
        },
        "options": {
            "A": "12",
            "B": "20",
            "C": "24",
            "D": "18"
        },
        "type": "mcq",
        "correct_answer": 3.0
    },
    {
        "qid": "jaoe38c1lsd4u0pr",
        "question_number": 49,
        "question_value": {
            "text": "Let $$A(a, b), B(3,4)$$ and $$C(-6,-8)$$ respectively denote the centroid, circumcentre and orthocentre of a triangle. Then, the distance of the point $$P(2 a+3,7 b+5)$$ from the line $$2 x+3 y-4=0$$ measured parallel to the line $$x-2 y-1=0$$ is",
            "img_url": null
        },
        "options": {
            "A": "$$\\frac{17 \\sqrt{5}}{6}$$",
            "B": "$$\\frac{15 \\sqrt{5}}{7}$$",
            "C": "$$\\frac{17 \\sqrt{5}}{7}$$",
            "D": "$$\\frac{\\sqrt{5}}{17}$$"
        },
        "type": "mcq",
        "correct_answer": 2.0
    },
    {
        "qid": "jaoe38c1lsd4v4of",
        "question_number": 50,
        "question_value": {
            "text": "Let the mean and the variance of 6 observations $$a, b, 68,44,48,60$$ be $$55$$ and $$194$$, respectively. If $$a>b$$, then $$a+3 b$$ is",
            "img_url": null
        },
        "options": {
            "A": "180",
            "B": "210",
            "C": "190",
            "D": "200"
        },
        "type": "mcq",
        "correct_answer": 0.0
    },
    {
        "qid": "jaoe38c1lsd4wwd2",
        "question_number": 51,
        "question_value": {
            "text": "Let $$\\vec{a}=3 \\hat{i}+2 \\hat{j}+\\hat{k}, \\vec{b}=2 \\hat{i}-\\hat{j}+3 \\hat{k}$$ and $$\\vec{c}$$ be a vector such that $$(\\vec{a}+\\vec{b}) \\times \\vec{c}=2(\\vec{a} \\times \\vec{b})+24 \\hat{j}-6 \\hat{k}$$ and $$(\\vec{a}-\\vec{b}+\\hat{i}) \\cdot \\vec{c}=-3$$. Then $$|\\vec{c}|^2$$ is equal to ________.",
            "img_url": null
        },
        "options": {},
        "type": "numerical",
        "correct_answer": 38.0
    },
    {
        "qid": "jaoe38c1lsd4ywg3",
        "question_number": 53,
        "question_value": {
            "text": "$$\\left|\\frac{120}{\\pi^3} \\int_\\limits0^\\pi \\frac{x^2 \\sin x \\cos x}{\\sin ^4 x+\\cos ^4 x} d x\\right| \\text { is equal to }$$ ________.",
            "img_url": null
        },
        "options": {},
        "type": "numerical",
        "correct_answer": 15.0
    },
    {
        "qid": "jaoe38c1lsd505jf",
        "question_number": 54,
        "question_value": {
            "text": "Let $$A(-2,-1), B(1,0), C(\\alpha, \\beta)$$ and $$D(\\gamma, \\delta)$$ be the vertices of a parallelogram $$A B C D$$. If the point $$C$$ lies on $$2 x-y=5$$ and the point $$D$$ lies on $$3 x-2 y=6$$, then the value of $$|\\alpha+\\beta+\\gamma+\\delta|$$ is equal to ___________.",
            "img_url": null
        },
        "options": {},
        "type": "numerical",
        "correct_answer": 32.0
    },
    {
        "qid": "jaoe38c1lsd52291",
        "question_number": 55,
        "question_value": {
            "text": "Let $$a, b, c$$ be the lengths of three sides of a triangle satistying the condition $$\\left(a^2+b^2\\right) x^2-2 b(a+c) x+\\left(b^2+c^2\\right)=0$$. If the set of all possible values of $$x$$ is the interval $$(\\alpha, \\beta)$$, then $$12\\left(\\alpha^2+\\beta^2\\right)$$ is equal to __________.",
            "img_url": null
        },
        "options": {},
        "type": "numerical",
        "correct_answer": 36.0
    },
    {
        "qid": "jaoe38c1lsd53rxf",
        "question_number": 56,
        "question_value": {
            "text": "If $$\\lim _\\limits{x \\rightarrow 0} \\frac{a x^2 e^x-b \\log _e(1+x)+c x e^{-x}}{x^2 \\sin x}=1$$, then $$16\\left(a^2+b^2+c^2\\right)$$ is equal to ________.",
            "img_url": null
        },
        "options": {},
        "type": "numerical",
        "correct_answer": 81.0
    },
    {
        "qid": "jaoe38c1lsd55mch",
        "question_number": 57,
        "question_value": {
            "text": "Let $$A=\\{1,2,3, \\ldots \\ldots \\ldots \\ldots, 100\\}$$. Let $$R$$ be a relation on $$\\mathrm{A}$$ defined by $$(x, y) \\in R$$ if and only if $$2 x=3 y$$. Let $$R_1$$ be a symmetric relation on $$A$$ such that $$R \\subset R_1$$ and the number of elements in $$R_1$$ is $$\\mathrm{n}$$. Then, the minimum value of $$\\mathrm{n}$$ is _________.",
            "img_url": null
        },
        "options": {},
        "type": "numerical",
        "correct_answer": 66.0
    },
    {
        "qid": "jaoe38c1lsd577xu",
        "question_number": 58,
        "question_value": {
            "text": "Let the coefficient of $$x^r$$ in the expansion of $$(x+3)^{n-1}+(x+3)^{n-2}(x+2)+(x+3)^{n-3}(x+2)^2+\\ldots \\ldots \\ldots .+(x+2)^{n-1}$$ be $$\\alpha_r$$. If $$\\sum_\\limits{r=0}^n \\alpha_r=\\beta^n-\\gamma^n, \\beta, \\gamma \\in \\mathbb{N}$$, then the value of $$\\beta^2+\\gamma^2$$ equals _________.",
            "img_url": null
        },
        "options": {},
        "type": "numerical",
        "correct_answer": 25.0
    },
    {
        "qid": "jaoe38c1lsd58dpi",
        "question_number": 59,
        "question_value": {
            "text": "Let A be a $$3 \\times 3$$ matrix and $$\\operatorname{det}(A)=2$$. If $$n=\\operatorname{det}(\\underbrace{\\operatorname{adj}(\\operatorname{adj}(\\ldots . .(\\operatorname{adj} A))}_{2024-\\text { times }}))$$, then the remainder when $$n$$ is divided by 9 is equal to __________.",
            "img_url": null
        },
        "options": {},
        "type": "numerical",
        "correct_answer": 7.0
    },
    {
        "qid": "jaoe38c1lsd5a4ux",
        "question_number": 60,
        "question_value": {
            "text": "A line passes through $$A(4,-6,-2)$$ and $$B(16,-2,4)$$. The point $$P(a, b, c)$$, where $$a, b, c$$ are non-negative integers, on the line $$A B$$ lies at a distance of 21 units, from the point $$A$$. The distance between the points $$P(a, b, c)$$ and $$Q(4,-12,3)$$ is equal to __________.",
            "img_url": null
        },
        "options": {},
        "type": "numerical",
        "correct_answer": 22.0
    },
    {
        "qid": "jaoe38c1lsd5ibjj",
        "question_number": 62,
        "question_value": {
            "text": "Consider two physical quantities $$A$$ and $$B$$ related to each other as $$E=\\frac{B-x^2}{A t}$$ where $$E, x$$ and $$t$$ have dimensions of energy, length and time respectively. The dimension of $$A B$$ is",
            "img_url": null
        },
        "options": {
            "A": "$$L^{-2} M^1 T^0$$",
            "B": "$$L^2 M^{-1} T^1$$",
            "C": "$$L^0 M^{-1} T^1$$",
            "D": "$$L^{-2} M^{-1} T^1$$"
        },
        "type": "mcq",
        "correct_answer": 1.0
    },
    {
        "qid": "jaoe38c1lsd5j857",
        "question_number": 63,
        "question_value": {
            "text": "In a photoelectric effect experiment a light of frequency 1.5 times the threshold frequency is made to fall on the surface of photosensitive material. Now if the frequency is halved and intensity is doubled, the number of photo electrons emitted will be:",
            "img_url": null
        },
        "options": {
            "A": "doubled",
            "B": "halved",
            "C": "Zero",
            "D": "quadrupled"
        },
        "type": "mcq",
        "correct_answer": 2.0
    },
    {
        "qid": "jaoe38c1lsd5kg87",
        "question_number": 64,
        "question_value": {
            "text": "The mass number of nucleus having radius equal to half of the radius of nucleus with mass number 192 is :",
            "img_url": null
        },
        "options": {
            "A": "32",
            "B": "24",
            "C": "20",
            "D": "40"
        },
        "type": "mcq",
        "correct_answer": 1.0
    },
    {
        "qid": "jaoe38c1lsd5orfk",
        "question_number": 65,
        "question_value": {
            "text": "A uniform magnetic field of $$2 \\times 10^{-3} \\mathrm{~T}$$ acts along positive $$Y$$-direction. A rectangular loop of sides $$20 \\mathrm{~cm}$$ and $$10 \\mathrm{~cm}$$ with current of $$5 \\mathrm{~A}$$ is in $$Y-Z$$ plane. The current is in anticlockwise sense with reference to negative $$X$$ axis. Magnitude and direction of the torque is:",
            "img_url": null
        },
        "options": {
            "A": "$$2 \\times 10^{-4} \\mathrm{~N}$$- $$\\mathrm{m}$$ along negative $$Z$$-direction",
            "B": "$$2 \\times 10^{-4} \\mathrm{~N}$$ - $$\\mathrm{m}$$ along positive $$X$$-direction",
            "C": "$$2 \\times 10^{-4} \\mathrm{~N}$$ - $$\\mathrm{m}$$ along positive $$Y$$-direction",
            "D": "$$2 \\times 10^{-4} \\mathrm{~N}$$ - $$\\mathrm{m}$$ along positive $$Z$$-direction"
        },
        "type": "mcq",
        "correct_answer": 0.0
    },
    {
        "qid": "jaoe38c1lsd5rads",
        "question_number": 66,
        "question_value": {
            "text": "A block of mass $$5 \\mathrm{~kg}$$ is placed on a rough inclined surface as shown in the figure. If $$\\overrightarrow{F_1}$$ is the force required to just move the block up the inclined plane and $$\\overrightarrow{F_2}$$ is the force required to just prevent the block from sliding down, then the value of $$\\left|\\overrightarrow{F_1}\\right|-\\left|\\overrightarrow{F_2}\\right|$$ is : [Use $$\\left.\\mathrm{g}=10 \\mathrm{~m} / \\mathrm{s}^2\\right]$$",
            "img_url": "https://app-content.cdn.examgoal.net/fly/@width/image/6y3zli1lsdw3lxp/c0d83cb9-329a-40f5-8aae-a8eed4326b04/6583b0c0-c6df-11ee-922e-e5cc8adab620/file-6y3zli1lsdw3lxq.png?format=png"
        },
        "options": {
            "A": "$$5 \\sqrt{3} N$$",
            "B": "$$\\frac{5 \\sqrt{3}}{2} N$$",
            "C": "$$10 \\mathrm{~N}$$",
            "D": "$$25 \\sqrt{3} N$$"
        },
        "type": "mcq",
        "correct_answer": 0.0
    },
    {
        "qid": "jaoe38c1lsd5t0u4",
        "question_number": 67,
        "question_value": {
            "text": "If two vectors $$\\vec{A}$$ and $$\\vec{B}$$ having equal magnitude $$R$$ are inclined at angle $$\\theta$$, then",
            "img_url": null
        },
        "options": {
            "A": "$$|\\vec{A}+\\vec{B}|=2 R \\cos \\left(\\frac{\\theta}{2}\\right)$$",
            "B": "$$|\\vec{A}-\\vec{B}|=2 R \\cos \\left(\\frac{\\theta}{2}\\right)$$",
            "C": "$$|\\vec{A}-\\vec{B}|=\\sqrt{2} R \\sin \\left(\\frac{\\theta}{2}\\right)$$",
            "D": "$$|\\vec{A}+\\vec{B}|=2 R \\sin \\left(\\frac{\\theta}{2}\\right)$$"
        },
        "type": "mcq",
        "correct_answer": 0.0
    },
    {
        "qid": "jaoe38c1lsd5tt5u",
        "question_number": 68,
        "question_value": {
            "text": "By what percentage will the illumination of the lamp decrease if the current drops by 20%?",
            "img_url": null
        },
        "options": {
            "A": "26%",
            "B": "36%",
            "C": "46%",
            "D": "56%"
        },
        "type": "mcq",
        "correct_answer": 1.0
    },
    {
        "qid": "jaoe38c1lsd5uul8",
        "question_number": 69,
        "question_value": {
            "text": "The speed of sound in oxygen at S.T.P. will be approximately: (given, $$R=8.3 \\mathrm{~JK}^{-1}, \\gamma=1.4$$)",
            "img_url": null
        },
        "options": {
            "A": "341 m/s",
            "B": "333 m/s",
            "C": "325 m/s",
            "D": "315 m/s"
        },
        "type": "mcq",
        "correct_answer": 3.0
    },
    {
        "qid": "jaoe38c1lsd5y0lv",
        "question_number": 70,
        "question_value": {
            "text": "A light string passing over a smooth light fixed pulley connects two blocks of masses $$m_1$$ and $$m_2$$. If the acceleration of the system is $$g / 8$$, then the ratio of masses is:",
            "img_url": "https://app-content.cdn.examgoal.net/fly/@width/image/6y3zli1lsdw5gzh/c538fef0-b8dd-45cc-9f8f-7fd5f215b971/994f1ed0-c6df-11ee-878f-6db133fe392f/file-6y3zli1lsdw5gzi.png?format=png"
        },
        "options": {
            "A": "$$\\frac{8}{1}$$",
            "B": "$$\\frac{9}{7}$$",
            "C": "$$\\frac{5}{3}$$",
            "D": "$$\\frac{4}{3}$$"
        },
        "type": "mcq",
        "correct_answer": 1.0
    },
    {
        "qid": "jaoe38c1lsd66tqi",
        "question_number": 71,
        "question_value": {
            "text": "A gas mixture consists of 8 moles of argon and 6 moles of oxygen at temperature T. Neglecting all vibrational modes, the total internal energy of the system is:",
            "img_url": null
        },
        "options": {
            "A": "29 RT",
            "B": "27 RT",
            "C": "20 RT",
            "D": "21 RT"
        },
        "type": "mcq",
        "correct_answer": 1.0
    },
    {
        "qid": "jaoe38c1lsd68gpq",
        "question_number": 72,
        "question_value": {
            "text": "A small spherical ball of radius $$r$$, falling through a viscous medium of negligible density has terminal velocity '$$v$$'. Another ball of the same mass but of radius $$2 r$$, falling through the same viscous medium will have terminal velocity:",
            "img_url": null
        },
        "options": {
            "A": "$$4 \\mathrm{v}$$",
            "B": "$$2 \\mathrm{~V}$$",
            "C": "$$\\frac{v}{4}$$",
            "D": "$$\\frac{\\mathrm{v}}{2}$$"
        },
        "type": "mcq",
        "correct_answer": 3.0
    },
    {
        "qid": "jaoe38c1lsd69lms",
        "question_number": 73,
        "question_value": {
            "text": "The measured value of the length of a simple pendulum is $$20 \\mathrm{~cm}$$ with $$2 \\mathrm{~mm}$$ accuracy. The time for 50 oscillations was measured to be 40 seconds with 1 second resolution. From these measurements, the accuracy in the measurement of acceleration due to gravity is $$\\mathrm{N} \\%$$. The value of $$\\mathrm{N}$$ is:",
            "img_url": null
        },
        "options": {
            "A": "6",
            "B": "5",
            "C": "4",
            "D": "8"
        },
        "type": "mcq",
        "correct_answer": 0.0
    },
    {
        "qid": "jaoe38c1lsd79z39",
        "question_number": 74,
        "question_value": {
            "text": "When unpolarized light is incident at an angle of $$60^{\\circ}$$ on a transparent medium from air, the reflected ray is completely polarized. The angle of refraction in the medium is:",
            "img_url": null
        },
        "options": {
            "A": "$$60^{\\circ}$$",
            "B": "$$90^{\\circ}$$",
            "C": "$$30^{\\circ}$$",
            "D": "$$45^{\\circ}$$"
        },
        "type": "mcq",
        "correct_answer": 2.0
    },
    {
        "qid": "jaoe38c1lsd7iy3r",
        "question_number": 75,
        "question_value": {
            "text": "The resistance per centimeter of a meter bridge wire is $$r$$, with $$X \\Omega$$ resistance in left gap. Balancing length from left end is at $$40 \\mathrm{~cm}$$ with $$25 \\Omega$$ resistance in right gap. Now the wire is replaced by another wire of $$2 r$$ resistance per centimeter. The new balancing length for same settings will be at",
            "img_url": null
        },
        "options": {
            "A": "10 cm",
            "B": "80 cm",
            "C": "40 cm",
            "D": "20 cm"
        },
        "type": "mcq",
        "correct_answer": 2.0
    },
    {
        "qid": "jaoe38c1lsd7l922",
        "question_number": 76,
        "question_value": {
            "text": "Force between two point charges $$q_1$$ and $$q_2$$ placed in vacuum at '$$r$$' cm apart is $$F$$. Force between them when placed in a medium having dielectric constant $$K=5$$ at '$$r / 5$$' $$\\mathrm{cm}$$ apart will be:",
            "img_url": null
        },
        "options": {
            "A": "$$5 F$$",
            "B": "$$25 F$$",
            "C": "$$F / 5$$",
            "D": "$$F / 25$$"
        },
        "type": "mcq",
        "correct_answer": 0.0
    },
    {
        "qid": "jaoe38c1lsd7mk0c",
        "question_number": 77,
        "question_value": {
            "text": "A body of mass $$2 \\mathrm{~kg}$$ begins to move under the action of a time dependent force given by $$\\vec{F}=\\left(6 t \\hat{i}+6 t^2 \\hat{j}\\right) N$$. The power developed by the force at the time $$t$$ is given by:",
            "img_url": null
        },
        "options": {
            "A": "$$\\left(3 t^3+6 t^5\\right) W$$",
            "B": "$$\\left(9 t^5+6 t^3\\right) W$$",
            "C": "$$\\left(6 t^4+9 t^5\\right) W$$",
            "D": "$$\\left(9 t^3+6 t^5\\right) W$$"
        },
        "type": "mcq",
        "correct_answer": 3.0
    },
    {
        "qid": "jaoe38c1lsd7vbge",
        "question_number": 78,
        "question_value": {
            "text": "An AC voltage $$V=20 \\sin 200 \\pi t$$ is applied to a series LCR circuit which drives a current $$I=10 \\sin \\left(200 \\pi t+\\frac{\\pi}{3}\\right)$$. The average power dissipated is:",
            "img_url": null
        },
        "options": {
            "A": "21.6 W",
            "B": "200 W",
            "C": "173.2 W",
            "D": "50 W"
        },
        "type": "mcq",
        "correct_answer": 3.0
    },
    {
        "qid": "jaoe38c1lsd83bit",
        "question_number": 79,
        "question_value": {
            "text": "The mass of the moon is $$\\frac{1}{144}$$ times the mass of a planet and its diameter is $$\\frac{1}{16}$$ times the diameter of a planet. If the escape velocity on the planet is $$v$$, the escape velocity on the moon will be :",
            "img_url": null
        },
        "options": {
            "A": "$$\\frac{\\mathrm{v}}{4}$$",
            "B": "$$\\frac{\\mathrm{v}}{6}$$",
            "C": "$$\\frac{\\mathrm{V}}{12}$$",
            "D": "$$\\frac{\\mathrm{v}}{3}$$"
        },
        "type": "mcq",
        "correct_answer": 3.0
    },
    {
        "qid": "jaoe38c1lsd84k4m",
        "question_number": 80,
        "question_value": {
            "text": "The output of the given circuit diagram is -",
            "img_url": "https://app-content.cdn.examgoal.net/fly/@width/image/6y3zli1lsdw7izc/50ff117e-8806-4688-b674-74496297b400/d2782580-c6df-11ee-878f-6db133fe392f/file-6y3zli1lsdw7izd.png?format=png"
        },
        "options": {
            "A": {
                "text": null,
                "img_url": "https://app-content.cdn.examgoal.net/fly/@width/image/6y3zli1lsdwa2rq/6766ce84-2dde-488d-90ea-7042a8178070/195fb260-c6e0-11ee-878f-6db133fe392f/file-6y3zli1lsdwa2rr.png?format=png"
            },
            "B": {
                "text": null,
                "img_url": "https://app-content.cdn.examgoal.net/fly/@width/image/6y3zli1lsdw9xkf/d53c9d9e-f92f-4298-af16-56195e715f68/155acbf0-c6e0-11ee-878f-6db133fe392f/file-6y3zli1lsdw9xkg.png?format=png"
            },
            "C": {
                "text": null,
                "img_url": "https://app-content.cdn.examgoal.net/fly/@width/image/6y3zli1lsdw9sme/1c637ebd-7227-4dfc-8aee-f46f25627e81/1188dc60-c6e0-11ee-878f-6db133fe392f/file-6y3zli1lsdw9smf.png?format=png"
            },
            "D": {
                "text": null,
                "img_url": "https://app-content.cdn.examgoal.net/fly/@width/image/6y3zli1lsdw9ndt/8dd674fb-c0f9-44a6-903d-5868033203fe/0d7cf110-c6e0-11ee-878f-6db133fe392f/file-6y3zli1lsdw9ndu.png?format=png"
            }
        },
        "type": "mcq",
        "correct_answer": 3.0
    },
    {
        "qid": "jaoe38c1lsd8b0eu",
        "question_number": 81,
        "question_value": {
            "text": "Two blocks of mass $$2 \\mathrm{~kg}$$ and $$4 \\mathrm{~kg}$$ are connected by a metal wire going over a smooth pulley as shown in figure. The radius of wire is $$4.0 \\times 10^{-5} \\mathrm{~m}$$ and Young's modulus of the metal is $$2.0 \\times 10^{11} \\mathrm{~N} / \\mathrm{m}^2$$. The longitudinal strain developed in the wire is $$\\frac{1}{\\alpha \\pi}$$. The value of $$\\alpha$$ is _________. [Use $$g=10 \\mathrm{~m} / \\mathrm{s}^2$$]",
            "img_url": "https://app-content.cdn.examgoal.net/fly/@width/image/6y3zli1lse40sdc/2fe15d5d-ac5f-40b9-b061-41618f5f8f25/60175a00-c6fe-11ee-b603-251a577ccc7b/file-6y3zli1lse40sdd.png?format=png"
        },
        "options": {},
        "type": "numerical",
        "correct_answer": 12.0
    },
    {
        "qid": "jaoe38c1lsd8digo",
        "question_number": 82,
        "question_value": {
            "text": "A body of mass '$$m$$' is projected with a speed '$$u$$' making an angle of $$45^{\\circ}$$ with the ground. The angular momentum of the body about the point of projection, at the highest point is expressed as $$\\frac{\\sqrt{2} m u^3}{X g}$$. The value of '$$X$$' is _________.",
            "img_url": null
        },
        "options": {},
        "type": "numerical",
        "correct_answer": 8.0
    },
    {
        "qid": "jaoe38c1lsd8fgeo",
        "question_number": 83,
        "question_value": {
            "text": "In the following circuit, the battery has an emf of $$2 \\mathrm{~V}$$ and an internal resistance of $$\\frac{2}{3} \\Omega$$. The power consumption in the entire circuit is _________ W.",
            "img_url": "https://app-content.cdn.examgoal.net/fly/@width/image/6y3zli1lse4q8ua/b909ce00-d11a-40e9-8733-53a2f38db39a/240b0220-c701-11ee-be30-496b1c29fc5a/file-6y3zli1lse4q8ub.png?format=png"
        },
        "options": {},
        "type": "numerical",
        "correct_answer": 3.0
    },
    {
        "qid": "jaoe38c1lsd8hit8",
        "question_number": 84,
        "question_value": {
            "text": "Two circular coils $$P$$ and $$Q$$ of 100 turns each have same radius of $$\\pi \\mathrm{~cm}$$. The currents in $$P$$ and $$R$$ are $$1 A$$ and $$2 A$$ respectively. $$P$$ and $$Q$$ are placed with their planes mutually perpendicular with their centers coincide. The resultant magnetic field induction at the center of the coils is $$\\sqrt{x} ~m T$$, where $$x=$$ __________.[Use $$\\mu_0=4 \\pi \\times 10^{-7} \\mathrm{~TmA}^{-1}$$]",
            "img_url": null
        },
        "options": {},
        "type": "numerical",
        "correct_answer": 20.0
    },
    {
        "qid": "jaoe38c1lsd8itby",
        "question_number": 85,
        "question_value": {
            "text": "Two identical spheres each of mass $$2 \\mathrm{~kg}$$ and radius $$50 \\mathrm{~cm}$$ are fixed at the ends of a light rod so that the separation between the centers is $$150 \\mathrm{~cm}$$. Then, moment of inertia of the system about an axis perpendicular to the rod and passing through its middle point is $$\\frac{x}{20} \\mathrm{~kg} \\mathrm{m^{2 }}$$, where the value of $$x$$ is ___________.",
            "img_url": null
        },
        "options": {},
        "type": "numerical",
        "correct_answer": 53.0
    },
    {
        "qid": "jaoe38c1lsd8jsi1",
        "question_number": 86,
        "question_value": {
            "text": "Light from a point source in air falls on a convex curved surface of radius $$20 \\mathrm{~cm}$$ and refractive index 1.5. If the source is located at $$100 \\mathrm{~cm}$$ from the convex surface, the image will be formed at ________ $$\\mathrm{cm}$$ from the object.",
            "img_url": null
        },
        "options": {},
        "type": "numerical",
        "correct_answer": 200.0
    },
    {
        "qid": "jaoe38c1lsd8l07l",
        "question_number": 87,
        "question_value": {
            "text": "A nucleus has mass number $$A_1$$ and volume $$V_1$$. Another nucleus has mass number $$A_2$$ and Volume $$V_2$$. If relation between mass number is $$A_2=4 A_1$$, then $$\\frac{V_2}{V_1}=$$ __________.",
            "img_url": null
        },
        "options": {},
        "type": "numerical",
        "correct_answer": 4.0
    },
    {
        "qid": "jaoe38c1lsd8n1d4",
        "question_number": 88,
        "question_value": {
            "text": "The distance between charges $$+q$$ and $$-q$$ is $$2 l$$ and between $$+2 q$$ and $$-2 q$$ is $$4 l$$. The electrostatic potential at point $$P$$ at a distance $$r$$ from center $$O$$ is $$-\\alpha\\left[\\frac{q l}{r^2}\\right] \\times 10^9 \\mathrm{~V}$$, where the value of $$\\alpha$$ is __________. (Use $$\\frac{1}{4 \\pi \\varepsilon_0}=9 \\times 10^9 \\mathrm{~Nm}^2 \\mathrm{C}^{-2}$$)",
            "img_url": "https://app-content.cdn.examgoal.net/fly/@width/image/6y3zli1lse44c11/9121374c-5074-4e05-bc20-0b951d120460/c2b44150-c6fe-11ee-be30-496b1c29fc5a/file-6y3zli1lse44c12.png?format=png"
        },
        "options": {},
        "type": "numerical",
        "correct_answer": 27.0
    },
    {
        "qid": "jaoe38c1lsd8o0gk",
        "question_number": 89,
        "question_value": {
            "text": "The magnetic flux $$\\phi$$ (in weber) linked with a closed circuit of resistance $$8 \\Omega$$ varies with time (in seconds) as $$\\phi=5 t^2-36 t+1$$. The induced current in the circuit at $$t=2 \\mathrm{~s}$$ is __________ A.",
            "img_url": null
        },
        "options": {},
        "type": "numerical",
        "correct_answer": 2.0
    },
    {
        "qid": "jaoe38c1lsd8owqi",
        "question_number": 90,
        "question_value": {
            "text": "The time period of simple harmonic motion of mass $$M$$ in the given figure is $$\\pi \\sqrt{\\frac{\\alpha M}{5 k}}$$, where the value of $$\\alpha$$ is _________.",
            "img_url": "https://app-content.cdn.examgoal.net/fly/@width/image/6y3zli1lse463ew/35ebf398-2228-45bc-a1ab-b25505bfc205/f3aae480-c6fe-11ee-be30-496b1c29fc5a/file-6y3zli1lse463ex.png?format=png"
        },
        "options": {},
        "type": "numerical",
        "correct_answer": 12.0
    }
]